weather_id,date,hour,temperature_c,precipitation_mm,wind_kmh,visibility_m,cloud_cover,condition
WTH_00000000,2025-01-01,0,3.6,0.0,11.0,11875.0,0.61,cloudy
WTH_00000001,2025-01-01,1,3.8,0.0,8.2,11526.0,0.18,clear
WTH_00000002,2025-01-01,2,9.0,0.0,16.1,11487.0,0.16,clear
WTH_00000003,2025-01-01,3,2.2,0.0,16.0,11630.0,0.37,clear
WTH_00000004,2025-01-01,4,8.4,0.0,0.5,10618.0,0.23,clear
WTH_00000005,2025-01-01,5,4.4,0.0,5.6,10164.0,0.17,clear
WTH_00000006,2025-01-01,6,5.3,0.0,27.5,9799.0,0.19,clear
WTH_00000007,2025-01-01,7,6.6,0.0,12.3,7406.0,0.27,clear
WTH_00000008,2025-01-01,8,5.7,0.0,4.3,9285.0,0.25,clear
WTH_00000009,2025-01-01,9,3.1,0.0,18.2,11901.0,0.33,clear
WTH_00000010,2025-01-01,10,3.0,0.0,11.2,6311.0,0.14,clear
WTH_00000011,2025-01-01,11,-1.6,0.0,5.0,10744.0,0.09,clear
WTH_00000012,2025-01-01,12,0.5,3.41,32.1,1100.0,0.9,snow
WTH_00000013,2025-01-01,13,0.3,0.0,4.4,6995.0,0.21,clear
WTH_00000014,2025-01-01,14,1.2,0.0,5.9,11084.0,0.09,clear
WTH_00000015,2025-01-01,15,-2.2,0.0,2.9,9863.0,0.2,clear
WTH_00000016,2025-01-01,16,2.6,0.0,4.3,10965.0,0.18,clear
WTH_00000017,2025-01-01,17,-3.3,0.0,21.9,9626.0,0.57,clear
WTH_00000018,2025-01-01,18,0.6,0.0,12.0,10287.0,0.09,clear
WTH_00000019,2025-01-01,19,-0.4,0.0,7.5,8707.0,0.49,clear
WTH_00000020,2025-01-01,20,2.0,0.0,25.6,8893.0,0.44,clear
WTH_00000021,2025-01-01,21,2.3,0.0,13.4,9823.0,0.46,clear
WTH_00000022,2025-01-01,22,3.7,0.0,16.3,10093.0,0.11,clear
WTH_00000023,2025-01-01,23,3.8,1.78,0.3,2746.0,0.9,rain
WTH_00000024,2025-01-02,0,6.2,0.0,12.4,6174.0,0.31,clear
WTH_00000025,2025-01-02,1,10.9,0.0,10.4,10857.0,0.47,clear
WTH_00000026,2025-01-02,2,7.8,0.0,8.1,11178.0,0.31,clear
WTH_00000027,2025-01-02,3,5.9,0.0,30.8,8074.0,0.04,clear
WTH_00000028,2025-01-02,4,2.3,0.0,12.4,6268.0,0.26,clear
WTH_00000029,2025-01-02,5,6.9,0.0,10.2,6211.0,0.24,clear
WTH_00000030,2025-01-02,6,2.8,6.39,8.5,2448.0,1.0,rain
WTH_00000031,2025-01-02,7,3.9,0.0,20.4,7016.0,0.6,cloudy
WTH_00000032,2025-01-02,8,0.1,0.0,13.7,9181.0,0.49,clear
WTH_00000033,2025-01-02,9,4.3,0.0,7.6,9873.0,0.56,clear
WTH_00000034,2025-01-02,10,0.2,0.0,2.5,8349.0,0.24,clear
WTH_00000035,2025-01-02,11,-1.7,0.0,5.8,11522.0,0.33,clear
WTH_00000036,2025-01-02,12,-0.1,0.0,15.1,8454.0,0.59,clear
WTH_00000037,2025-01-02,13,-1.4,0.0,19.7,9625.0,0.31,clear
WTH_00000038,2025-01-02,14,-2.9,0.0,24.9,10693.0,0.15,clear
WTH_00000039,2025-01-02,15,-2.6,0.0,30.0,7933.0,0.28,clear
WTH_00000040,2025-01-02,16,-2.1,0.0,10.6,8302.0,0.21,clear
WTH_00000041,2025-01-02,17,0.2,0.0,16.5,10475.0,0.39,clear
WTH_00000042,2025-01-02,18,-0.9,26.82,8.5,2666.0,0.64,snow
WTH_00000043,2025-01-02,19,2.8,0.0,11.9,9887.0,0.12,clear
WTH_00000044,2025-01-02,20,1.0,0.0,10.5,6705.0,0.39,clear
WTH_00000045,2025-01-02,21,2.8,0.0,17.9,8527.0,0.07,clear
WTH_00000046,2025-01-02,22,5.3,0.0,9.5,6831.0,0.24,clear
WTH_00000047,2025-01-02,23,4.3,0.0,13.0,7504.0,0.31,clear
WTH_00000048,2025-01-03,0,7.9,0.0,19.2,11007.0,0.8,cloudy
WTH_00000049,2025-01-03,1,5.4,0.0,9.9,8518.0,0.45,clear
WTH_00000050,2025-01-03,2,4.5,0.0,0.5,8864.0,0.51,clear
WTH_00000051,2025-01-03,3,4.3,0.0,9.1,7133.0,0.38,clear
WTH_00000052,2025-01-03,4,5.0,0.0,22.6,10136.0,0.6,clear
WTH_00000053,2025-01-03,5,4.5,8.43,23.1,3582.0,0.64,rain
WTH_00000054,2025-01-03,6,4.1,0.0,12.2,8124.0,0.18,clear
WTH_00000055,2025-01-03,7,7.1,0.0,11.9,8609.0,0.71,cloudy
WTH_00000056,2025-01-03,8,6.4,3.13,17.2,1954.0,0.92,rain
WTH_00000057,2025-01-03,9,0.6,0.0,6.9,6872.0,0.15,clear
WTH_00000058,2025-01-03,10,-1.1,0.0,11.1,7452.0,0.41,clear
WTH_00000059,2025-01-03,11,-1.6,0.0,3.7,7244.0,0.38,clear
WTH_00000060,2025-01-03,12,-0.0,0.0,3.7,7845.0,0.2,clear
WTH_00000061,2025-01-03,13,-2.8,0.0,6.3,8900.0,0.24,clear
WTH_00000062,2025-01-03,14,-2.7,0.0,8.9,6225.0,0.31,clear
WTH_00000063,2025-01-03,15,1.2,0.0,3.1,11882.0,0.61,cloudy
WTH_00000064,2025-01-03,16,-1.4,0.0,23.2,6739.0,0.33,clear
WTH_00000065,2025-01-03,17,-4.3,0.0,15.1,6653.0,0.22,clear
WTH_00000066,2025-01-03,18,3.9,0.0,5.7,8992.0,0.38,clear
WTH_00000067,2025-01-03,19,-1.2,0.0,8.0,10423.0,0.24,clear
WTH_00000068,2025-01-03,20,4.5,0.0,9.4,8509.0,0.26,clear
WTH_00000069,2025-01-03,21,4.1,0.0,13.7,10107.0,0.16,clear
WTH_00000070,2025-01-03,22,7.7,7.13,7.6,2130.0,0.64,rain
WTH_00000071,2025-01-03,23,1.8,0.0,10.2,11565.0,0.53,clear
WTH_00000072,2025-01-04,0,6.5,0.0,20.7,7654.0,0.04,clear
WTH_00000073,2025-01-04,1,7.6,0.0,17.1,8222.0,0.08,clear
WTH_00000074,2025-01-04,2,8.2,0.0,20.4,8582.0,0.64,cloudy
WTH_00000075,2025-01-04,3,5.3,0.0,20.9,10531.0,0.53,clear
WTH_00000076,2025-01-04,4,9.1,0.0,4.1,8422.0,0.32,clear
WTH_00000077,2025-01-04,5,2.8,0.0,5.3,6341.0,0.24,clear
WTH_00000078,2025-01-04,6,7.4,0.0,4.4,10913.0,0.37,clear
WTH_00000079,2025-01-04,7,0.4,0.0,7.5,8841.0,0.38,clear
WTH_00000080,2025-01-04,8,3.7,0.0,6.3,7765.0,0.43,clear
WTH_00000081,2025-01-04,9,1.3,0.0,4.9,11985.0,0.3,clear
WTH_00000082,2025-01-04,10,0.3,0.0,10.9,6472.0,0.22,clear
WTH_00000083,2025-01-04,11,4.3,0.0,6.6,657.0,0.39,fog
WTH_00000084,2025-01-04,12,1.4,0.0,10.0,8726.0,0.12,clear
WTH_00000085,2025-01-04,13,-3.3,0.0,11.5,8495.0,0.46,clear
WTH_00000086,2025-01-04,14,-0.5,0.0,17.6,6162.0,0.12,clear
WTH_00000087,2025-01-04,15,-2.5,0.0,27.9,7015.0,0.57,clear
WTH_00000088,2025-01-04,16,-1.2,0.0,6.0,7018.0,0.5,clear
WTH_00000089,2025-01-04,17,0.6,0.0,5.4,7426.0,0.6,clear
WTH_00000090,2025-01-04,18,2.7,0.0,4.4,8447.0,0.61,cloudy
WTH_00000091,2025-01-04,19,2.0,0.0,6.7,10770.0,0.35,clear
WTH_00000092,2025-01-04,20,1.8,0.0,15.2,562.0,0.31,fog
WTH_00000093,2025-01-04,21,0.7,0.0,9.0,9850.0,0.25,clear
WTH_00000094,2025-01-04,22,3.8,0.0,0.8,11828.0,0.52,clear
WTH_00000095,2025-01-04,23,5.0,0.0,12.8,9005.0,0.31,clear
WTH_00000096,2025-01-05,0,6.8,0.0,10.1,7400.0,0.55,clear
WTH_00000097,2025-01-05,1,3.4,0.0,11.8,9868.0,0.17,clear
WTH_00000098,2025-01-05,2,7.3,0.0,7.6,9364.0,0.04,clear
WTH_00000099,2025-01-05,3,7.2,0.0,7.5,6737.0,0.16,clear
WTH_00000100,2025-01-05,4,2.4,0.0,1.6,11545.0,0.21,clear
WTH_00000101,2025-01-05,5,5.1,0.0,19.9,8946.0,0.1,clear
WTH_00000102,2025-01-05,6,5.0,0.0,19.7,11981.0,0.09,clear
WTH_00000103,2025-01-05,7,3.2,0.0,14.9,10339.0,0.64,cloudy
WTH_00000104,2025-01-05,8,9.2,0.0,6.3,9372.0,0.35,clear
WTH_00000105,2025-01-05,9,4.9,0.0,8.8,8742.0,0.38,clear
WTH_00000106,2025-01-05,10,-0.3,0.0,13.4,10602.0,0.32,clear
WTH_00000107,2025-01-05,11,-2.2,0.0,3.8,10794.0,0.55,clear
WTH_00000108,2025-01-05,12,4.1,0.0,8.1,6854.0,0.25,clear
WTH_00000109,2025-01-05,13,-1.1,0.0,11.6,9827.0,0.17,clear
WTH_00000110,2025-01-05,14,-2.6,0.0,21.7,6716.0,0.39,clear
WTH_00000111,2025-01-05,15,-3.8,0.0,14.8,9816.0,0.19,clear
WTH_00000112,2025-01-05,16,-5.1,0.0,18.4,6391.0,0.27,clear
WTH_00000113,2025-01-05,17,5.3,0.0,4.3,6076.0,0.21,clear
WTH_00000114,2025-01-05,18,-1.2,0.0,6.9,9809.0,0.39,clear
WTH_00000115,2025-01-05,19,4.4,0.0,31.4,9644.0,0.41,clear
WTH_00000116,2025-01-05,20,0.3,0.0,5.7,8132.0,0.15,clear
WTH_00000117,2025-01-05,21,2.8,0.0,9.3,8378.0,0.34,clear
WTH_00000118,2025-01-05,22,3.7,0.0,14.3,11096.0,0.09,clear
WTH_00000119,2025-01-05,23,4.7,0.0,17.1,7075.0,0.44,clear
WTH_00000120,2025-01-06,0,4.0,0.0,14.5,8123.0,0.32,clear
WTH_00000121,2025-01-06,1,8.2,0.0,33.8,11015.0,0.45,clear
WTH_00000122,2025-01-06,2,6.3,0.0,2.8,10399.0,0.72,cloudy
WTH_00000123,2025-01-06,3,7.8,0.0,18.2,11226.0,0.25,clear
WTH_00000124,2025-01-06,4,5.5,0.0,2.6,7752.0,0.22,clear
WTH_00000125,2025-01-06,5,7.2,0.0,20.7,8871.0,0.14,clear
WTH_00000126,2025-01-06,6,4.5,2.57,8.0,3244.0,0.75,rain
WTH_00000127,2025-01-06,7,3.2,0.0,1.6,7877.0,0.28,clear
WTH_00000128,2025-01-06,8,4.9,0.0,10.7,8243.0,0.3,clear
WTH_00000129,2025-01-06,9,-0.3,0.0,10.5,10493.0,0.46,clear
WTH_00000130,2025-01-06,10,-1.7,0.0,20.7,9730.0,0.34,clear
WTH_00000131,2025-01-06,11,-1.7,0.0,7.7,10990.0,0.28,clear
WTH_00000132,2025-01-06,12,-4.3,0.0,9.7,9615.0,0.61,cloudy
WTH_00000133,2025-01-06,13,2.8,0.0,6.6,7243.0,0.49,clear
WTH_00000134,2025-01-06,14,-2.5,0.0,3.9,10436.0,0.15,clear
WTH_00000135,2025-01-06,15,-1.8,0.0,7.1,7564.0,0.19,clear
WTH_00000136,2025-01-06,16,0.8,0.0,5.2,10290.0,0.37,clear
WTH_00000137,2025-01-06,17,-1.1,0.0,9.9,10151.0,0.47,clear
WTH_00000138,2025-01-06,18,-3.9,0.0,7.2,9389.0,0.65,cloudy
WTH_00000139,2025-01-06,19,4.1,0.0,18.8,10007.0,0.28,clear
WTH_00000140,2025-01-06,20,2.2,0.0,20.9,7944.0,0.4,clear
WTH_00000141,2025-01-06,21,4.9,0.0,11.6,7117.0,0.05,clear
WTH_00000142,2025-01-06,22,3.1,0.0,14.6,8101.0,0.88,cloudy
WTH_00000143,2025-01-06,23,3.8,0.0,29.0,10517.0,0.13,clear
WTH_00000144,2025-01-07,0,5.5,0.0,11.7,8376.0,0.16,clear
WTH_00000145,2025-01-07,1,6.9,0.0,17.2,10734.0,0.52,clear
WTH_00000146,2025-01-07,2,6.4,0.0,31.6,7565.0,0.18,clear
WTH_00000147,2025-01-07,3,2.2,0.0,26.7,8569.0,0.16,clear
WTH_00000148,2025-01-07,4,8.0,0.0,10.9,6373.0,0.23,clear
WTH_00000149,2025-01-07,5,5.9,0.0,5.9,6289.0,0.11,clear
WTH_00000150,2025-01-07,6,5.2,0.0,4.6,9408.0,0.15,clear
WTH_00000151,2025-01-07,7,8.4,0.0,21.9,11278.0,0.2,clear
WTH_00000152,2025-01-07,8,4.1,0.0,16.7,9324.0,0.33,clear
WTH_00000153,2025-01-07,9,-0.9,0.0,3.3,7250.0,0.76,cloudy
WTH_00000154,2025-01-07,10,2.4,0.0,19.2,11920.0,0.45,clear
WTH_00000155,2025-01-07,11,0.4,0.0,9.6,267.0,0.26,fog
WTH_00000156,2025-01-07,12,-2.3,0.0,7.7,10196.0,0.41,clear
WTH_00000157,2025-01-07,13,-2.9,0.0,7.9,10506.0,0.41,clear
WTH_00000158,2025-01-07,14,-1.2,0.0,7.5,9671.0,0.2,clear
WTH_00000159,2025-01-07,15,-1.8,0.0,9.9,9019.0,0.6,cloudy
WTH_00000160,2025-01-07,16,-0.9,0.0,16.7,6022.0,0.39,clear
WTH_00000161,2025-01-07,17,-0.2,0.0,20.0,9530.0,0.1,clear
WTH_00000162,2025-01-07,18,-3.4,0.0,16.1,11308.0,0.35,clear
WTH_00000163,2025-01-07,19,0.1,0.0,1.1,9833.0,0.21,clear
WTH_00000164,2025-01-07,20,2.2,0.0,10.7,7727.0,0.21,clear
WTH_00000165,2025-01-07,21,0.6,0.0,17.3,7563.0,0.18,clear
WTH_00000166,2025-01-07,22,2.8,5.39,5.1,938.0,1.0,rain
WTH_00000167,2025-01-07,23,-1.5,0.0,0.8,10628.0,0.13,clear
WTH_00000168,2025-01-08,0,0.5,0.0,11.8,7368.0,0.54,clear
WTH_00000169,2025-01-08,1,4.8,0.0,9.5,6493.0,0.32,clear
WTH_00000170,2025-01-08,2,6.7,0.0,16.7,6080.0,0.34,clear
WTH_00000171,2025-01-08,3,8.2,0.0,1.0,9841.0,0.6,cloudy
WTH_00000172,2025-01-08,4,6.1,0.0,9.4,10075.0,0.55,clear
WTH_00000173,2025-01-08,5,1.8,0.0,26.4,7887.0,0.69,cloudy
WTH_00000174,2025-01-08,6,6.7,0.0,2.6,7303.0,0.25,clear
WTH_00000175,2025-01-08,7,-0.1,0.0,4.1,7629.0,0.38,clear
WTH_00000176,2025-01-08,8,4.7,0.0,12.8,7044.0,0.08,clear
WTH_00000177,2025-01-08,9,0.9,0.0,14.9,9148.0,0.34,clear
WTH_00000178,2025-01-08,10,2.2,0.0,7.2,9108.0,0.33,clear
WTH_00000179,2025-01-08,11,-4.6,0.0,6.8,8905.0,0.33,clear
WTH_00000180,2025-01-08,12,-0.3,8.97,16.9,703.0,0.84,snow
WTH_00000181,2025-01-08,13,-1.8,0.0,7.7,8449.0,0.18,clear
WTH_00000182,2025-01-08,14,-3.7,0.0,12.1,7210.0,0.09,clear
WTH_00000183,2025-01-08,15,1.8,0.0,12.8,9937.0,0.47,clear
WTH_00000184,2025-01-08,16,-0.7,0.0,10.9,7475.0,0.22,clear
WTH_00000185,2025-01-08,17,-0.5,0.0,7.7,8111.0,0.47,clear
WTH_00000186,2025-01-08,18,5.8,0.0,23.0,9384.0,0.46,clear
WTH_00000187,2025-01-08,19,-0.4,0.0,26.3,7133.0,0.14,clear
WTH_00000188,2025-01-08,20,-2.5,0.0,8.0,10041.0,0.68,cloudy
WTH_00000189,2025-01-08,21,1.1,0.0,7.5,7004.0,0.28,clear
WTH_00000190,2025-01-08,22,3.3,0.0,14.7,7698.0,0.16,clear
WTH_00000191,2025-01-08,23,3.9,0.0,18.6,9757.0,0.4,clear
WTH_00000192,2025-01-09,0,1.0,0.0,10.9,11846.0,0.33,clear
WTH_00000193,2025-01-09,1,2.1,0.0,10.1,865.0,0.04,fog
WTH_00000194,2025-01-09,2,4.3,0.0,10.5,11965.0,0.26,clear
WTH_00000195,2025-01-09,3,8.3,0.0,14.6,11540.0,0.41,clear
WTH_00000196,2025-01-09,4,8.8,0.0,9.3,10884.0,0.33,clear
WTH_00000197,2025-01-09,5,6.0,0.0,24.4,9119.0,0.77,cloudy
WTH_00000198,2025-01-09,6,6.6,0.0,8.9,10624.0,0.44,clear
WTH_00000199,2025-01-09,7,5.7,0.0,11.2,8365.0,0.68,cloudy
WTH_00000200,2025-01-09,8,5.0,0.0,2.4,10817.0,0.2,clear
WTH_00000201,2025-01-09,9,2.3,0.0,13.6,6664.0,0.56,clear
WTH_00000202,2025-01-09,10,3.5,0.0,13.1,7435.0,0.19,clear
WTH_00000203,2025-01-09,11,-2.9,0.0,12.2,8858.0,0.17,clear
WTH_00000204,2025-01-09,12,-0.3,0.0,9.1,6346.0,0.45,clear
WTH_00000205,2025-01-09,13,-3.3,0.0,4.5,7716.0,0.57,clear
WTH_00000206,2025-01-09,14,-0.2,0.0,2.8,10464.0,0.57,clear
WTH_00000207,2025-01-09,15,-0.8,0.0,14.9,6357.0,0.23,clear
WTH_00000208,2025-01-09,16,-0.7,0.0,15.5,10207.0,0.34,clear
WTH_00000209,2025-01-09,17,-1.0,0.0,4.7,10896.0,0.08,clear
WTH_00000210,2025-01-09,18,-1.3,0.0,9.4,8691.0,0.54,clear
WTH_00000211,2025-01-09,19,-0.9,0.0,5.2,9239.0,0.55,clear
WTH_00000212,2025-01-09,20,4.7,0.0,19.4,10378.0,0.4,clear
WTH_00000213,2025-01-09,21,3.7,3.19,6.0,1850.0,0.55,rain
WTH_00000214,2025-01-09,22,2.3,0.0,21.7,6372.0,0.29,clear
WTH_00000215,2025-01-09,23,4.5,0.0,10.6,7974.0,0.04,clear
WTH_00000216,2025-01-10,0,5.0,5.15,23.0,1807.0,0.82,rain
WTH_00000217,2025-01-10,1,7.2,3.77,27.4,1531.0,1.0,rain
WTH_00000218,2025-01-10,2,4.9,13.3,21.3,1775.0,0.67,storm
WTH_00000219,2025-01-10,3,7.9,2.34,33.1,858.0,0.73,rain
WTH_00000220,2025-01-10,4,3.9,1.55,21.3,3199.0,1.0,rain
WTH_00000221,2025-01-10,5,3.3,4.42,28.0,2443.0,0.91,rain
WTH_00000222,2025-01-10,6,4.8,8.18,21.7,3901.0,1.0,storm
WTH_00000223,2025-01-10,7,5.1,11.1,26.4,2725.0,0.88,storm
WTH_00000224,2025-01-10,8,3.7,15.13,20.1,3540.0,0.67,storm
WTH_00000225,2025-01-10,9,-1.3,1.24,16.6,806.0,0.62,snow
WTH_00000226,2025-01-10,10,1.3,19.08,20.5,1766.0,0.51,snow
WTH_00000227,2025-01-10,11,0.7,2.79,34.0,2659.0,0.62,snow
WTH_00000228,2025-01-10,12,2.2,21.39,26.1,804.0,0.81,storm
WTH_00000229,2025-01-10,13,-2.4,5.45,21.7,1565.0,0.94,snow
WTH_00000230,2025-01-10,14,-0.9,4.19,28.5,813.0,0.77,snow
WTH_00000231,2025-01-10,15,0.3,14.44,41.5,972.0,0.65,snow
WTH_00000232,2025-01-10,16,-4.1,2.04,33.5,2884.0,0.66,snow
WTH_00000233,2025-01-10,17,-1.2,4.21,28.6,1975.0,0.49,snow
WTH_00000234,2025-01-10,18,-1.7,1.0,19.1,1723.0,0.84,snow
WTH_00000235,2025-01-10,19,4.1,5.93,27.3,3358.0,0.79,rain
WTH_00000236,2025-01-10,20,2.6,1.55,25.4,2803.0,0.94,rain
WTH_00000237,2025-01-10,21,6.8,7.52,33.2,1625.0,1.0,rain
WTH_00000238,2025-01-10,22,6.3,5.82,35.4,3885.0,0.48,rain
WTH_00000239,2025-01-10,23,4.1,4.85,31.2,2607.0,0.59,rain
WTH_00000240,2025-01-11,0,4.3,0.0,19.4,9651.0,0.21,clear
WTH_00000241,2025-01-11,1,5.1,0.0,21.5,8106.0,0.46,clear
WTH_00000242,2025-01-11,2,6.3,0.0,35.5,6540.0,0.32,clear
WTH_00000243,2025-01-11,3,2.6,0.0,9.2,10650.0,0.14,clear
WTH_00000244,2025-01-11,4,10.0,0.0,14.4,7776.0,0.23,clear
WTH_00000245,2025-01-11,5,3.9,0.0,11.1,10158.0,0.6,cloudy
WTH_00000246,2025-01-11,6,4.9,0.0,39.3,6865.0,0.6,cloudy
WTH_00000247,2025-01-11,7,3.7,0.0,11.1,10774.0,0.27,clear
WTH_00000248,2025-01-11,8,1.6,0.0,14.8,10549.0,0.23,clear
WTH_00000249,2025-01-11,9,3.0,0.0,6.2,9242.0,0.21,clear
WTH_00000250,2025-01-11,10,3.2,0.0,4.0,6893.0,0.49,clear
WTH_00000251,2025-01-11,11,-1.5,0.0,8.8,7652.0,0.4,clear
WTH_00000252,2025-01-11,12,-2.2,0.0,17.1,6943.0,0.21,clear
WTH_00000253,2025-01-11,13,2.3,0.0,5.8,636.0,0.24,fog
WTH_00000254,2025-01-11,14,-2.5,0.0,8.3,8025.0,0.17,clear
WTH_00000255,2025-01-11,15,-3.4,0.0,1.7,10866.0,0.08,clear
WTH_00000256,2025-01-11,16,-4.1,0.0,1.9,9655.0,0.46,clear
WTH_00000257,2025-01-11,17,0.4,0.0,5.6,10468.0,0.41,clear
WTH_00000258,2025-01-11,18,-3.0,0.0,35.0,11703.0,0.25,clear
WTH_00000259,2025-01-11,19,-0.1,0.0,9.5,388.0,0.37,fog
WTH_00000260,2025-01-11,20,0.0,0.0,19.2,11906.0,0.14,clear
WTH_00000261,2025-01-11,21,-2.5,0.0,9.9,10930.0,0.08,clear
WTH_00000262,2025-01-11,22,3.0,0.0,21.3,6881.0,0.42,clear
WTH_00000263,2025-01-11,23,0.6,0.0,13.0,6590.0,0.3,clear
WTH_00000264,2025-01-12,0,3.9,0.0,12.5,11931.0,0.38,clear
WTH_00000265,2025-01-12,1,1.6,0.0,25.9,7987.0,0.63,cloudy
WTH_00000266,2025-01-12,2,5.7,0.0,22.0,10927.0,0.1,clear
WTH_00000267,2025-01-12,3,1.3,4.7,4.0,2257.0,0.58,snow
WTH_00000268,2025-01-12,4,7.2,0.0,12.5,6550.0,0.26,clear
WTH_00000269,2025-01-12,5,5.9,0.0,7.3,7727.0,0.25,clear
WTH_00000270,2025-01-12,6,4.5,0.0,32.3,10405.0,0.34,clear
WTH_00000271,2025-01-12,7,0.3,0.0,15.6,8034.0,0.33,clear
WTH_00000272,2025-01-12,8,1.6,0.0,7.3,630.0,0.18,fog
WTH_00000273,2025-01-12,9,2.4,0.0,6.5,11998.0,0.41,clear
WTH_00000274,2025-01-12,10,-1.6,0.0,30.0,10135.0,0.37,clear
WTH_00000275,2025-01-12,11,1.4,0.0,18.8,9786.0,0.15,clear
WTH_00000276,2025-01-12,12,-0.8,0.0,2.8,6187.0,0.31,clear
WTH_00000277,2025-01-12,13,-1.2,0.0,5.1,11516.0,0.46,clear
WTH_00000278,2025-01-12,14,-3.3,0.0,10.3,1152.0,0.23,fog
WTH_00000279,2025-01-12,15,-1.9,0.0,7.4,9303.0,0.25,clear
WTH_00000280,2025-01-12,16,-0.6,0.0,9.8,8892.0,0.15,clear
WTH_00000281,2025-01-12,17,-3.2,0.0,55.1,990.0,0.5,fog
WTH_00000282,2025-01-12,18,0.6,0.0,1.9,7888.0,0.39,clear
WTH_00000283,2025-01-12,19,-0.6,0.0,35.0,10140.0,0.37,clear
WTH_00000284,2025-01-12,20,1.5,0.0,14.6,7480.0,0.69,cloudy
WTH_00000285,2025-01-12,21,2.2,0.0,4.2,11139.0,0.51,clear
WTH_00000286,2025-01-12,22,1.4,0.0,0.8,11942.0,0.41,clear
WTH_00000287,2025-01-12,23,4.0,0.0,4.3,7334.0,0.7,cloudy
WTH_00000288,2025-01-13,0,0.7,0.0,7.2,6804.0,0.19,clear
WTH_00000289,2025-01-13,1,4.9,0.0,8.0,10069.0,0.58,clear
WTH_00000290,2025-01-13,2,6.0,0.0,37.9,7112.0,0.44,clear
WTH_00000291,2025-01-13,3,8.9,0.0,2.1,6326.0,0.54,clear
WTH_00000292,2025-01-13,4,6.5,0.0,27.0,8058.0,0.36,clear
WTH_00000293,2025-01-13,5,3.5,1.71,16.9,922.0,0.91,rain
WTH_00000294,2025-01-13,6,1.5,0.0,13.3,11002.0,0.26,clear
WTH_00000295,2025-01-13,7,3.5,0.0,9.5,703.0,0.21,fog
WTH_00000296,2025-01-13,8,0.2,0.0,5.3,8515.0,0.09,clear
WTH_00000297,2025-01-13,9,5.5,0.0,22.0,9816.0,0.42,clear
WTH_00000298,2025-01-13,10,-1.7,0.0,2.3,11487.0,0.07,clear
WTH_00000299,2025-01-13,11,-1.4,0.0,12.1,11703.0,0.45,clear
WTH_00000300,2025-01-13,12,-2.3,0.0,3.2,8053.0,0.04,clear
WTH_00000301,2025-01-13,13,-1.3,0.0,3.2,11662.0,0.39,clear
WTH_00000302,2025-01-13,14,-2.4,0.0,16.6,8222.0,0.46,clear
WTH_00000303,2025-01-13,15,-2.5,0.0,8.5,11059.0,0.57,clear
WTH_00000304,2025-01-13,16,-2.4,0.0,5.5,8092.0,0.65,cloudy
WTH_00000305,2025-01-13,17,-1.0,0.0,16.2,8968.0,0.12,clear
WTH_00000306,2025-01-13,18,2.2,0.0,12.5,10462.0,0.41,clear
WTH_00000307,2025-01-13,19,3.8,0.0,4.0,7206.0,0.15,clear
WTH_00000308,2025-01-13,20,1.9,0.0,2.8,6003.0,0.59,clear
WTH_00000309,2025-01-13,21,1.8,0.0,4.8,10724.0,0.12,clear
WTH_00000310,2025-01-13,22,4.0,2.27,38.3,2532.0,1.0,rain
WTH_00000311,2025-01-13,23,4.5,0.0,7.4,7750.0,0.28,clear
WTH_00000312,2025-01-14,0,2.8,0.0,2.9,8563.0,0.18,clear
WTH_00000313,2025-01-14,1,2.0,0.0,9.8,7901.0,0.4,clear
WTH_00000314,2025-01-14,2,9.0,0.0,7.4,8112.0,0.43,clear
WTH_00000315,2025-01-14,3,6.5,0.0,2.2,8404.0,0.34,clear
WTH_00000316,2025-01-14,4,8.6,0.0,12.2,11564.0,0.48,clear
WTH_00000317,2025-01-14,5,11.6,0.0,6.5,6605.0,0.36,clear
WTH_00000318,2025-01-14,6,5.7,0.0,28.4,10342.0,0.54,clear
WTH_00000319,2025-01-14,7,0.3,0.0,0.7,10628.0,0.31,clear
WTH_00000320,2025-01-14,8,2.9,0.0,7.8,7866.0,0.5,clear
WTH_00000321,2025-01-14,9,-0.4,0.0,5.5,7115.0,0.29,clear
WTH_00000322,2025-01-14,10,-1.3,11.96,3.0,665.0,0.86,snow
WTH_00000323,2025-01-14,11,-0.8,0.0,23.1,7187.0,0.05,clear
WTH_00000324,2025-01-14,12,-1.7,0.0,22.7,11540.0,0.11,clear
WTH_00000325,2025-01-14,13,0.3,0.0,3.2,11589.0,0.3,clear
WTH_00000326,2025-01-14,14,-1.3,0.0,12.4,6440.0,0.53,clear
WTH_00000327,2025-01-14,15,-5.6,0.0,7.5,9176.0,0.11,clear
WTH_00000328,2025-01-14,16,-1.1,0.0,12.3,8039.0,0.5,clear
WTH_00000329,2025-01-14,17,-3.9,0.0,5.5,7666.0,0.29,clear
WTH_00000330,2025-01-14,18,-2.3,0.0,2.0,8487.0,0.44,clear
WTH_00000331,2025-01-14,19,-4.4,0.0,10.6,7145.0,0.45,clear
WTH_00000332,2025-01-14,20,1.8,0.0,8.0,6723.0,0.37,clear
WTH_00000333,2025-01-14,21,0.2,6.79,13.4,1633.0,0.55,snow
WTH_00000334,2025-01-14,22,5.2,0.0,6.5,8221.0,0.69,cloudy
WTH_00000335,2025-01-14,23,0.2,0.0,5.2,6096.0,0.28,clear
WTH_00000336,2025-01-15,0,4.2,0.0,10.6,6742.0,0.33,clear
WTH_00000337,2025-01-15,1,1.8,0.0,9.4,8182.0,0.41,clear
WTH_00000338,2025-01-15,2,6.0,0.0,0.5,7020.0,0.04,clear
WTH_00000339,2025-01-15,3,1.5,0.0,15.3,8945.0,0.55,clear
WTH_00000340,2025-01-15,4,5.6,0.0,17.4,7314.0,0.15,clear
WTH_00000341,2025-01-15,5,7.0,0.0,12.2,11790.0,0.14,clear
WTH_00000342,2025-01-15,6,2.6,0.0,7.6,8776.0,0.35,clear
WTH_00000343,2025-01-15,7,2.3,0.0,36.5,11732.0,0.27,clear
WTH_00000344,2025-01-15,8,6.7,0.0,4.4,6932.0,0.63,cloudy
WTH_00000345,2025-01-15,9,1.1,0.0,8.2,11257.0,0.15,clear
WTH_00000346,2025-01-15,10,1.4,0.0,5.4,7941.0,0.56,clear
WTH_00000347,2025-01-15,11,-0.0,0.17,12.5,605.0,0.65,snow
WTH_00000348,2025-01-15,12,-0.8,0.0,21.3,10619.0,0.28,clear
WTH_00000349,2025-01-15,13,-0.3,0.0,25.8,7375.0,0.35,clear
WTH_00000350,2025-01-15,14,-3.1,0.0,5.7,6399.0,0.15,clear
WTH_00000351,2025-01-15,15,-1.5,0.0,21.4,11988.0,0.48,clear
WTH_00000352,2025-01-15,16,-0.6,0.0,16.3,10000.0,0.21,clear
WTH_00000353,2025-01-15,17,-0.1,0.0,11.1,6053.0,0.19,clear
WTH_00000354,2025-01-15,18,-0.9,0.0,7.3,11158.0,0.49,clear
WTH_00000355,2025-01-15,19,1.4,0.0,3.4,7152.0,0.1,clear
WTH_00000356,2025-01-15,20,3.0,0.0,3.4,7561.0,0.26,clear
WTH_00000357,2025-01-15,21,5.0,0.0,2.6,6646.0,0.56,clear
WTH_00000358,2025-01-15,22,-0.5,0.0,17.1,10226.0,0.38,clear
WTH_00000359,2025-01-15,23,4.5,0.0,15.8,11246.0,0.28,clear
WTH_00000360,2025-01-16,0,5.9,0.0,19.8,8936.0,0.27,clear
WTH_00000361,2025-01-16,1,5.1,0.0,4.2,7174.0,0.22,clear
WTH_00000362,2025-01-16,2,6.2,0.0,10.5,7974.0,0.12,clear
WTH_00000363,2025-01-16,3,6.4,0.0,8.0,7067.0,0.14,clear
WTH_00000364,2025-01-16,4,3.7,0.0,0.8,7875.0,0.22,clear
WTH_00000365,2025-01-16,5,3.2,0.0,16.5,7682.0,0.33,clear
WTH_00000366,2025-01-16,6,0.3,0.0,6.4,6294.0,0.49,clear
WTH_00000367,2025-01-16,7,1.7,0.0,1.5,7464.0,0.1,clear
WTH_00000368,2025-01-16,8,1.2,0.0,4.2,10969.0,0.03,clear
WTH_00000369,2025-01-16,9,0.9,0.0,7.6,9541.0,0.18,clear
WTH_00000370,2025-01-16,10,1.1,0.0,3.0,7363.0,0.11,clear
WTH_00000371,2025-01-16,11,2.9,0.0,5.6,7533.0,0.54,clear
WTH_00000372,2025-01-16,12,0.6,0.0,19.6,10298.0,0.26,clear
WTH_00000373,2025-01-16,13,-1.2,0.0,1.7,8623.0,0.23,clear
WTH_00000374,2025-01-16,14,-3.9,0.0,12.8,9990.0,0.24,clear
WTH_00000375,2025-01-16,15,0.1,0.0,12.5,10514.0,0.4,clear
WTH_00000376,2025-01-16,16,1.8,0.0,27.1,10488.0,0.25,clear
WTH_00000377,2025-01-16,17,-2.2,0.0,2.0,9248.0,0.09,clear
WTH_00000378,2025-01-16,18,-0.8,0.0,8.9,9362.0,0.25,clear
WTH_00000379,2025-01-16,19,1.2,0.0,16.7,10498.0,0.58,clear
WTH_00000380,2025-01-16,20,-1.2,0.0,11.3,8359.0,0.13,clear
WTH_00000381,2025-01-16,21,-0.2,0.0,6.7,10597.0,0.38,clear
WTH_00000382,2025-01-16,22,1.4,0.0,44.6,10991.0,0.37,clear
WTH_00000383,2025-01-16,23,4.6,0.0,16.6,8978.0,0.33,clear
WTH_00000384,2025-01-17,0,3.9,0.0,12.0,11899.0,0.44,clear
WTH_00000385,2025-01-17,1,3.5,0.0,14.9,10506.0,0.59,clear
WTH_00000386,2025-01-17,2,6.1,0.0,16.9,11498.0,0.1,clear
WTH_00000387,2025-01-17,3,8.3,0.0,2.1,859.0,0.41,fog
WTH_00000388,2025-01-17,4,4.3,0.0,6.8,7203.0,0.45,clear
WTH_00000389,2025-01-17,5,6.2,0.0,4.9,6311.0,0.56,clear
WTH_00000390,2025-01-17,6,3.7,0.0,11.8,9854.0,0.18,clear
WTH_00000391,2025-01-17,7,3.9,0.0,13.4,10847.0,0.45,clear
WTH_00000392,2025-01-17,8,3.4,4.23,9.8,1280.0,0.52,rain
WTH_00000393,2025-01-17,9,-1.4,0.0,3.1,6821.0,0.34,clear
WTH_00000394,2025-01-17,10,-3.3,0.0,7.5,7070.0,0.17,clear
WTH_00000395,2025-01-17,11,-2.2,0.0,23.5,10432.0,0.14,clear
WTH_00000396,2025-01-17,12,-1.9,0.0,10.3,9853.0,0.12,clear
WTH_00000397,2025-01-17,13,-2.0,3.43,12.4,1771.0,0.8,snow
WTH_00000398,2025-01-17,14,-2.4,0.0,4.4,11282.0,0.35,clear
WTH_00000399,2025-01-17,15,1.8,0.0,15.5,7332.0,0.24,clear
WTH_00000400,2025-01-17,16,-1.3,0.0,4.4,6560.0,0.32,clear
WTH_00000401,2025-01-17,17,0.1,0.0,15.9,7847.0,0.26,clear
WTH_00000402,2025-01-17,18,-0.4,0.0,12.9,10998.0,0.26,clear
WTH_00000403,2025-01-17,19,4.0,0.0,19.5,10416.0,0.58,clear
WTH_00000404,2025-01-17,20,2.8,0.0,8.1,9321.0,0.49,clear
WTH_00000405,2025-01-17,21,3.0,0.0,17.0,6200.0,0.24,clear
WTH_00000406,2025-01-17,22,0.7,0.0,2.8,8250.0,0.57,clear
WTH_00000407,2025-01-17,23,3.0,0.0,15.1,11009.0,0.36,clear
WTH_00000408,2025-01-18,0,4.4,0.0,23.1,10482.0,0.3,clear
WTH_00000409,2025-01-18,1,3.1,5.3,5.9,1935.0,1.0,rain
WTH_00000410,2025-01-18,2,4.6,0.0,21.7,7604.0,0.29,clear
WTH_00000411,2025-01-18,3,5.6,0.0,11.2,10115.0,0.5,clear
WTH_00000412,2025-01-18,4,1.2,0.0,4.4,9263.0,0.48,clear
WTH_00000413,2025-01-18,5,8.3,0.0,16.8,11270.0,0.5,clear
WTH_00000414,2025-01-18,6,3.7,7.92,0.2,2678.0,0.84,rain
WTH_00000415,2025-01-18,7,5.3,0.0,9.5,10500.0,0.4,clear
WTH_00000416,2025-01-18,8,2.3,0.0,5.8,6556.0,0.51,clear
WTH_00000417,2025-01-18,9,2.1,16.46,11.9,3000.0,0.63,rain
WTH_00000418,2025-01-18,10,0.8,0.0,10.9,280.0,0.02,fog
WTH_00000419,2025-01-18,11,-2.4,0.0,9.9,9909.0,0.67,cloudy
WTH_00000420,2025-01-18,12,-1.5,0.0,19.0,8305.0,0.14,clear
WTH_00000421,2025-01-18,13,-0.9,14.54,9.7,1588.0,0.72,snow
WTH_00000422,2025-01-18,14,-4.1,0.0,10.9,8335.0,0.26,clear
WTH_00000423,2025-01-18,15,-4.7,0.0,13.2,9987.0,0.15,clear
WTH_00000424,2025-01-18,16,-4.1,0.0,33.4,10789.0,0.09,clear
WTH_00000425,2025-01-18,17,-3.3,0.97,8.0,2922.0,0.73,snow
WTH_00000426,2025-01-18,18,0.7,0.0,21.6,10978.0,0.23,clear
WTH_00000427,2025-01-18,19,-0.2,3.58,15.5,531.0,0.88,snow
WTH_00000428,2025-01-18,20,-2.7,0.0,29.1,10288.0,0.81,cloudy
WTH_00000429,2025-01-18,21,0.8,0.0,8.5,7473.0,0.57,clear
WTH_00000430,2025-01-18,22,2.1,0.0,7.9,8708.0,0.22,clear
WTH_00000431,2025-01-18,23,5.8,0.0,4.5,9136.0,0.27,clear
WTH_00000432,2025-01-19,0,6.6,0.0,14.4,11954.0,0.49,clear
WTH_00000433,2025-01-19,1,5.1,0.0,3.6,7952.0,0.24,clear
WTH_00000434,2025-01-19,2,4.4,0.0,6.2,7672.0,0.49,clear
WTH_00000435,2025-01-19,3,7.7,0.0,2.2,9506.0,0.52,clear
WTH_00000436,2025-01-19,4,8.4,0.0,6.3,7871.0,0.21,clear
WTH_00000437,2025-01-19,5,3.5,0.0,16.0,8987.0,0.34,clear
WTH_00000438,2025-01-19,6,5.5,0.0,4.4,656.0,0.56,fog
WTH_00000439,2025-01-19,7,6.0,0.0,6.0,11166.0,0.52,clear
WTH_00000440,2025-01-19,8,4.4,0.0,9.9,8301.0,0.27,clear
WTH_00000441,2025-01-19,9,-0.6,0.0,8.9,352.0,0.23,fog
WTH_00000442,2025-01-19,10,2.5,0.0,13.1,7498.0,0.2,clear
WTH_00000443,2025-01-19,11,2.3,0.0,1.6,11429.0,0.46,clear
WTH_00000444,2025-01-19,12,-3.3,3.55,13.6,1311.0,0.59,snow
WTH_00000445,2025-01-19,13,-0.4,0.0,19.5,9548.0,0.4,clear
WTH_00000446,2025-01-19,14,0.1,0.0,4.3,9591.0,0.46,clear
WTH_00000447,2025-01-19,15,0.8,0.0,11.6,11541.0,0.29,clear
WTH_00000448,2025-01-19,16,1.9,0.0,4.3,6637.0,0.31,clear
WTH_00000449,2025-01-19,17,-0.6,0.0,10.6,6177.0,0.56,clear
WTH_00000450,2025-01-19,18,-4.1,0.0,6.8,8992.0,0.36,clear
WTH_00000451,2025-01-19,19,0.0,0.0,10.5,11160.0,0.48,clear
WTH_00000452,2025-01-19,20,-0.2,12.28,7.3,686.0,1.0,snow
WTH_00000453,2025-01-19,21,-0.7,0.0,6.0,7209.0,0.37,clear
WTH_00000454,2025-01-19,22,2.6,0.0,25.7,8016.0,0.6,cloudy
WTH_00000455,2025-01-19,23,3.1,0.0,14.4,8846.0,0.29,clear
WTH_00000456,2025-01-20,0,4.2,0.0,46.5,11106.0,0.2,clear
WTH_00000457,2025-01-20,1,7.2,0.0,11.1,9665.0,0.34,clear
WTH_00000458,2025-01-20,2,3.3,0.0,6.8,6468.0,0.38,clear
WTH_00000459,2025-01-20,3,6.8,7.67,10.8,2585.0,0.93,rain
WTH_00000460,2025-01-20,4,5.8,0.0,4.8,6873.0,0.18,clear
WTH_00000461,2025-01-20,5,2.1,5.66,18.4,1859.0,0.74,rain
WTH_00000462,2025-01-20,6,3.0,0.0,8.6,7951.0,0.25,clear
WTH_00000463,2025-01-20,7,0.9,0.0,9.8,8298.0,0.12,clear
WTH_00000464,2025-01-20,8,4.9,0.0,8.0,7819.0,0.25,clear
WTH_00000465,2025-01-20,9,1.9,0.0,2.8,11485.0,0.18,clear
WTH_00000466,2025-01-20,10,5.8,0.0,11.9,7163.0,0.06,clear
WTH_00000467,2025-01-20,11,3.8,0.0,1.8,9014.0,0.3,clear
WTH_00000468,2025-01-20,12,-0.1,0.0,34.0,8727.0,0.11,clear
WTH_00000469,2025-01-20,13,-1.3,0.0,4.3,11441.0,0.32,clear
WTH_00000470,2025-01-20,14,-0.4,0.0,23.0,7294.0,0.32,clear
WTH_00000471,2025-01-20,15,-4.2,0.0,3.3,6226.0,0.31,clear
WTH_00000472,2025-01-20,16,-0.6,0.0,11.5,6682.0,0.82,cloudy
WTH_00000473,2025-01-20,17,-0.1,0.0,15.1,8054.0,0.12,clear
WTH_00000474,2025-01-20,18,-1.4,0.0,4.7,11750.0,0.37,clear
WTH_00000475,2025-01-20,19,3.0,0.0,8.1,6942.0,0.66,cloudy
WTH_00000476,2025-01-20,20,-0.6,0.0,10.1,7522.0,0.12,clear
WTH_00000477,2025-01-20,21,4.7,0.0,5.1,10939.0,0.49,clear
WTH_00000478,2025-01-20,22,3.7,0.0,11.9,9712.0,0.1,clear
WTH_00000479,2025-01-20,23,6.2,0.0,8.4,9619.0,0.11,clear
WTH_00000480,2025-01-21,0,-0.2,0.0,12.4,10609.0,0.39,clear
WTH_00000481,2025-01-21,1,6.4,0.0,14.7,11907.0,0.84,cloudy
WTH_00000482,2025-01-21,2,8.5,0.0,17.1,8554.0,0.25,clear
WTH_00000483,2025-01-21,3,5.5,0.0,9.9,11645.0,0.23,clear
WTH_00000484,2025-01-21,4,6.2,0.0,4.7,6806.0,0.72,cloudy
WTH_00000485,2025-01-21,5,5.6,0.0,7.1,8852.0,0.6,clear
WTH_00000486,2025-01-21,6,8.5,0.0,38.4,6886.0,0.34,clear
WTH_00000487,2025-01-21,7,3.9,0.0,22.1,9867.0,0.42,clear
WTH_00000488,2025-01-21,8,2.4,0.0,17.0,6902.0,0.12,clear
WTH_00000489,2025-01-21,9,2.6,0.0,6.5,6957.0,0.34,clear
WTH_00000490,2025-01-21,10,3.1,0.0,2.0,11002.0,0.47,clear
WTH_00000491,2025-01-21,11,-2.4,0.0,2.8,9573.0,0.11,clear
WTH_00000492,2025-01-21,12,-2.4,0.0,5.9,8443.0,0.2,clear
WTH_00000493,2025-01-21,13,-2.0,0.0,8.8,9333.0,0.4,clear
WTH_00000494,2025-01-21,14,-1.3,0.0,10.2,9660.0,0.35,clear
WTH_00000495,2025-01-21,15,-6.5,0.0,3.0,9517.0,0.39,clear
WTH_00000496,2025-01-21,16,-3.1,0.0,13.4,6113.0,0.3,clear
WTH_00000497,2025-01-21,17,0.3,0.0,5.2,10586.0,0.13,clear
WTH_00000498,2025-01-21,18,-1.8,0.0,1.8,7580.0,0.32,clear
WTH_00000499,2025-01-21,19,-0.1,0.0,3.8,10958.0,0.45,clear
WTH_00000500,2025-01-21,20,-0.2,0.0,17.7,8582.0,0.19,clear
WTH_00000501,2025-01-21,21,1.7,0.0,17.0,11280.0,0.28,clear
WTH_00000502,2025-01-21,22,4.6,0.0,19.6,9814.0,0.54,clear
WTH_00000503,2025-01-21,23,3.7,0.0,13.6,9595.0,0.25,clear
WTH_00000504,2025-01-22,0,5.8,0.0,35.7,6802.0,0.66,cloudy
WTH_00000505,2025-01-22,1,6.0,0.0,9.0,11780.0,0.15,clear
WTH_00000506,2025-01-22,2,7.0,0.0,7.0,10709.0,0.27,clear
WTH_00000507,2025-01-22,3,3.5,0.0,10.5,7373.0,0.13,clear
WTH_00000508,2025-01-22,4,5.6,8.3,2.1,3425.0,0.82,rain
WTH_00000509,2025-01-22,5,4.6,0.0,12.0,7173.0,0.3,clear
WTH_00000510,2025-01-22,6,4.6,0.0,13.1,6913.0,0.4,clear
WTH_00000511,2025-01-22,7,3.9,0.0,5.1,6110.0,0.07,clear
WTH_00000512,2025-01-22,8,-0.3,0.0,10.6,8291.0,0.42,clear
WTH_00000513,2025-01-22,9,2.4,0.0,3.7,7647.0,0.61,cloudy
WTH_00000514,2025-01-22,10,-1.4,4.06,24.3,2486.0,0.74,snow
WTH_00000515,2025-01-22,11,2.7,1.52,42.2,3129.0,0.53,rain
WTH_00000516,2025-01-22,12,1.1,0.0,7.2,6894.0,0.23,clear
WTH_00000517,2025-01-22,13,-2.6,0.0,24.4,8505.0,0.51,clear
WTH_00000518,2025-01-22,14,-2.6,0.0,10.9,9385.0,0.25,clear
WTH_00000519,2025-01-22,15,0.7,0.0,17.4,10701.0,0.49,clear
WTH_00000520,2025-01-22,16,-1.4,0.0,5.4,7227.0,0.36,clear
WTH_00000521,2025-01-22,17,-0.9,0.0,29.4,7789.0,0.36,clear
WTH_00000522,2025-01-22,18,-0.8,0.0,9.2,9298.0,0.08,clear
WTH_00000523,2025-01-22,19,-3.3,0.0,16.0,9281.0,0.24,clear
WTH_00000524,2025-01-22,20,2.1,0.0,18.3,9006.0,0.58,clear
WTH_00000525,2025-01-22,21,1.8,0.0,6.4,6445.0,0.39,clear
WTH_00000526,2025-01-22,22,5.0,0.0,3.8,8705.0,0.31,clear
WTH_00000527,2025-01-22,23,3.1,0.0,15.2,11933.0,0.54,clear
WTH_00000528,2025-01-23,0,5.1,0.0,5.0,7827.0,0.41,clear
WTH_00000529,2025-01-23,1,7.2,0.0,14.1,7112.0,0.56,clear
WTH_00000530,2025-01-23,2,5.8,0.0,5.4,10595.0,0.2,clear
WTH_00000531,2025-01-23,3,3.6,0.0,28.9,10234.0,0.83,cloudy
WTH_00000532,2025-01-23,4,5.9,0.0,2.3,11831.0,0.44,clear
WTH_00000533,2025-01-23,5,3.9,0.0,2.2,8038.0,0.32,clear
WTH_00000534,2025-01-23,6,4.4,0.0,8.5,8988.0,0.2,clear
WTH_00000535,2025-01-23,7,4.3,0.0,2.9,9633.0,0.48,clear
WTH_00000536,2025-01-23,8,1.4,0.0,25.7,8375.0,0.09,clear
WTH_00000537,2025-01-23,9,1.2,0.0,2.4,10291.0,0.07,clear
WTH_00000538,2025-01-23,10,1.1,0.0,12.3,9458.0,0.59,clear
WTH_00000539,2025-01-23,11,-0.3,0.0,4.7,7644.0,0.46,clear
WTH_00000540,2025-01-23,12,-2.7,0.0,24.5,10813.0,0.31,clear
WTH_00000541,2025-01-23,13,-3.9,0.0,15.9,8925.0,0.37,clear
WTH_00000542,2025-01-23,14,-1.0,0.0,8.6,10429.0,0.4,clear
WTH_00000543,2025-01-23,15,-2.5,0.0,18.7,9595.0,0.17,clear
WTH_00000544,2025-01-23,16,0.9,0.0,5.9,6165.0,0.39,clear
WTH_00000545,2025-01-23,17,0.5,0.0,11.3,7546.0,0.17,clear
WTH_00000546,2025-01-23,18,-2.4,0.0,11.0,10176.0,0.01,clear
WTH_00000547,2025-01-23,19,2.7,0.0,3.5,11147.0,0.26,clear
WTH_00000548,2025-01-23,20,-1.0,0.0,16.4,8469.0,0.52,clear
WTH_00000549,2025-01-23,21,0.1,0.0,4.8,11800.0,0.5,clear
WTH_00000550,2025-01-23,22,4.1,0.0,8.4,11952.0,0.27,clear
WTH_00000551,2025-01-23,23,2.6,0.0,6.7,8489.0,0.31,clear
WTH_00000552,2025-01-24,0,6.9,0.0,28.0,9827.0,0.43,clear
WTH_00000553,2025-01-24,1,5.9,0.0,5.7,11781.0,0.24,clear
WTH_00000554,2025-01-24,2,7.7,1.49,4.0,2150.0,0.6,rain
WTH_00000555,2025-01-24,3,6.8,0.0,21.9,11342.0,0.22,clear
WTH_00000556,2025-01-24,4,7.8,0.0,13.7,10625.0,0.1,clear
WTH_00000557,2025-01-24,5,6.4,0.0,34.5,6358.0,0.75,cloudy
WTH_00000558,2025-01-24,6,2.9,0.0,24.2,10280.0,0.28,clear
WTH_00000559,2025-01-24,7,3.2,0.0,7.0,11850.0,0.38,clear
WTH_00000560,2025-01-24,8,-0.4,0.0,13.8,8791.0,0.4,clear
WTH_00000561,2025-01-24,9,2.9,0.0,3.2,9363.0,0.23,clear
WTH_00000562,2025-01-24,10,-0.7,0.0,14.5,8467.0,0.26,clear
WTH_00000563,2025-01-24,11,-1.5,0.0,1.6,6183.0,0.37,clear
WTH_00000564,2025-01-24,12,1.0,0.0,5.0,6607.0,0.36,clear
WTH_00000565,2025-01-24,13,-0.4,0.0,3.6,11685.0,0.46,clear
WTH_00000566,2025-01-24,14,-3.0,0.0,24.1,8057.0,0.33,clear
WTH_00000567,2025-01-24,15,-4.6,0.0,21.4,8493.0,0.77,cloudy
WTH_00000568,2025-01-24,16,-1.0,0.0,12.3,8412.0,0.32,clear
WTH_00000569,2025-01-24,17,-0.6,4.94,25.0,2047.0,0.84,snow
WTH_00000570,2025-01-24,18,-0.9,0.0,5.5,8229.0,0.07,clear
WTH_00000571,2025-01-24,19,-2.7,0.0,3.5,7129.0,0.74,cloudy
WTH_00000572,2025-01-24,20,4.2,0.0,3.0,9688.0,0.12,clear
WTH_00000573,2025-01-24,21,1.8,0.0,22.3,8723.0,0.43,clear
WTH_00000574,2025-01-24,22,4.5,0.0,14.2,7655.0,0.64,cloudy
WTH_00000575,2025-01-24,23,4.9,0.0,15.5,9235.0,0.71,cloudy
WTH_00000576,2025-01-25,0,1.7,0.0,21.1,7970.0,0.3,clear
WTH_00000577,2025-01-25,1,5.5,0.0,4.2,7628.0,0.14,clear
WTH_00000578,2025-01-25,2,4.6,0.0,4.2,6297.0,0.28,clear
WTH_00000579,2025-01-25,3,2.9,0.0,11.0,8081.0,0.1,clear
WTH_00000580,2025-01-25,4,5.4,0.0,9.3,10822.0,0.86,cloudy
WTH_00000581,2025-01-25,5,5.3,0.0,21.3,9738.0,0.74,cloudy
WTH_00000582,2025-01-25,6,6.4,0.0,3.0,11634.0,0.23,clear
WTH_00000583,2025-01-25,7,1.0,0.0,5.7,7901.0,0.26,clear
WTH_00000584,2025-01-25,8,-1.6,0.0,2.6,925.0,0.5,fog
WTH_00000585,2025-01-25,9,3.2,0.0,7.6,6344.0,0.11,clear
WTH_00000586,2025-01-25,10,1.4,0.0,30.8,8552.0,0.16,clear
WTH_00000587,2025-01-25,11,-3.3,0.0,31.8,6995.0,0.75,cloudy
WTH_00000588,2025-01-25,12,-2.0,0.0,2.6,11083.0,0.14,clear
WTH_00000589,2025-01-25,13,2.2,0.0,22.1,9442.0,0.64,cloudy
WTH_00000590,2025-01-25,14,-3.3,0.0,12.9,11423.0,0.18,clear
WTH_00000591,2025-01-25,15,-1.1,0.0,2.5,7137.0,0.15,clear
WTH_00000592,2025-01-25,16,-1.4,0.0,3.3,10003.0,0.37,clear
WTH_00000593,2025-01-25,17,-3.9,0.0,1.7,6476.0,0.64,cloudy
WTH_00000594,2025-01-25,18,-1.4,0.0,2.9,9550.0,0.43,clear
WTH_00000595,2025-01-25,19,1.0,0.0,20.6,9925.0,0.31,clear
WTH_00000596,2025-01-25,20,1.4,0.0,3.0,10127.0,0.37,clear
WTH_00000597,2025-01-25,21,2.6,0.0,2.7,8025.0,0.64,cloudy
WTH_00000598,2025-01-25,22,5.2,0.0,23.7,9450.0,0.38,clear
WTH_00000599,2025-01-25,23,3.0,0.0,18.0,10400.0,0.19,clear
WTH_00000600,2025-01-26,0,3.5,1.79,24.6,1433.0,0.5,rain
WTH_00000601,2025-01-26,1,3.3,4.44,24.4,1288.0,0.78,rain
WTH_00000602,2025-01-26,2,5.0,2.58,21.1,2936.0,0.52,rain
WTH_00000603,2025-01-26,3,6.3,2.78,33.1,1638.0,0.61,rain
WTH_00000604,2025-01-26,4,4.6,5.74,29.3,2754.0,0.92,rain
WTH_00000605,2025-01-26,5,7.0,5.41,59.8,3580.0,0.7,rain
WTH_00000606,2025-01-26,6,4.8,2.17,44.6,2517.0,0.55,rain
WTH_00000607,2025-01-26,7,3.8,5.08,19.8,1350.0,0.48,rain
WTH_00000608,2025-01-26,8,-0.2,1.82,21.9,2767.0,0.8,snow
WTH_00000609,2025-01-26,9,3.0,6.76,23.0,1933.0,0.44,rain
WTH_00000610,2025-01-26,10,2.2,2.05,36.8,1370.0,0.81,rain
WTH_00000611,2025-01-26,11,0.2,2.11,21.5,2565.0,0.99,snow
WTH_00000612,2025-01-26,12,0.2,2.82,23.0,1239.0,0.93,snow
WTH_00000613,2025-01-26,13,-1.2,6.73,25.9,1008.0,0.68,snow
WTH_00000614,2025-01-26,14,-0.4,3.25,18.8,2599.0,0.65,snow
WTH_00000615,2025-01-26,15,-0.2,9.9,19.9,628.0,0.55,snow
WTH_00000616,2025-01-26,16,-1.9,2.21,21.8,2040.0,0.69,snow
WTH_00000617,2025-01-26,17,-3.0,6.64,21.0,1570.0,1.0,snow
WTH_00000618,2025-01-26,18,-2.6,2.06,25.2,1473.0,0.53,snow
WTH_00000619,2025-01-26,19,0.4,1.93,21.9,1612.0,1.0,snow
WTH_00000620,2025-01-26,20,4.0,7.1,21.6,2123.0,0.73,rain
WTH_00000621,2025-01-26,21,-0.1,0.87,17.8,528.0,0.89,snow
WTH_00000622,2025-01-26,22,0.7,3.54,43.7,1835.0,0.71,snow
WTH_00000623,2025-01-26,23,4.0,3.48,16.0,1351.0,0.49,rain
WTH_00000624,2025-01-27,0,3.8,0.0,11.4,11066.0,0.2,clear
WTH_00000625,2025-01-27,1,6.5,0.0,14.2,6258.0,0.64,cloudy
WTH_00000626,2025-01-27,2,5.3,0.0,16.6,8850.0,0.24,clear
WTH_00000627,2025-01-27,3,6.1,0.0,24.5,6702.0,0.51,clear
WTH_00000628,2025-01-27,4,8.2,0.0,17.5,7231.0,0.73,cloudy
WTH_00000629,2025-01-27,5,7.3,0.0,7.1,7906.0,0.14,clear
WTH_00000630,2025-01-27,6,4.7,0.0,27.4,467.0,0.08,fog
WTH_00000631,2025-01-27,7,0.3,0.0,24.6,6185.0,0.25,clear
WTH_00000632,2025-01-27,8,4.0,0.0,3.0,9086.0,0.18,clear
WTH_00000633,2025-01-27,9,2.0,0.0,3.0,8721.0,0.31,clear
WTH_00000634,2025-01-27,10,0.5,0.0,8.9,8994.0,0.61,cloudy
WTH_00000635,2025-01-27,11,0.1,0.0,8.5,7080.0,0.32,clear
WTH_00000636,2025-01-27,12,-0.5,0.0,16.5,7454.0,0.81,cloudy
WTH_00000637,2025-01-27,13,-0.1,0.0,4.7,10452.0,0.17,clear
WTH_00000638,2025-01-27,14,2.8,0.0,28.7,8122.0,0.29,clear
WTH_00000639,2025-01-27,15,-2.3,0.0,16.0,7026.0,0.25,clear
WTH_00000640,2025-01-27,16,-2.7,0.0,5.9,10063.0,0.67,cloudy
WTH_00000641,2025-01-27,17,-1.5,0.0,18.9,7887.0,0.12,clear
WTH_00000642,2025-01-27,18,1.6,0.0,9.0,563.0,0.46,fog
WTH_00000643,2025-01-27,19,0.1,0.0,23.6,9037.0,0.32,clear
WTH_00000644,2025-01-27,20,0.5,4.65,11.1,1761.0,0.87,snow
WTH_00000645,2025-01-27,21,0.6,0.0,9.9,8565.0,0.22,clear
WTH_00000646,2025-01-27,22,0.6,0.0,2.4,10271.0,0.21,clear
WTH_00000647,2025-01-27,23,2.9,0.0,7.3,6435.0,0.3,clear
WTH_00000648,2025-01-28,0,4.5,0.0,7.9,9367.0,0.34,clear
WTH_00000649,2025-01-28,1,5.4,0.0,17.1,11397.0,0.25,clear
WTH_00000650,2025-01-28,2,1.6,9.73,21.8,1815.0,0.82,rain
WTH_00000651,2025-01-28,3,5.0,0.0,2.4,11007.0,0.58,clear
WTH_00000652,2025-01-28,4,5.7,0.0,15.9,11600.0,0.27,clear
WTH_00000653,2025-01-28,5,5.8,0.0,16.8,9722.0,0.65,cloudy
WTH_00000654,2025-01-28,6,2.7,0.0,13.0,7909.0,0.43,clear
WTH_00000655,2025-01-28,7,2.0,0.0,7.6,6404.0,0.14,clear
WTH_00000656,2025-01-28,8,2.1,0.0,22.2,9470.0,0.17,clear
WTH_00000657,2025-01-28,9,1.6,0.0,10.4,6937.0,0.08,clear
WTH_00000658,2025-01-28,10,3.1,0.0,5.6,7875.0,0.37,clear
WTH_00000659,2025-01-28,11,2.8,0.0,6.4,10458.0,0.3,clear
WTH_00000660,2025-01-28,12,1.2,0.0,5.8,11468.0,0.46,clear
WTH_00000661,2025-01-28,13,-2.4,0.0,13.2,8451.0,0.73,cloudy
WTH_00000662,2025-01-28,14,1.4,0.0,3.3,11104.0,0.31,clear
WTH_00000663,2025-01-28,15,-6.2,2.55,18.3,2737.0,0.99,snow
WTH_00000664,2025-01-28,16,-3.2,12.63,2.9,1992.0,0.5,snow
WTH_00000665,2025-01-28,17,-1.6,0.0,8.1,10875.0,0.32,clear
WTH_00000666,2025-01-28,18,0.3,0.0,21.3,10862.0,0.19,clear
WTH_00000667,2025-01-28,19,0.6,0.0,2.5,7580.0,0.29,clear
WTH_00000668,2025-01-28,20,2.7,0.0,23.2,11724.0,0.44,clear
WTH_00000669,2025-01-28,21,3.9,0.0,31.6,9816.0,0.31,clear
WTH_00000670,2025-01-28,22,0.2,0.0,13.3,9948.0,0.2,clear
WTH_00000671,2025-01-28,23,0.8,0.0,17.7,6632.0,0.12,clear
WTH_00000672,2025-01-29,0,6.7,0.0,17.0,9956.0,0.47,clear
WTH_00000673,2025-01-29,1,7.3,0.0,2.5,7876.0,0.39,clear
WTH_00000674,2025-01-29,2,3.9,0.0,9.0,9119.0,0.39,clear
WTH_00000675,2025-01-29,3,3.1,0.0,2.2,9600.0,0.33,clear
WTH_00000676,2025-01-29,4,8.1,0.0,10.3,10780.0,0.53,clear
WTH_00000677,2025-01-29,5,8.6,0.0,5.9,7169.0,0.59,clear
WTH_00000678,2025-01-29,6,2.8,0.0,2.1,451.0,0.38,fog
WTH_00000679,2025-01-29,7,3.2,0.0,9.5,8833.0,0.13,clear
WTH_00000680,2025-01-29,8,4.4,0.0,2.7,9073.0,0.29,clear
WTH_00000681,2025-01-29,9,3.1,0.0,10.2,6639.0,0.53,clear
WTH_00000682,2025-01-29,10,2.5,0.0,17.6,7670.0,0.31,clear
WTH_00000683,2025-01-29,11,-0.1,0.0,5.7,10944.0,0.14,clear
WTH_00000684,2025-01-29,12,-2.5,0.0,8.5,11064.0,0.33,clear
WTH_00000685,2025-01-29,13,-0.9,0.0,10.8,8496.0,0.81,cloudy
WTH_00000686,2025-01-29,14,-0.3,0.0,8.9,11032.0,0.48,clear
WTH_00000687,2025-01-29,15,-2.4,0.0,8.0,9124.0,0.66,cloudy
WTH_00000688,2025-01-29,16,-2.9,0.0,9.1,7078.0,0.2,clear
WTH_00000689,2025-01-29,17,-0.6,0.0,16.2,9810.0,0.25,clear
WTH_00000690,2025-01-29,18,0.5,0.0,6.6,7348.0,0.42,clear
WTH_00000691,2025-01-29,19,-1.9,0.0,2.5,9379.0,0.14,clear
WTH_00000692,2025-01-29,20,3.3,0.0,14.3,902.0,0.28,fog
WTH_00000693,2025-01-29,21,5.4,0.0,24.7,8407.0,0.42,clear
WTH_00000694,2025-01-29,22,-1.3,0.0,5.8,6946.0,0.3,clear
WTH_00000695,2025-01-29,23,3.6,0.0,46.3,11961.0,0.12,clear
WTH_00000696,2025-01-30,0,6.0,0.0,5.2,8226.0,0.44,clear
WTH_00000697,2025-01-30,1,9.0,0.0,14.4,8058.0,0.41,clear
WTH_00000698,2025-01-30,2,3.7,0.0,15.5,11441.0,0.32,clear
WTH_00000699,2025-01-30,3,5.4,0.0,19.3,6427.0,0.04,clear
WTH_00000700,2025-01-30,4,6.4,0.0,8.9,1171.0,0.43,fog
WTH_00000701,2025-01-30,5,3.7,0.0,26.0,8030.0,0.43,clear
WTH_00000702,2025-01-30,6,3.1,0.0,17.6,6670.0,0.3,clear
WTH_00000703,2025-01-30,7,1.8,0.0,20.6,9602.0,0.37,clear
WTH_00000704,2025-01-30,8,5.5,0.0,7.0,9515.0,0.08,clear
WTH_00000705,2025-01-30,9,4.6,0.0,5.9,11300.0,0.37,clear
WTH_00000706,2025-01-30,10,-0.4,11.87,15.9,1056.0,0.51,snow
WTH_00000707,2025-01-30,11,-0.3,0.0,12.7,6995.0,0.45,clear
WTH_00000708,2025-01-30,12,-0.5,0.0,29.1,6343.0,0.27,clear
WTH_00000709,2025-01-30,13,-1.7,0.0,19.0,8941.0,0.02,clear
WTH_00000710,2025-01-30,14,-2.9,0.0,2.7,9760.0,0.23,clear
WTH_00000711,2025-01-30,15,0.3,0.0,2.1,9635.0,0.3,clear
WTH_00000712,2025-01-30,16,-0.9,0.0,12.0,10473.0,0.18,clear
WTH_00000713,2025-01-30,17,-2.9,0.0,14.3,6316.0,0.19,clear
WTH_00000714,2025-01-30,18,-3.0,0.0,16.2,9174.0,0.36,clear
WTH_00000715,2025-01-30,19,-0.8,0.0,8.5,6488.0,0.45,clear
WTH_00000716,2025-01-30,20,2.4,0.0,7.8,6066.0,0.39,clear
WTH_00000717,2025-01-30,21,3.8,0.0,8.1,8296.0,0.11,clear
WTH_00000718,2025-01-30,22,2.5,0.0,7.2,11042.0,0.48,clear
WTH_00000719,2025-01-30,23,4.7,0.0,9.6,6164.0,0.08,clear
WTH_00000720,2025-01-31,0,4.0,6.07,21.6,3573.0,0.56,rain
WTH_00000721,2025-01-31,1,4.6,3.97,35.9,844.0,1.0,rain
WTH_00000722,2025-01-31,2,6.4,2.17,23.0,3780.0,0.67,rain
WTH_00000723,2025-01-31,3,5.8,2.39,21.8,1512.0,0.85,rain
WTH_00000724,2025-01-31,4,8.0,7.84,15.2,2522.0,0.5,rain
WTH_00000725,2025-01-31,5,4.3,3.03,19.0,3704.0,0.75,rain
WTH_00000726,2025-01-31,6,4.0,18.29,33.1,1958.0,0.71,storm
WTH_00000727,2025-01-31,7,3.8,6.54,37.2,1406.0,0.79,rain
WTH_00000728,2025-01-31,8,4.8,8.94,24.1,3265.0,0.69,storm
WTH_00000729,2025-01-31,9,1.1,3.54,22.8,2361.0,0.92,snow
WTH_00000730,2025-01-31,10,-2.0,5.45,23.1,589.0,0.84,snow
WTH_00000731,2025-01-31,11,-0.4,5.03,28.1,2115.0,0.68,snow
WTH_00000732,2025-01-31,12,4.7,8.51,31.2,3177.0,0.59,storm
WTH_00000733,2025-01-31,13,-1.6,4.74,38.3,2167.0,0.48,snow
WTH_00000734,2025-01-31,14,-3.7,9.26,25.2,2725.0,0.95,snow
WTH_00000735,2025-01-31,15,-5.0,8.76,26.2,506.0,0.63,snow
WTH_00000736,2025-01-31,16,1.2,1.46,17.4,1617.0,0.98,snow
WTH_00000737,2025-01-31,17,0.2,1.69,22.1,2324.0,0.62,snow
WTH_00000738,2025-01-31,18,-1.8,5.26,21.2,1320.0,0.59,snow
WTH_00000739,2025-01-31,19,-1.4,7.05,25.1,2412.0,0.83,snow
WTH_00000740,2025-01-31,20,2.8,4.73,19.2,3430.0,1.0,rain
WTH_00000741,2025-01-31,21,1.4,7.85,24.7,1714.0,0.78,snow
WTH_00000742,2025-01-31,22,2.9,14.45,36.4,1785.0,0.7,storm
WTH_00000743,2025-01-31,23,4.2,5.16,23.3,2590.0,0.57,rain
WTH_00000744,2025-02-01,0,1.9,0.0,13.9,11070.0,0.13,clear
WTH_00000745,2025-02-01,1,6.2,0.0,11.3,11570.0,0.13,clear
WTH_00000746,2025-02-01,2,11.5,0.0,9.6,10375.0,0.32,clear
WTH_00000747,2025-02-01,3,8.5,1.84,10.7,3710.0,0.86,rain
WTH_00000748,2025-02-01,4,2.1,0.0,9.4,7166.0,0.4,clear
WTH_00000749,2025-02-01,5,3.3,0.0,23.0,6396.0,0.64,cloudy
WTH_00000750,2025-02-01,6,1.9,0.0,3.6,8051.0,0.1,clear
WTH_00000751,2025-02-01,7,6.3,0.0,49.6,8771.0,0.26,clear
WTH_00000752,2025-02-01,8,1.0,0.0,4.4,9732.0,0.52,clear
WTH_00000753,2025-02-01,9,-0.3,0.0,10.7,11897.0,0.24,clear
WTH_00000754,2025-02-01,10,1.0,0.0,17.2,8279.0,0.47,clear
WTH_00000755,2025-02-01,11,-1.2,0.0,14.8,6618.0,0.48,clear
WTH_00000756,2025-02-01,12,4.0,0.0,18.2,6016.0,0.49,clear
WTH_00000757,2025-02-01,13,0.2,0.0,3.6,9018.0,0.22,clear
WTH_00000758,2025-02-01,14,-5.5,0.0,20.1,10289.0,0.43,clear
WTH_00000759,2025-02-01,15,-1.2,0.0,5.5,8876.0,0.73,cloudy
WTH_00000760,2025-02-01,16,-2.4,0.0,25.5,6425.0,0.73,cloudy
WTH_00000761,2025-02-01,17,0.6,0.0,7.4,11285.0,0.2,clear
WTH_00000762,2025-02-01,18,-0.4,0.0,18.3,9531.0,0.18,clear
WTH_00000763,2025-02-01,19,2.3,0.0,9.2,6072.0,0.61,cloudy
WTH_00000764,2025-02-01,20,-0.5,0.0,5.3,8532.0,0.12,clear
WTH_00000765,2025-02-01,21,1.1,0.0,8.4,11340.0,0.2,clear
WTH_00000766,2025-02-01,22,1.7,0.0,10.0,7422.0,0.48,clear
WTH_00000767,2025-02-01,23,7.7,0.0,23.0,9386.0,0.12,clear
WTH_00000768,2025-02-02,0,4.4,0.0,14.3,8925.0,0.2,clear
WTH_00000769,2025-02-02,1,3.0,0.0,69.1,6723.0,0.5,clear
WTH_00000770,2025-02-02,2,2.9,0.0,13.9,10784.0,0.02,clear
WTH_00000771,2025-02-02,3,5.4,0.0,13.2,9050.0,0.67,cloudy
WTH_00000772,2025-02-02,4,6.2,0.0,12.4,9874.0,0.24,clear
WTH_00000773,2025-02-02,5,4.0,0.0,9.6,6334.0,0.41,clear
WTH_00000774,2025-02-02,6,4.2,0.0,6.3,10085.0,0.56,clear
WTH_00000775,2025-02-02,7,3.5,0.0,17.6,11575.0,0.21,clear
WTH_00000776,2025-02-02,8,5.7,0.0,6.2,10469.0,0.37,clear
WTH_00000777,2025-02-02,9,4.2,0.0,14.1,9533.0,0.27,clear
WTH_00000778,2025-02-02,10,3.2,0.0,3.4,8443.0,0.78,cloudy
WTH_00000779,2025-02-02,11,0.0,0.0,16.9,673.0,0.54,fog
WTH_00000780,2025-02-02,12,-1.9,0.0,8.7,10170.0,0.55,clear
WTH_00000781,2025-02-02,13,-2.9,0.0,19.7,7040.0,0.4,clear
WTH_00000782,2025-02-02,14,-3.1,0.0,5.7,7182.0,0.33,clear
WTH_00000783,2025-02-02,15,-2.4,0.0,4.0,11718.0,0.94,cloudy
WTH_00000784,2025-02-02,16,-3.3,0.0,1.7,6354.0,0.38,clear
WTH_00000785,2025-02-02,17,-2.1,0.0,4.5,11528.0,0.21,clear
WTH_00000786,2025-02-02,18,-2.2,0.0,8.1,6972.0,0.29,clear
WTH_00000787,2025-02-02,19,-2.3,0.0,4.0,8364.0,0.63,cloudy
WTH_00000788,2025-02-02,20,1.7,0.0,6.6,200.0,0.22,fog
WTH_00000789,2025-02-02,21,2.6,0.0,4.3,9535.0,0.13,clear
WTH_00000790,2025-02-02,22,2.2,0.0,10.5,9693.0,0.34,clear
WTH_00000791,2025-02-02,23,7.0,0.0,9.6,7182.0,0.2,clear
WTH_00000792,2025-02-03,0,4.5,0.0,15.8,7342.0,0.04,clear
WTH_00000793,2025-02-03,1,3.5,0.0,17.1,8869.0,0.52,clear
WTH_00000794,2025-02-03,2,1.4,4.29,6.9,581.0,0.88,snow
WTH_00000795,2025-02-03,3,6.5,0.0,24.6,8288.0,0.28,clear
WTH_00000796,2025-02-03,4,7.2,0.0,4.8,10206.0,0.39,clear
WTH_00000797,2025-02-03,5,9.1,0.0,3.9,7905.0,0.68,cloudy
WTH_00000798,2025-02-03,6,5.4,0.0,9.5,9607.0,0.85,cloudy
WTH_00000799,2025-02-03,7,-0.5,0.0,13.6,9434.0,0.08,clear
WTH_00000800,2025-02-03,8,3.8,0.0,6.7,8069.0,0.11,clear
WTH_00000801,2025-02-03,9,3.9,0.0,20.9,8445.0,0.42,clear
WTH_00000802,2025-02-03,10,-0.2,0.0,11.3,8147.0,0.17,clear
WTH_00000803,2025-02-03,11,1.3,0.0,10.1,1030.0,0.29,fog
WTH_00000804,2025-02-03,12,1.5,0.0,30.9,10512.0,0.04,clear
WTH_00000805,2025-02-03,13,-2.2,0.0,13.0,6567.0,0.13,clear
WTH_00000806,2025-02-03,14,1.5,0.0,3.3,9140.0,0.5,clear
WTH_00000807,2025-02-03,15,0.1,0.0,11.1,6196.0,0.11,clear
WTH_00000808,2025-02-03,16,1.5,0.0,1.7,11115.0,0.13,clear
WTH_00000809,2025-02-03,17,-1.5,0.0,1.4,753.0,0.51,fog
WTH_00000810,2025-02-03,18,1.6,0.0,6.0,6477.0,0.28,clear
WTH_00000811,2025-02-03,19,3.7,0.0,16.3,11892.0,0.33,clear
WTH_00000812,2025-02-03,20,1.1,0.0,9.4,9906.0,0.53,clear
WTH_00000813,2025-02-03,21,-1.2,0.0,10.9,8602.0,0.35,clear
WTH_00000814,2025-02-03,22,0.9,0.0,2.7,6281.0,0.39,clear
WTH_00000815,2025-02-03,23,4.9,0.0,6.3,11568.0,0.05,clear
WTH_00000816,2025-02-04,0,6.2,0.0,19.5,11456.0,0.41,clear
WTH_00000817,2025-02-04,1,8.4,0.0,10.0,7552.0,0.47,clear
WTH_00000818,2025-02-04,2,4.6,16.19,8.2,1606.0,0.59,rain
WTH_00000819,2025-02-04,3,6.6,0.0,13.0,6572.0,0.39,clear
WTH_00000820,2025-02-04,4,4.7,0.0,7.6,7831.0,0.59,clear
WTH_00000821,2025-02-04,5,2.4,0.0,14.1,8989.0,0.48,clear
WTH_00000822,2025-02-04,6,4.6,0.0,18.7,6173.0,0.34,clear
WTH_00000823,2025-02-04,7,5.2,0.0,12.4,9848.0,0.44,clear
WTH_00000824,2025-02-04,8,2.7,0.0,4.3,9990.0,0.61,cloudy
WTH_00000825,2025-02-04,9,1.8,0.0,5.4,9398.0,0.18,clear
WTH_00000826,2025-02-04,10,1.7,0.0,5.1,10712.0,0.69,cloudy
WTH_00000827,2025-02-04,11,3.2,0.0,25.4,326.0,0.31,fog
WTH_00000828,2025-02-04,12,-4.4,0.0,8.2,11764.0,0.34,clear
WTH_00000829,2025-02-04,13,-4.1,0.0,25.7,10493.0,0.2,clear
WTH_00000830,2025-02-04,14,-2.9,0.0,7.2,10270.0,0.21,clear
WTH_00000831,2025-02-04,15,-1.9,0.0,5.8,8775.0,0.05,clear
WTH_00000832,2025-02-04,16,-0.2,0.0,4.0,8977.0,0.18,clear
WTH_00000833,2025-02-04,17,-4.0,0.0,27.4,11942.0,0.26,clear
WTH_00000834,2025-02-04,18,-1.9,0.0,6.6,8019.0,0.52,clear
WTH_00000835,2025-02-04,19,1.1,0.0,17.4,6542.0,0.7,cloudy
WTH_00000836,2025-02-04,20,2.3,0.0,11.4,8237.0,0.34,clear
WTH_00000837,2025-02-04,21,1.5,0.0,3.4,7153.0,0.07,clear
WTH_00000838,2025-02-04,22,4.9,0.0,11.0,7748.0,0.48,clear
WTH_00000839,2025-02-04,23,7.8,0.0,3.4,6959.0,0.09,clear
WTH_00000840,2025-02-05,0,4.0,6.97,7.0,1000.0,0.6,rain
WTH_00000841,2025-02-05,1,5.0,0.0,6.7,11932.0,0.13,clear
WTH_00000842,2025-02-05,2,4.3,3.66,4.3,3438.0,0.48,rain
WTH_00000843,2025-02-05,3,7.7,0.0,7.0,10958.0,0.55,clear
WTH_00000844,2025-02-05,4,4.3,0.0,23.6,9584.0,0.16,clear
WTH_00000845,2025-02-05,5,5.7,0.0,12.4,8099.0,0.51,clear
WTH_00000846,2025-02-05,6,3.3,0.0,2.0,9321.0,0.26,clear
WTH_00000847,2025-02-05,7,4.2,0.0,4.7,11313.0,0.2,clear
WTH_00000848,2025-02-05,8,0.4,0.0,23.0,6872.0,0.39,clear
WTH_00000849,2025-02-05,9,4.0,0.0,1.6,6859.0,0.14,clear
WTH_00000850,2025-02-05,10,1.7,0.0,1.3,6799.0,0.14,clear
WTH_00000851,2025-02-05,11,-0.4,0.0,19.0,10946.0,0.3,clear
WTH_00000852,2025-02-05,12,1.9,0.0,12.4,10124.0,0.26,clear
WTH_00000853,2025-02-05,13,-2.6,3.02,30.4,2484.0,0.77,snow
WTH_00000854,2025-02-05,14,-1.2,0.0,15.2,9611.0,0.29,clear
WTH_00000855,2025-02-05,15,-4.2,31.33,3.0,2158.0,1.0,snow
WTH_00000856,2025-02-05,16,1.6,0.0,5.3,7655.0,0.46,clear
WTH_00000857,2025-02-05,17,-3.9,0.0,13.9,11144.0,0.23,clear
WTH_00000858,2025-02-05,18,0.2,0.0,12.8,9391.0,0.18,clear
WTH_00000859,2025-02-05,19,1.0,0.0,24.6,9505.0,0.53,clear
WTH_00000860,2025-02-05,20,4.8,0.0,15.5,11121.0,0.31,clear
WTH_00000861,2025-02-05,21,1.6,0.0,5.8,10680.0,0.56,clear
WTH_00000862,2025-02-05,22,2.8,0.0,19.8,7824.0,0.24,clear
WTH_00000863,2025-02-05,23,2.7,0.0,13.9,492.0,0.41,fog
WTH_00000864,2025-02-06,0,4.4,8.95,16.5,1024.0,0.73,storm
WTH_00000865,2025-02-06,1,4.8,5.43,23.8,3388.0,0.79,rain
WTH_00000866,2025-02-06,2,5.0,13.05,28.0,2774.0,1.0,storm
WTH_00000867,2025-02-06,3,3.9,10.51,21.9,3445.0,0.9,storm
WTH_00000868,2025-02-06,4,8.8,6.61,26.4,3163.0,0.53,rain
WTH_00000869,2025-02-06,5,2.3,2.32,39.1,2816.0,0.62,rain
WTH_00000870,2025-02-06,6,4.3,2.69,31.7,2740.0,0.64,rain
WTH_00000871,2025-02-06,7,2.1,10.0,27.8,2458.0,0.85,storm
WTH_00000872,2025-02-06,8,2.1,2.85,18.9,1605.0,0.91,rain
WTH_00000873,2025-02-06,9,0.5,2.9,15.5,1813.0,0.63,snow
WTH_00000874,2025-02-06,10,0.0,5.43,32.9,2720.0,0.48,snow
WTH_00000875,2025-02-06,11,-1.8,4.62,18.8,2626.0,0.57,snow
WTH_00000876,2025-02-06,12,0.6,5.62,23.9,2461.0,0.57,snow
WTH_00000877,2025-02-06,13,0.7,1.21,41.3,2800.0,0.69,snow
WTH_00000878,2025-02-06,14,0.3,4.17,48.7,506.0,0.58,snow
WTH_00000879,2025-02-06,15,-3.0,3.14,21.3,1699.0,0.91,snow
WTH_00000880,2025-02-06,16,0.1,3.99,18.7,1160.0,0.81,snow
WTH_00000881,2025-02-06,17,0.4,14.33,19.6,2222.0,0.73,snow
WTH_00000882,2025-02-06,18,0.2,2.61,21.2,2096.0,0.53,snow
WTH_00000883,2025-02-06,19,-0.4,15.18,36.4,1606.0,1.0,snow
WTH_00000884,2025-02-06,20,-2.1,13.0,26.4,948.0,0.59,snow
WTH_00000885,2025-02-06,21,0.8,4.04,35.8,1008.0,0.67,snow
WTH_00000886,2025-02-06,22,1.7,2.49,48.1,1868.0,0.59,rain
WTH_00000887,2025-02-06,23,2.0,9.46,32.3,1976.0,0.99,storm
WTH_00000888,2025-02-07,0,7.0,0.0,1.8,6008.0,0.18,clear
WTH_00000889,2025-02-07,1,8.0,0.0,2.7,6098.0,0.22,clear
WTH_00000890,2025-02-07,2,4.4,0.0,17.0,8706.0,0.35,clear
WTH_00000891,2025-02-07,3,6.3,0.0,13.9,6307.0,0.56,clear
WTH_00000892,2025-02-07,4,9.3,0.0,1.0,11237.0,0.35,clear
WTH_00000893,2025-02-07,5,4.5,0.0,11.5,6362.0,0.14,clear
WTH_00000894,2025-02-07,6,5.1,0.0,7.9,7988.0,0.17,clear
WTH_00000895,2025-02-07,7,4.8,0.0,45.9,7210.0,0.14,clear
WTH_00000896,2025-02-07,8,6.2,0.0,8.3,7975.0,0.57,clear
WTH_00000897,2025-02-07,9,1.9,0.0,14.8,9365.0,0.13,clear
WTH_00000898,2025-02-07,10,4.8,0.0,4.1,7523.0,0.18,clear
WTH_00000899,2025-02-07,11,-1.0,0.0,5.3,6337.0,0.51,clear
WTH_00000900,2025-02-07,12,-3.0,0.0,11.0,7624.0,0.29,clear
WTH_00000901,2025-02-07,13,-2.5,0.0,11.6,7355.0,0.57,clear
WTH_00000902,2025-02-07,14,1.1,0.0,6.6,6606.0,0.43,clear
WTH_00000903,2025-02-07,15,-1.4,0.0,27.1,11311.0,0.22,clear
WTH_00000904,2025-02-07,16,-1.5,0.0,7.8,9676.0,0.24,clear
WTH_00000905,2025-02-07,17,-2.3,0.0,5.9,7605.0,0.12,clear
WTH_00000906,2025-02-07,18,-1.9,0.0,9.0,7377.0,0.26,clear
WTH_00000907,2025-02-07,19,0.1,0.0,5.7,11091.0,0.23,clear
WTH_00000908,2025-02-07,20,1.0,0.0,22.7,7802.0,0.17,clear
WTH_00000909,2025-02-07,21,2.6,0.0,10.2,9786.0,0.27,clear
WTH_00000910,2025-02-07,22,3.2,0.0,24.2,8739.0,0.35,clear
WTH_00000911,2025-02-07,23,5.9,0.0,31.4,10108.0,0.25,clear
WTH_00000912,2025-02-08,0,5.6,7.14,6.6,2920.0,0.41,rain
WTH_00000913,2025-02-08,1,5.2,0.0,25.9,6252.0,0.19,clear
WTH_00000914,2025-02-08,2,6.9,0.0,20.6,9995.0,0.4,clear
WTH_00000915,2025-02-08,3,6.6,0.0,8.5,11703.0,0.51,clear
WTH_00000916,2025-02-08,4,8.5,0.0,9.1,9194.0,0.33,clear
WTH_00000917,2025-02-08,5,6.5,0.0,17.6,7614.0,0.19,clear
WTH_00000918,2025-02-08,6,1.6,0.0,10.6,7022.0,0.19,clear
WTH_00000919,2025-02-08,7,1.7,0.0,4.5,7372.0,0.37,clear
WTH_00000920,2025-02-08,8,3.3,0.0,11.9,10255.0,0.35,clear
WTH_00000921,2025-02-08,9,3.8,0.0,0.6,11621.0,0.43,clear
WTH_00000922,2025-02-08,10,1.4,0.0,18.0,8494.0,0.37,clear
WTH_00000923,2025-02-08,11,0.0,0.0,15.4,11758.0,0.2,clear
WTH_00000924,2025-02-08,12,-0.7,0.0,14.3,6146.0,0.24,clear
WTH_00000925,2025-02-08,13,-2.2,0.0,17.1,11974.0,0.18,clear
WTH_00000926,2025-02-08,14,0.8,0.0,7.1,11095.0,0.52,clear
WTH_00000927,2025-02-08,15,-2.4,0.0,6.8,7427.0,0.23,clear
WTH_00000928,2025-02-08,16,-2.3,0.0,10.1,6517.0,0.48,clear
WTH_00000929,2025-02-08,17,-1.4,0.0,1.4,8664.0,0.44,clear
WTH_00000930,2025-02-08,18,0.5,0.0,9.8,7316.0,0.64,cloudy
WTH_00000931,2025-02-08,19,-0.6,0.0,12.4,8444.0,0.17,clear
WTH_00000932,2025-02-08,20,0.2,0.0,3.9,7043.0,0.1,clear
WTH_00000933,2025-02-08,21,-0.8,0.0,16.8,7246.0,0.13,clear
WTH_00000934,2025-02-08,22,-0.7,0.0,15.3,7364.0,0.27,clear
WTH_00000935,2025-02-08,23,4.3,0.0,17.9,11314.0,0.56,clear
WTH_00000936,2025-02-09,0,3.9,0.0,8.5,10587.0,0.32,clear
WTH_00000937,2025-02-09,1,6.3,0.0,23.2,11949.0,0.29,clear
WTH_00000938,2025-02-09,2,11.1,0.0,32.6,8949.0,0.3,clear
WTH_00000939,2025-02-09,3,5.5,0.0,6.4,9016.0,0.72,cloudy
WTH_00000940,2025-02-09,4,5.5,0.0,4.7,11046.0,0.11,clear
WTH_00000941,2025-02-09,5,3.2,0.0,34.2,10675.0,0.55,clear
WTH_00000942,2025-02-09,6,5.9,0.0,26.7,9780.0,0.25,clear
WTH_00000943,2025-02-09,7,1.7,0.0,12.0,7988.0,0.36,clear
WTH_00000944,2025-02-09,8,2.0,0.0,43.5,7278.0,0.53,clear
WTH_00000945,2025-02-09,9,5.9,0.0,8.2,7023.0,0.08,clear
WTH_00000946,2025-02-09,10,3.7,0.0,9.3,10627.0,0.31,clear
WTH_00000947,2025-02-09,11,0.4,0.0,9.9,7620.0,0.64,cloudy
WTH_00000948,2025-02-09,12,-1.4,0.0,9.9,11158.0,0.26,clear
WTH_00000949,2025-02-09,13,-3.1,0.0,9.9,8345.0,0.64,cloudy
WTH_00000950,2025-02-09,14,-2.8,0.0,10.3,6167.0,0.03,clear
WTH_00000951,2025-02-09,15,-3.1,0.0,5.9,7087.0,0.18,clear
WTH_00000952,2025-02-09,16,-4.6,0.0,5.9,9404.0,0.54,clear
WTH_00000953,2025-02-09,17,-5.4,0.0,10.5,8642.0,0.26,clear
WTH_00000954,2025-02-09,18,-1.0,2.97,12.7,810.0,0.92,snow
WTH_00000955,2025-02-09,19,1.3,0.0,6.3,9269.0,0.43,clear
WTH_00000956,2025-02-09,20,0.2,0.0,7.8,10965.0,0.2,clear
WTH_00000957,2025-02-09,21,4.0,0.0,5.7,6548.0,0.49,clear
WTH_00000958,2025-02-09,22,4.9,0.0,22.5,11059.0,0.23,clear
WTH_00000959,2025-02-09,23,-0.9,0.0,30.4,11425.0,0.57,clear
WTH_00000960,2025-02-10,0,6.1,0.0,2.2,1145.0,0.09,fog
WTH_00000961,2025-02-10,1,4.5,0.0,20.7,6082.0,0.51,clear
WTH_00000962,2025-02-10,2,3.7,0.0,2.8,8400.0,0.14,clear
WTH_00000963,2025-02-10,3,2.9,0.0,7.4,9029.0,0.7,cloudy
WTH_00000964,2025-02-10,4,4.8,2.7,15.4,3955.0,0.48,rain
WTH_00000965,2025-02-10,5,7.8,0.0,9.6,7253.0,0.49,clear
WTH_00000966,2025-02-10,6,5.1,0.0,10.5,9231.0,0.44,clear
WTH_00000967,2025-02-10,7,4.6,0.0,14.8,8648.0,0.35,clear
WTH_00000968,2025-02-10,8,5.3,0.0,13.3,8780.0,0.19,clear
WTH_00000969,2025-02-10,9,0.2,0.0,20.0,9866.0,0.24,clear
WTH_00000970,2025-02-10,10,2.8,0.0,5.8,6541.0,0.16,clear
WTH_00000971,2025-02-10,11,-1.0,0.0,0.5,9018.0,0.25,clear
WTH_00000972,2025-02-10,12,-3.5,0.0,16.9,7922.0,0.56,clear
WTH_00000973,2025-02-10,13,0.0,0.0,16.9,7078.0,0.18,clear
WTH_00000974,2025-02-10,14,0.6,0.0,13.0,10289.0,0.46,clear
WTH_00000975,2025-02-10,15,-4.4,0.0,8.0,7775.0,0.32,clear
WTH_00000976,2025-02-10,16,-1.6,0.0,11.2,10437.0,0.59,clear
WTH_00000977,2025-02-10,17,-2.6,0.0,27.4,9634.0,0.19,clear
WTH_00000978,2025-02-10,18,-0.2,0.0,13.9,7235.0,0.73,cloudy
WTH_00000979,2025-02-10,19,1.3,0.0,5.5,9674.0,0.21,clear
WTH_00000980,2025-02-10,20,0.6,0.0,8.9,7972.0,0.17,clear
WTH_00000981,2025-02-10,21,1.2,0.0,5.9,6923.0,0.42,clear
WTH_00000982,2025-02-10,22,7.6,0.0,20.3,11548.0,0.62,cloudy
WTH_00000983,2025-02-10,23,3.6,0.0,22.3,7545.0,0.32,clear
WTH_00000984,2025-02-11,0,7.8,0.0,16.5,9207.0,0.06,clear
WTH_00000985,2025-02-11,1,3.3,0.0,1.5,11968.0,0.5,clear
WTH_00000986,2025-02-11,2,6.4,0.0,6.0,7319.0,0.38,clear
WTH_00000987,2025-02-11,3,2.0,0.0,5.9,9021.0,0.51,clear
WTH_00000988,2025-02-11,4,5.3,0.0,3.3,6034.0,0.74,cloudy
WTH_00000989,2025-02-11,5,5.4,0.0,28.8,7128.0,0.63,cloudy
WTH_00000990,2025-02-11,6,3.1,0.0,4.0,11697.0,0.01,clear
WTH_00000991,2025-02-11,7,3.6,0.0,33.1,8129.0,0.05,clear
WTH_00000992,2025-02-11,8,2.4,0.0,20.6,7453.0,0.25,clear
WTH_00000993,2025-02-11,9,2.1,0.0,12.7,9802.0,0.38,clear
WTH_00000994,2025-02-11,10,1.1,0.0,7.8,8855.0,0.45,clear
WTH_00000995,2025-02-11,11,-1.6,0.0,8.3,11049.0,0.06,clear
WTH_00000996,2025-02-11,12,-1.7,0.0,2.1,8355.0,0.1,clear
WTH_00000997,2025-02-11,13,-0.2,0.0,12.1,8756.0,0.66,cloudy
WTH_00000998,2025-02-11,14,-1.7,0.0,2.8,9304.0,0.54,clear
WTH_00000999,2025-02-11,15,-3.6,0.0,13.5,6753.0,0.28,clear
WTH_00001000,2025-02-11,16,-1.2,0.0,24.2,9688.0,0.31,clear
WTH_00001001,2025-02-11,17,0.7,0.0,5.7,530.0,0.53,fog
WTH_00001002,2025-02-11,18,2.0,0.0,5.3,10129.0,0.23,clear
WTH_00001003,2025-02-11,19,1.5,0.0,10.9,9277.0,0.6,cloudy
WTH_00001004,2025-02-11,20,2.6,0.0,4.3,11667.0,0.74,cloudy
WTH_00001005,2025-02-11,21,0.9,0.0,5.2,10443.0,0.33,clear
WTH_00001006,2025-02-11,22,3.6,0.0,2.6,9562.0,0.44,clear
WTH_00001007,2025-02-11,23,2.1,0.0,5.4,10350.0,0.13,clear
WTH_00001008,2025-02-12,0,2.8,4.07,13.2,1050.0,0.9,rain
WTH_00001009,2025-02-12,1,4.0,0.0,6.6,11040.0,0.33,clear
WTH_00001010,2025-02-12,2,7.1,0.0,2.0,9614.0,0.56,clear
WTH_00001011,2025-02-12,3,6.4,0.0,5.8,7411.0,0.24,clear
WTH_00001012,2025-02-12,4,7.8,10.31,1.9,2010.0,0.99,rain
WTH_00001013,2025-02-12,5,6.1,0.0,5.8,6279.0,0.73,cloudy
WTH_00001014,2025-02-12,6,5.4,0.0,15.9,8425.0,0.36,clear
WTH_00001015,2025-02-12,7,6.1,0.0,7.1,10003.0,0.08,clear
WTH_00001016,2025-02-12,8,6.0,0.0,9.1,10175.0,0.25,clear
WTH_00001017,2025-02-12,9,-0.5,0.0,6.4,8070.0,0.2,clear
WTH_00001018,2025-02-12,10,3.7,0.0,13.5,7943.0,0.36,clear
WTH_00001019,2025-02-12,11,-1.9,0.0,2.7,10048.0,0.1,clear
WTH_00001020,2025-02-12,12,2.6,0.0,5.5,9002.0,0.22,clear
WTH_00001021,2025-02-12,13,-2.4,0.0,9.4,8843.0,0.74,cloudy
WTH_00001022,2025-02-12,14,-2.2,0.0,7.0,9712.0,0.11,clear
WTH_00001023,2025-02-12,15,-3.1,0.0,11.3,7664.0,0.16,clear
WTH_00001024,2025-02-12,16,-3.5,0.0,11.7,11174.0,0.15,clear
WTH_00001025,2025-02-12,17,0.7,0.0,5.8,11858.0,0.35,clear
WTH_00001026,2025-02-12,18,0.8,0.0,0.2,11081.0,0.09,clear
WTH_00001027,2025-02-12,19,-2.1,0.0,11.7,6024.0,0.17,clear
WTH_00001028,2025-02-12,20,0.8,0.0,1.1,7496.0,0.27,clear
WTH_00001029,2025-02-12,21,1.0,0.0,20.9,7708.0,0.22,clear
WTH_00001030,2025-02-12,22,1.7,0.0,28.8,10005.0,0.3,clear
WTH_00001031,2025-02-12,23,3.9,0.0,11.4,10248.0,0.4,clear
WTH_00001032,2025-02-13,0,2.6,0.0,11.0,7052.0,0.6,cloudy
WTH_00001033,2025-02-13,1,8.8,0.0,33.1,7239.0,0.43,clear
WTH_00001034,2025-02-13,2,6.9,0.0,7.2,10623.0,0.2,clear
WTH_00001035,2025-02-13,3,5.8,0.0,13.2,10002.0,0.05,clear
WTH_00001036,2025-02-13,4,6.1,0.0,20.5,8157.0,0.37,clear
WTH_00001037,2025-02-13,5,5.6,0.0,3.8,10319.0,0.32,clear
WTH_00001038,2025-02-13,6,3.1,0.0,10.9,10819.0,0.02,clear
WTH_00001039,2025-02-13,7,5.4,0.0,9.1,10567.0,0.42,clear
WTH_00001040,2025-02-13,8,0.5,0.0,14.1,7391.0,0.3,clear
WTH_00001041,2025-02-13,9,3.4,0.0,12.1,6684.0,0.23,clear
WTH_00001042,2025-02-13,10,-0.6,0.0,29.8,9268.0,0.16,clear
WTH_00001043,2025-02-13,11,-3.1,0.0,3.9,7588.0,0.45,clear
WTH_00001044,2025-02-13,12,-0.4,0.0,14.6,9038.0,0.35,clear
WTH_00001045,2025-02-13,13,-3.4,0.0,12.2,6610.0,0.9,cloudy
WTH_00001046,2025-02-13,14,-1.9,0.0,15.9,7417.0,0.34,clear
WTH_00001047,2025-02-13,15,-1.4,0.0,10.0,7667.0,0.69,cloudy
WTH_00001048,2025-02-13,16,-2.5,0.0,15.4,8794.0,0.3,clear
WTH_00001049,2025-02-13,17,-4.5,0.0,14.7,7292.0,0.33,clear
WTH_00001050,2025-02-13,18,0.2,0.0,24.8,10221.0,0.06,clear
WTH_00001051,2025-02-13,19,2.7,0.0,5.2,7766.0,0.15,clear
WTH_00001052,2025-02-13,20,0.7,0.0,5.4,8066.0,0.11,clear
WTH_00001053,2025-02-13,21,3.4,0.0,12.3,7094.0,0.17,clear
WTH_00001054,2025-02-13,22,1.8,0.0,7.2,11841.0,0.45,clear
WTH_00001055,2025-02-13,23,7.6,0.0,18.5,8320.0,0.27,clear
WTH_00001056,2025-02-14,0,0.7,0.0,23.5,10572.0,0.39,clear
WTH_00001057,2025-02-14,1,5.4,0.0,24.9,6813.0,0.44,clear
WTH_00001058,2025-02-14,2,4.6,0.0,3.7,6438.0,0.28,clear
WTH_00001059,2025-02-14,3,6.8,0.0,12.0,6674.0,0.3,clear
WTH_00001060,2025-02-14,4,6.0,0.0,14.8,11901.0,0.14,clear
WTH_00001061,2025-02-14,5,5.5,0.0,6.6,10951.0,0.71,cloudy
WTH_00001062,2025-02-14,6,5.0,0.0,15.9,8127.0,0.3,clear
WTH_00001063,2025-02-14,7,5.2,0.0,4.2,11090.0,0.22,clear
WTH_00001064,2025-02-14,8,2.5,0.0,5.7,9229.0,0.34,clear
WTH_00001065,2025-02-14,9,2.6,0.0,6.8,6293.0,0.47,clear
WTH_00001066,2025-02-14,10,0.5,3.14,10.6,1737.0,0.55,snow
WTH_00001067,2025-02-14,11,1.4,0.0,3.2,11484.0,0.18,clear
WTH_00001068,2025-02-14,12,-0.8,0.0,10.8,10703.0,0.24,clear
WTH_00001069,2025-02-14,13,-3.5,0.0,12.5,7490.0,0.33,clear
WTH_00001070,2025-02-14,14,-4.0,0.0,13.1,6889.0,0.64,cloudy
WTH_00001071,2025-02-14,15,0.3,0.0,0.8,6926.0,0.33,clear
WTH_00001072,2025-02-14,16,-3.3,0.0,5.1,9493.0,0.36,clear
WTH_00001073,2025-02-14,17,0.6,0.0,16.6,8383.0,0.15,clear
WTH_00001074,2025-02-14,18,-2.0,0.0,8.6,7781.0,0.28,clear
WTH_00001075,2025-02-14,19,-0.3,0.0,9.6,6356.0,0.18,clear
WTH_00001076,2025-02-14,20,0.5,0.0,9.3,11581.0,0.03,clear
WTH_00001077,2025-02-14,21,2.8,0.0,4.2,8964.0,0.4,clear
WTH_00001078,2025-02-14,22,7.1,0.0,7.5,11748.0,0.28,clear
WTH_00001079,2025-02-14,23,3.3,0.0,10.0,6516.0,0.29,clear
WTH_00001080,2025-02-15,0,5.7,3.17,17.5,3958.0,1.0,rain
WTH_00001081,2025-02-15,1,7.0,4.48,24.8,1061.0,0.94,rain
WTH_00001082,2025-02-15,2,8.6,11.78,22.9,1305.0,0.69,storm
WTH_00001083,2025-02-15,3,8.3,6.99,23.2,1907.0,0.49,rain
WTH_00001084,2025-02-15,4,5.1,1.26,32.6,3001.0,0.59,rain
WTH_00001085,2025-02-15,5,2.6,12.77,19.7,2757.0,0.44,storm
WTH_00001086,2025-02-15,6,0.9,0.98,16.0,2470.0,0.96,snow
WTH_00001087,2025-02-15,7,1.1,2.68,16.4,995.0,0.81,snow
WTH_00001088,2025-02-15,8,3.9,1.98,23.8,2602.0,0.62,rain
WTH_00001089,2025-02-15,9,-1.9,4.43,22.4,893.0,0.88,snow
WTH_00001090,2025-02-15,10,1.6,7.87,26.7,962.0,0.62,rain
WTH_00001091,2025-02-15,11,0.2,0.49,22.3,1831.0,0.58,snow
WTH_00001092,2025-02-15,12,0.3,18.34,20.5,2329.0,0.77,snow
WTH_00001093,2025-02-15,13,-0.4,5.2,20.8,2335.0,0.45,snow
WTH_00001094,2025-02-15,14,-4.3,0.89,62.8,1413.0,1.0,snow
WTH_00001095,2025-02-15,15,0.3,6.46,30.2,1486.0,0.92,snow
WTH_00001096,2025-02-15,16,0.2,6.58,39.4,881.0,0.45,snow
WTH_00001097,2025-02-15,17,-1.6,1.48,27.8,2019.0,0.98,snow
WTH_00001098,2025-02-15,18,-2.0,5.49,29.7,1279.0,0.78,snow
WTH_00001099,2025-02-15,19,-1.4,16.12,43.1,1568.0,1.0,snow
WTH_00001100,2025-02-15,20,0.1,2.59,32.2,765.0,0.72,snow
WTH_00001101,2025-02-15,21,1.2,0.36,16.2,1098.0,0.51,snow
WTH_00001102,2025-02-15,22,2.9,6.97,25.7,1469.0,1.0,rain
WTH_00001103,2025-02-15,23,1.4,12.14,37.6,1270.0,0.52,snow
WTH_00001104,2025-02-16,0,6.9,0.0,10.6,9422.0,0.52,clear
WTH_00001105,2025-02-16,1,2.1,0.0,10.1,11414.0,0.14,clear
WTH_00001106,2025-02-16,2,8.0,0.0,18.8,9192.0,0.42,clear
WTH_00001107,2025-02-16,3,6.3,0.0,30.8,10248.0,0.48,clear
WTH_00001108,2025-02-16,4,5.5,0.0,12.3,10681.0,0.37,clear
WTH_00001109,2025-02-16,5,6.3,0.0,3.0,10033.0,0.26,clear
WTH_00001110,2025-02-16,6,7.0,0.0,2.3,7636.0,0.49,clear
WTH_00001111,2025-02-16,7,3.0,0.0,4.6,8492.0,0.27,clear
WTH_00001112,2025-02-16,8,2.6,0.0,9.0,6656.0,0.33,clear
WTH_00001113,2025-02-16,9,-1.1,0.0,17.1,9574.0,0.24,clear
WTH_00001114,2025-02-16,10,1.9,0.0,4.0,6128.0,0.21,clear
WTH_00001115,2025-02-16,11,-0.5,0.0,15.0,8832.0,0.26,clear
WTH_00001116,2025-02-16,12,-3.7,0.0,4.0,8307.0,0.42,clear
WTH_00001117,2025-02-16,13,-4.0,6.72,13.8,1436.0,0.77,snow
WTH_00001118,2025-02-16,14,0.4,0.0,7.9,10853.0,0.46,clear
WTH_00001119,2025-02-16,15,0.8,0.0,10.0,7636.0,0.48,clear
WTH_00001120,2025-02-16,16,-2.7,0.0,21.1,10173.0,0.88,cloudy
WTH_00001121,2025-02-16,17,-1.0,0.0,5.5,6342.0,0.56,clear
WTH_00001122,2025-02-16,18,3.1,0.0,5.7,11952.0,0.37,clear
WTH_00001123,2025-02-16,19,0.5,0.0,18.7,9222.0,0.42,clear
WTH_00001124,2025-02-16,20,-0.3,0.0,13.6,677.0,0.32,fog
WTH_00001125,2025-02-16,21,0.6,0.0,12.7,9501.0,0.11,clear
WTH_00001126,2025-02-16,22,-0.0,0.0,19.5,7066.0,0.44,clear
WTH_00001127,2025-02-16,23,4.8,0.0,7.8,10834.0,0.22,clear
WTH_00001128,2025-02-17,0,6.5,0.0,8.9,671.0,0.48,fog
WTH_00001129,2025-02-17,1,4.7,0.0,14.2,9528.0,0.45,clear
WTH_00001130,2025-02-17,2,4.9,0.0,20.7,7014.0,0.36,clear
WTH_00001131,2025-02-17,3,2.3,0.0,16.9,6062.0,0.6,cloudy
WTH_00001132,2025-02-17,4,7.5,1.41,5.4,2104.0,0.89,rain
WTH_00001133,2025-02-17,5,2.2,0.0,7.0,8266.0,0.05,clear
WTH_00001134,2025-02-17,6,7.0,0.0,2.6,804.0,0.39,fog
WTH_00001135,2025-02-17,7,-1.9,0.0,8.3,6585.0,0.19,clear
WTH_00001136,2025-02-17,8,3.0,0.0,9.6,8829.0,0.49,clear
WTH_00001137,2025-02-17,9,4.0,0.0,14.9,10676.0,0.27,clear
WTH_00001138,2025-02-17,10,0.9,0.0,0.7,7311.0,0.62,cloudy
WTH_00001139,2025-02-17,11,-0.5,0.0,13.7,10574.0,0.3,clear
WTH_00001140,2025-02-17,12,0.3,0.0,2.6,9067.0,0.58,clear
WTH_00001141,2025-02-17,13,-0.3,0.0,1.8,8501.0,0.41,clear
WTH_00001142,2025-02-17,14,-2.3,0.0,8.7,7027.0,0.55,clear
WTH_00001143,2025-02-17,15,-4.7,0.0,47.3,6688.0,0.29,clear
WTH_00001144,2025-02-17,16,-3.0,1.02,12.3,2573.0,0.81,snow
WTH_00001145,2025-02-17,17,-3.7,7.6,2.8,1264.0,0.93,snow
WTH_00001146,2025-02-17,18,-2.5,0.0,15.0,8643.0,0.26,clear
WTH_00001147,2025-02-17,19,-4.0,0.0,8.6,6781.0,0.42,clear
WTH_00001148,2025-02-17,20,-0.5,0.0,22.9,10983.0,0.52,clear
WTH_00001149,2025-02-17,21,1.7,0.0,17.5,10372.0,0.85,cloudy
WTH_00001150,2025-02-17,22,2.9,4.71,4.3,3472.0,0.73,rain
WTH_00001151,2025-02-17,23,3.7,0.0,5.8,7618.0,0.45,clear
WTH_00001152,2025-02-18,0,7.7,0.0,11.9,8768.0,0.14,clear
WTH_00001153,2025-02-18,1,6.4,0.0,0.6,10213.0,0.76,cloudy
WTH_00001154,2025-02-18,2,10.2,0.0,3.3,7603.0,0.03,clear
WTH_00001155,2025-02-18,3,5.3,0.0,8.4,6600.0,0.23,clear
WTH_00001156,2025-02-18,4,7.5,0.0,19.3,7975.0,0.32,clear
WTH_00001157,2025-02-18,5,7.9,0.0,4.0,7883.0,0.55,clear
WTH_00001158,2025-02-18,6,1.8,0.0,6.3,10841.0,0.59,clear
WTH_00001159,2025-02-18,7,2.8,0.0,16.5,8496.0,0.55,clear
WTH_00001160,2025-02-18,8,0.8,0.0,2.5,8418.0,0.49,clear
WTH_00001161,2025-02-18,9,3.2,0.0,6.1,8979.0,0.49,clear
WTH_00001162,2025-02-18,10,1.9,0.0,35.2,11586.0,0.42,clear
WTH_00001163,2025-02-18,11,-1.1,0.0,42.0,10950.0,0.36,clear
WTH_00001164,2025-02-18,12,-2.6,2.0,12.0,2694.0,0.64,snow
WTH_00001165,2025-02-18,13,-1.7,0.0,15.3,8345.0,0.4,clear
WTH_00001166,2025-02-18,14,-1.3,0.0,24.7,6516.0,0.4,clear
WTH_00001167,2025-02-18,15,-0.4,0.0,17.5,7268.0,0.05,clear
WTH_00001168,2025-02-18,16,2.4,0.0,5.7,10440.0,0.46,clear
WTH_00001169,2025-02-18,17,-1.1,0.0,1.2,10158.0,0.59,clear
WTH_00001170,2025-02-18,18,-1.8,0.0,0.7,6875.0,0.59,clear
WTH_00001171,2025-02-18,19,1.2,0.0,2.9,8693.0,0.56,clear
WTH_00001172,2025-02-18,20,2.0,0.0,9.0,6355.0,0.28,clear
WTH_00001173,2025-02-18,21,5.1,0.0,21.4,7662.0,0.05,clear
WTH_00001174,2025-02-18,22,3.4,0.0,17.1,7300.0,0.16,clear
WTH_00001175,2025-02-18,23,2.0,0.0,14.1,7489.0,0.24,clear
WTH_00001176,2025-02-19,0,4.4,0.0,1.4,6093.0,0.05,clear
WTH_00001177,2025-02-19,1,4.6,0.0,18.0,7396.0,0.2,clear
WTH_00001178,2025-02-19,2,6.6,0.0,3.8,10486.0,0.12,clear
WTH_00001179,2025-02-19,3,7.7,0.0,6.3,11022.0,0.19,clear
WTH_00001180,2025-02-19,4,8.7,0.0,8.4,6860.0,0.31,clear
WTH_00001181,2025-02-19,5,1.0,0.0,8.5,6070.0,0.39,clear
WTH_00001182,2025-02-19,6,5.3,0.0,29.5,10127.0,0.42,clear
WTH_00001183,2025-02-19,7,4.3,0.0,6.0,7990.0,0.23,clear
WTH_00001184,2025-02-19,8,2.5,0.0,3.4,8929.0,0.36,clear
WTH_00001185,2025-02-19,9,1.8,0.0,31.5,8509.0,0.63,cloudy
WTH_00001186,2025-02-19,10,-1.8,0.0,0.6,9795.0,0.16,clear
WTH_00001187,2025-02-19,11,-0.4,0.0,7.2,10603.0,0.22,clear
WTH_00001188,2025-02-19,12,-0.3,0.0,5.1,8318.0,0.42,clear
WTH_00001189,2025-02-19,13,-1.3,0.0,11.7,690.0,0.33,fog
WTH_00001190,2025-02-19,14,1.3,0.0,46.5,11403.0,0.7,cloudy
WTH_00001191,2025-02-19,15,-4.0,0.0,3.6,8615.0,0.2,clear
WTH_00001192,2025-02-19,16,-1.9,0.0,12.9,11761.0,0.35,clear
WTH_00001193,2025-02-19,17,-2.3,0.0,14.0,11882.0,0.21,clear
WTH_00001194,2025-02-19,18,-0.9,0.0,7.9,11338.0,0.04,clear
WTH_00001195,2025-02-19,19,-2.8,0.0,13.2,9273.0,0.1,clear
WTH_00001196,2025-02-19,20,0.6,0.0,3.5,10176.0,0.17,clear
WTH_00001197,2025-02-19,21,2.4,0.0,8.1,7644.0,0.39,clear
WTH_00001198,2025-02-19,22,4.5,0.0,43.9,6357.0,0.47,clear
WTH_00001199,2025-02-19,23,7.3,0.0,26.6,10794.0,0.47,clear
WTH_00001200,2025-02-20,0,2.4,7.04,20.8,3174.0,0.53,rain
WTH_00001201,2025-02-20,1,6.8,9.39,18.5,2557.0,0.54,storm
WTH_00001202,2025-02-20,2,2.6,12.39,19.7,1861.0,0.63,storm
WTH_00001203,2025-02-20,3,6.6,0.46,19.3,1280.0,0.95,rain
WTH_00001204,2025-02-20,4,5.9,2.86,23.8,972.0,0.87,rain
WTH_00001205,2025-02-20,5,6.9,6.14,24.9,2116.0,0.98,rain
WTH_00001206,2025-02-20,6,3.8,6.37,27.6,2418.0,0.62,rain
WTH_00001207,2025-02-20,7,1.4,5.04,24.1,757.0,0.69,snow
WTH_00001208,2025-02-20,8,4.6,9.82,19.7,1553.0,0.54,storm
WTH_00001209,2025-02-20,9,0.3,8.76,25.5,2320.0,1.0,snow
WTH_00001210,2025-02-20,10,4.6,2.11,20.5,3388.0,0.57,rain
WTH_00001211,2025-02-20,11,-0.0,10.26,23.7,2168.0,0.51,snow
WTH_00001212,2025-02-20,12,-0.5,6.34,33.4,2932.0,0.74,snow
WTH_00001213,2025-02-20,13,3.3,7.94,17.1,3478.0,0.6,rain
WTH_00001214,2025-02-20,14,-3.5,3.29,16.9,1898.0,0.52,snow
WTH_00001215,2025-02-20,15,-0.9,3.63,26.4,1946.0,0.95,snow
WTH_00001216,2025-02-20,16,-0.9,5.52,22.1,2813.0,0.92,snow
WTH_00001217,2025-02-20,17,1.3,9.98,24.3,1532.0,0.53,snow
WTH_00001218,2025-02-20,18,3.0,0.63,30.5,1417.0,0.85,rain
WTH_00001219,2025-02-20,19,2.9,4.78,24.1,2651.0,0.59,rain
WTH_00001220,2025-02-20,20,1.3,1.3,19.1,2717.0,0.73,snow
WTH_00001221,2025-02-20,21,0.7,13.06,23.0,1446.0,0.53,snow
WTH_00001222,2025-02-20,22,1.8,2.33,24.1,1779.0,0.78,rain
WTH_00001223,2025-02-20,23,6.2,17.06,19.7,926.0,1.0,storm
WTH_00001224,2025-02-21,0,3.3,0.0,9.1,10590.0,0.34,clear
WTH_00001225,2025-02-21,1,5.0,0.0,7.0,6276.0,0.17,clear
WTH_00001226,2025-02-21,2,7.0,0.0,8.2,11470.0,0.49,clear
WTH_00001227,2025-02-21,3,2.7,0.0,8.1,7704.0,0.09,clear
WTH_00001228,2025-02-21,4,5.3,14.75,30.1,3357.0,0.76,rain
WTH_00001229,2025-02-21,5,6.7,0.0,7.2,8525.0,0.32,clear
WTH_00001230,2025-02-21,6,1.6,0.0,5.1,9707.0,0.11,clear
WTH_00001231,2025-02-21,7,5.6,0.0,3.8,6154.0,0.34,clear
WTH_00001232,2025-02-21,8,4.2,0.0,12.3,7424.0,0.22,clear
WTH_00001233,2025-02-21,9,4.3,0.0,14.8,10918.0,0.12,clear
WTH_00001234,2025-02-21,10,0.3,0.0,6.5,11393.0,0.14,clear
WTH_00001235,2025-02-21,11,1.4,3.85,26.3,1332.0,0.48,snow
WTH_00001236,2025-02-21,12,1.4,0.0,22.6,6587.0,0.15,clear
WTH_00001237,2025-02-21,13,-0.1,0.0,9.8,10778.0,0.31,clear
WTH_00001238,2025-02-21,14,-2.2,0.0,7.0,8575.0,0.31,clear
WTH_00001239,2025-02-21,15,1.5,0.0,37.6,10631.0,0.27,clear
WTH_00001240,2025-02-21,16,-0.5,0.0,14.4,448.0,0.49,fog
WTH_00001241,2025-02-21,17,-1.6,0.0,3.9,9755.0,0.19,clear
WTH_00001242,2025-02-21,18,-0.7,0.0,25.1,6315.0,0.27,clear
WTH_00001243,2025-02-21,19,-1.3,0.0,5.6,7588.0,0.33,clear
WTH_00001244,2025-02-21,20,0.7,0.0,2.3,7169.0,0.45,clear
WTH_00001245,2025-02-21,21,2.9,0.0,13.2,8146.0,0.71,cloudy
WTH_00001246,2025-02-21,22,7.4,0.0,17.3,7504.0,0.59,clear
WTH_00001247,2025-02-21,23,3.3,0.0,13.8,7490.0,0.39,clear
WTH_00001248,2025-02-22,0,6.6,0.0,7.0,7627.0,0.52,clear
WTH_00001249,2025-02-22,1,8.0,0.0,17.1,6588.0,0.18,clear
WTH_00001250,2025-02-22,2,3.6,0.0,5.1,11148.0,0.38,clear
WTH_00001251,2025-02-22,3,5.1,0.0,20.9,7466.0,0.35,clear
WTH_00001252,2025-02-22,4,5.7,0.0,7.1,9146.0,0.5,clear
WTH_00001253,2025-02-22,5,8.1,0.0,13.8,8351.0,0.48,clear
WTH_00001254,2025-02-22,6,5.0,0.0,18.4,7979.0,0.44,clear
WTH_00001255,2025-02-22,7,4.6,0.0,21.4,7914.0,0.34,clear
WTH_00001256,2025-02-22,8,3.7,0.0,6.1,8519.0,0.62,cloudy
WTH_00001257,2025-02-22,9,3.4,0.0,15.2,7379.0,0.06,clear
WTH_00001258,2025-02-22,10,3.6,0.0,37.8,6222.0,0.2,clear
WTH_00001259,2025-02-22,11,-1.1,0.0,1.5,7388.0,0.12,clear
WTH_00001260,2025-02-22,12,-0.0,0.0,8.8,11250.0,0.11,clear
WTH_00001261,2025-02-22,13,-6.0,0.0,5.6,8127.0,0.09,clear
WTH_00001262,2025-02-22,14,-3.8,0.0,5.8,9742.0,0.3,clear
WTH_00001263,2025-02-22,15,-2.4,0.0,8.8,11964.0,0.29,clear
WTH_00001264,2025-02-22,16,-1.5,0.0,14.2,10589.0,0.56,clear
WTH_00001265,2025-02-22,17,1.5,0.0,25.5,9119.0,0.61,cloudy
WTH_00001266,2025-02-22,18,-0.5,0.0,5.5,11509.0,0.23,clear
WTH_00001267,2025-02-22,19,-0.3,0.0,12.9,9582.0,0.53,clear
WTH_00001268,2025-02-22,20,1.9,0.0,10.7,11441.0,0.4,clear
WTH_00001269,2025-02-22,21,2.0,0.0,5.1,11314.0,0.06,clear
WTH_00001270,2025-02-22,22,2.4,0.0,5.4,6269.0,0.31,clear
WTH_00001271,2025-02-22,23,7.4,0.0,21.8,8466.0,0.68,cloudy
WTH_00001272,2025-02-23,0,5.8,0.0,7.0,8313.0,0.34,clear
WTH_00001273,2025-02-23,1,3.6,0.0,10.8,9845.0,0.68,cloudy
WTH_00001274,2025-02-23,2,8.8,0.0,0.3,433.0,0.55,fog
WTH_00001275,2025-02-23,3,8.9,4.17,2.2,2814.0,1.0,rain
WTH_00001276,2025-02-23,4,3.9,0.0,9.8,9179.0,0.38,clear
WTH_00001277,2025-02-23,5,3.5,0.0,15.1,7991.0,0.24,clear
WTH_00001278,2025-02-23,6,7.5,0.0,13.2,9341.0,0.31,clear
WTH_00001279,2025-02-23,7,4.6,0.0,16.4,6940.0,0.58,clear
WTH_00001280,2025-02-23,8,-1.2,0.0,17.1,9871.0,0.17,clear
WTH_00001281,2025-02-23,9,3.2,0.0,15.2,11075.0,0.46,clear
WTH_00001282,2025-02-23,10,1.2,0.0,7.4,6954.0,0.18,clear
WTH_00001283,2025-02-23,11,-0.2,0.0,2.6,8027.0,0.69,cloudy
WTH_00001284,2025-02-23,12,-2.8,0.0,9.9,7219.0,0.07,clear
WTH_00001285,2025-02-23,13,-5.0,0.0,23.3,8382.0,0.58,clear
WTH_00001286,2025-02-23,14,-1.1,0.0,8.9,9357.0,0.85,cloudy
WTH_00001287,2025-02-23,15,-2.8,0.0,10.3,6947.0,0.25,clear
WTH_00001288,2025-02-23,16,-1.5,0.0,15.9,10982.0,0.49,clear
WTH_00001289,2025-02-23,17,-1.0,0.0,24.8,11493.0,0.54,clear
WTH_00001290,2025-02-23,18,-1.2,0.0,6.0,9376.0,0.46,clear
WTH_00001291,2025-02-23,19,-0.1,0.0,32.3,6611.0,0.49,clear
WTH_00001292,2025-02-23,20,-0.9,18.42,3.8,2002.0,0.76,snow
WTH_00001293,2025-02-23,21,-1.0,0.0,4.6,7609.0,0.11,clear
WTH_00001294,2025-02-23,22,3.4,0.0,2.3,8045.0,0.59,clear
WTH_00001295,2025-02-23,23,3.5,0.0,11.5,10560.0,0.6,cloudy
WTH_00001296,2025-02-24,0,4.0,7.92,41.8,2623.0,1.0,rain
WTH_00001297,2025-02-24,1,1.2,9.13,24.6,1065.0,0.85,snow
WTH_00001298,2025-02-24,2,3.4,2.48,25.5,1989.0,0.88,rain
WTH_00001299,2025-02-24,3,7.2,3.07,33.4,2684.0,0.8,rain
WTH_00001300,2025-02-24,4,3.9,11.0,19.3,1001.0,0.57,storm
WTH_00001301,2025-02-24,5,3.9,1.84,19.2,2187.0,0.52,rain
WTH_00001302,2025-02-24,6,4.6,2.7,16.0,2185.0,0.55,rain
WTH_00001303,2025-02-24,7,6.2,1.51,27.0,3541.0,0.64,rain
WTH_00001304,2025-02-24,8,2.8,4.92,26.7,3655.0,0.63,rain
WTH_00001305,2025-02-24,9,2.0,3.88,25.3,3211.0,0.49,rain
WTH_00001306,2025-02-24,10,1.0,0.91,21.4,2849.0,0.62,snow
WTH_00001307,2025-02-24,11,1.7,5.6,22.4,1188.0,0.66,rain
WTH_00001308,2025-02-24,12,-1.5,2.75,25.1,2448.0,0.64,snow
WTH_00001309,2025-02-24,13,2.9,8.33,34.3,2170.0,1.0,storm
WTH_00001310,2025-02-24,14,-3.5,4.65,25.8,1178.0,0.73,snow
WTH_00001311,2025-02-24,15,-2.7,5.01,27.3,623.0,1.0,snow
WTH_00001312,2025-02-24,16,-2.8,9.36,20.8,2947.0,1.0,snow
WTH_00001313,2025-02-24,17,-4.9,4.41,30.8,1809.0,0.52,snow
WTH_00001314,2025-02-24,18,1.1,3.38,23.8,2067.0,0.95,snow
WTH_00001315,2025-02-24,19,-0.9,10.98,16.6,1822.0,0.61,snow
WTH_00001316,2025-02-24,20,-0.7,3.62,20.1,2594.0,0.74,snow
WTH_00001317,2025-02-24,21,-0.8,8.46,23.2,1464.0,0.78,snow
WTH_00001318,2025-02-24,22,4.1,0.34,20.3,2216.0,1.0,rain
WTH_00001319,2025-02-24,23,4.8,4.77,29.8,2054.0,0.68,rain
WTH_00001320,2025-02-25,0,4.2,0.0,6.4,6355.0,0.23,clear
WTH_00001321,2025-02-25,1,6.3,4.08,8.8,2454.0,0.45,rain
WTH_00001322,2025-02-25,2,8.0,0.0,3.8,11862.0,0.17,clear
WTH_00001323,2025-02-25,3,4.1,0.0,14.8,7160.0,0.3,clear
WTH_00001324,2025-02-25,4,5.6,0.0,14.2,11290.0,0.31,clear
WTH_00001325,2025-02-25,5,6.5,0.0,5.3,11897.0,0.28,clear
WTH_00001326,2025-02-25,6,4.3,0.0,22.4,11402.0,0.28,clear
WTH_00001327,2025-02-25,7,2.4,0.0,7.3,8810.0,0.15,clear
WTH_00001328,2025-02-25,8,4.0,0.0,7.9,10142.0,0.13,clear
WTH_00001329,2025-02-25,9,4.3,0.0,10.3,6532.0,0.74,cloudy
WTH_00001330,2025-02-25,10,5.2,0.0,9.8,11953.0,0.33,clear
WTH_00001331,2025-02-25,11,0.7,0.0,13.5,6833.0,0.22,clear
WTH_00001332,2025-02-25,12,-2.5,0.0,2.1,6613.0,0.28,clear
WTH_00001333,2025-02-25,13,-0.2,0.0,13.0,6176.0,0.29,clear
WTH_00001334,2025-02-25,14,-1.4,0.0,15.5,10107.0,0.22,clear
WTH_00001335,2025-02-25,15,-3.7,0.0,13.8,6250.0,0.69,cloudy
WTH_00001336,2025-02-25,16,-4.5,0.0,10.6,7086.0,0.21,clear
WTH_00001337,2025-02-25,17,0.9,0.0,6.5,11113.0,0.34,clear
WTH_00001338,2025-02-25,18,1.6,0.0,8.5,9328.0,0.16,clear
WTH_00001339,2025-02-25,19,1.9,0.0,6.8,10476.0,0.5,clear
WTH_00001340,2025-02-25,20,6.3,4.25,3.8,2637.0,0.7,rain
WTH_00001341,2025-02-25,21,-1.9,0.0,16.9,8649.0,0.68,cloudy
WTH_00001342,2025-02-25,22,6.2,7.09,9.8,960.0,0.95,rain
WTH_00001343,2025-02-25,23,3.5,0.0,45.8,8359.0,0.06,clear
WTH_00001344,2025-02-26,0,6.4,0.0,5.9,11083.0,0.05,clear
WTH_00001345,2025-02-26,1,7.5,0.0,8.3,9557.0,0.59,clear
WTH_00001346,2025-02-26,2,5.7,0.0,7.4,8813.0,0.54,clear
WTH_00001347,2025-02-26,3,5.0,0.0,13.0,11352.0,0.51,clear
WTH_00001348,2025-02-26,4,6.7,0.0,2.5,7912.0,0.56,clear
WTH_00001349,2025-02-26,5,4.6,0.0,15.4,6915.0,0.54,clear
WTH_00001350,2025-02-26,6,5.6,0.0,23.7,11741.0,0.35,clear
WTH_00001351,2025-02-26,7,0.6,0.0,2.7,9334.0,0.5,clear
WTH_00001352,2025-02-26,8,5.1,0.0,5.0,10639.0,0.57,clear
WTH_00001353,2025-02-26,9,2.3,0.0,36.4,8258.0,0.62,cloudy
WTH_00001354,2025-02-26,10,1.9,0.0,6.1,11352.0,0.17,clear
WTH_00001355,2025-02-26,11,0.1,0.0,3.4,10411.0,0.41,clear
WTH_00001356,2025-02-26,12,-0.3,0.0,2.3,1003.0,0.28,fog
WTH_00001357,2025-02-26,13,-2.8,0.0,8.2,11697.0,0.23,clear
WTH_00001358,2025-02-26,14,-3.4,0.0,8.1,10389.0,0.5,clear
WTH_00001359,2025-02-26,15,1.4,0.0,4.2,7552.0,0.17,clear
WTH_00001360,2025-02-26,16,-5.5,0.0,19.5,7414.0,0.19,clear
WTH_00001361,2025-02-26,17,0.2,0.0,2.7,9158.0,0.44,clear
WTH_00001362,2025-02-26,18,0.1,0.0,2.9,9056.0,0.53,clear
WTH_00001363,2025-02-26,19,-4.2,0.0,18.9,10789.0,0.23,clear
WTH_00001364,2025-02-26,20,0.6,0.0,4.8,10662.0,0.16,clear
WTH_00001365,2025-02-26,21,0.2,0.0,7.4,9914.0,0.22,clear
WTH_00001366,2025-02-26,22,3.5,0.0,13.9,8451.0,0.22,clear
WTH_00001367,2025-02-26,23,4.1,0.0,1.4,11557.0,0.2,clear
WTH_00001368,2025-02-27,0,1.6,0.0,13.1,11332.0,0.22,clear
WTH_00001369,2025-02-27,1,6.2,0.0,7.1,6997.0,0.29,clear
WTH_00001370,2025-02-27,2,8.6,0.0,12.6,10251.0,0.43,clear
WTH_00001371,2025-02-27,3,4.8,0.0,10.4,8996.0,0.49,clear
WTH_00001372,2025-02-27,4,8.1,0.0,13.8,6991.0,0.22,clear
WTH_00001373,2025-02-27,5,4.3,0.0,11.8,7999.0,0.12,clear
WTH_00001374,2025-02-27,6,3.0,0.0,12.0,8290.0,0.26,clear
WTH_00001375,2025-02-27,7,-0.4,0.0,17.2,8622.0,0.35,clear
WTH_00001376,2025-02-27,8,1.3,0.0,2.0,555.0,0.39,fog
WTH_00001377,2025-02-27,9,0.6,0.0,2.0,6156.0,0.5,clear
WTH_00001378,2025-02-27,10,0.3,0.0,36.5,6616.0,0.34,clear
WTH_00001379,2025-02-27,11,5.3,0.0,7.8,11499.0,0.32,clear
WTH_00001380,2025-02-27,12,-2.3,0.0,5.4,11163.0,0.72,cloudy
WTH_00001381,2025-02-27,13,-3.1,0.0,9.3,10000.0,0.53,clear
WTH_00001382,2025-02-27,14,-1.9,0.0,22.7,8668.0,0.24,clear
WTH_00001383,2025-02-27,15,-2.2,0.0,13.0,10360.0,0.1,clear
WTH_00001384,2025-02-27,16,-1.6,0.0,23.7,7813.0,0.43,clear
WTH_00001385,2025-02-27,17,0.8,0.0,7.9,10423.0,0.42,clear
WTH_00001386,2025-02-27,18,-3.3,1.86,14.9,2716.0,0.57,snow
WTH_00001387,2025-02-27,19,-1.2,0.0,16.3,10234.0,0.89,cloudy
WTH_00001388,2025-02-27,20,0.7,0.0,20.7,494.0,0.3,fog
WTH_00001389,2025-02-27,21,4.1,0.0,7.5,7365.0,0.35,clear
WTH_00001390,2025-02-27,22,0.8,0.0,10.3,7996.0,0.37,clear
WTH_00001391,2025-02-27,23,6.0,0.0,12.2,8089.0,0.51,clear
WTH_00001392,2025-02-28,0,5.5,0.0,11.3,10733.0,0.22,clear
WTH_00001393,2025-02-28,1,5.5,0.0,2.6,9363.0,0.68,cloudy
WTH_00001394,2025-02-28,2,7.4,0.0,13.4,7170.0,0.37,clear
WTH_00001395,2025-02-28,3,7.5,0.0,5.2,11337.0,0.12,clear
WTH_00001396,2025-02-28,4,9.2,0.0,4.8,9593.0,0.1,clear
WTH_00001397,2025-02-28,5,6.1,0.0,17.4,9139.0,0.5,clear
WTH_00001398,2025-02-28,6,3.6,0.0,5.4,6719.0,0.14,clear
WTH_00001399,2025-02-28,7,5.2,0.0,7.1,8451.0,0.07,clear
WTH_00001400,2025-02-28,8,2.1,0.0,26.5,7225.0,0.4,clear
WTH_00001401,2025-02-28,9,3.7,0.0,7.9,9462.0,0.45,clear
WTH_00001402,2025-02-28,10,2.9,0.0,13.5,8612.0,0.08,clear
WTH_00001403,2025-02-28,11,1.0,0.0,7.9,10263.0,0.59,clear
WTH_00001404,2025-02-28,12,0.1,0.0,15.7,360.0,0.18,fog
WTH_00001405,2025-02-28,13,-0.6,0.0,5.7,10743.0,0.63,cloudy
WTH_00001406,2025-02-28,14,-3.5,0.0,2.6,7038.0,0.78,cloudy
WTH_00001407,2025-02-28,15,-1.7,0.0,12.7,7491.0,0.43,clear
WTH_00001408,2025-02-28,16,-5.2,0.0,26.0,7614.0,0.14,clear
WTH_00001409,2025-02-28,17,-3.8,0.0,12.7,7408.0,0.37,clear
WTH_00001410,2025-02-28,18,-0.4,6.34,19.4,2179.0,0.99,snow
WTH_00001411,2025-02-28,19,3.2,0.0,15.5,7956.0,0.39,clear
WTH_00001412,2025-02-28,20,-1.4,0.0,0.5,10560.0,0.23,clear
WTH_00001413,2025-02-28,21,3.1,0.0,3.2,10797.0,0.18,clear
WTH_00001414,2025-02-28,22,1.4,0.0,9.7,8555.0,0.23,clear
WTH_00001415,2025-02-28,23,4.1,0.0,6.4,9924.0,0.33,clear
WTH_00001416,2025-03-01,0,13.3,0.0,22.0,6530.0,0.53,clear
WTH_00001417,2025-03-01,1,16.5,0.0,12.6,10821.0,0.28,clear
WTH_00001418,2025-03-01,2,18.4,0.0,9.3,10653.0,0.35,clear
WTH_00001419,2025-03-01,3,17.0,0.0,17.7,11351.0,0.19,clear
WTH_00001420,2025-03-01,4,13.0,0.0,7.8,6014.0,0.18,clear
WTH_00001421,2025-03-01,5,18.8,7.77,6.9,3383.0,0.61,rain
WTH_00001422,2025-03-01,6,14.6,0.0,1.6,7721.0,0.12,clear
WTH_00001423,2025-03-01,7,12.3,0.0,11.0,690.0,0.21,fog
WTH_00001424,2025-03-01,8,14.0,0.0,32.6,7189.0,0.37,clear
WTH_00001425,2025-03-01,9,14.0,0.0,6.6,6895.0,0.26,clear
WTH_00001426,2025-03-01,10,11.4,0.0,8.8,9451.0,0.31,clear
WTH_00001427,2025-03-01,11,9.4,0.0,16.3,9745.0,0.46,clear
WTH_00001428,2025-03-01,12,10.6,0.0,10.0,11618.0,0.15,clear
WTH_00001429,2025-03-01,13,8.0,0.0,3.8,7810.0,0.4,clear
WTH_00001430,2025-03-01,14,9.0,5.04,0.6,2311.0,0.86,rain
WTH_00001431,2025-03-01,15,8.3,0.0,15.5,7035.0,0.04,clear
WTH_00001432,2025-03-01,16,7.8,0.0,6.9,6137.0,0.34,clear
WTH_00001433,2025-03-01,17,11.2,0.0,5.3,7162.0,0.52,clear
WTH_00001434,2025-03-01,18,8.7,0.0,17.9,8103.0,0.3,clear
WTH_00001435,2025-03-01,19,13.2,0.0,17.0,8826.0,0.85,cloudy
WTH_00001436,2025-03-01,20,12.2,0.0,7.9,11274.0,0.23,clear
WTH_00001437,2025-03-01,21,10.0,0.0,12.2,8045.0,0.5,clear
WTH_00001438,2025-03-01,22,17.9,0.0,32.4,7858.0,0.29,clear
WTH_00001439,2025-03-01,23,16.3,0.0,14.4,10842.0,0.14,clear
WTH_00001440,2025-03-02,0,10.1,0.0,2.2,10336.0,0.45,clear
WTH_00001441,2025-03-02,1,16.7,0.0,15.7,723.0,0.33,fog
WTH_00001442,2025-03-02,2,18.4,0.0,2.5,10277.0,0.08,clear
WTH_00001443,2025-03-02,3,14.6,0.0,7.8,9606.0,0.32,clear
WTH_00001444,2025-03-02,4,20.6,0.0,14.9,6211.0,0.25,clear
WTH_00001445,2025-03-02,5,12.6,0.0,16.2,9089.0,0.48,clear
WTH_00001446,2025-03-02,6,15.1,0.0,8.8,10093.0,0.73,cloudy
WTH_00001447,2025-03-02,7,12.5,0.0,5.0,10588.0,0.41,clear
WTH_00001448,2025-03-02,8,12.9,0.0,6.0,6898.0,0.29,clear
WTH_00001449,2025-03-02,9,12.2,0.0,7.6,11366.0,0.05,clear
WTH_00001450,2025-03-02,10,13.3,0.0,25.9,7715.0,0.23,clear
WTH_00001451,2025-03-02,11,14.4,0.0,13.2,9623.0,0.86,cloudy
WTH_00001452,2025-03-02,12,8.8,0.0,8.7,9130.0,0.4,clear
WTH_00001453,2025-03-02,13,6.8,0.0,8.7,10615.0,0.78,cloudy
WTH_00001454,2025-03-02,14,6.8,0.0,15.4,11482.0,0.41,clear
WTH_00001455,2025-03-02,15,13.5,0.0,10.0,8076.0,0.55,clear
WTH_00001456,2025-03-02,16,7.4,0.0,14.1,9586.0,0.74,cloudy
WTH_00001457,2025-03-02,17,12.3,0.0,17.4,7589.0,0.56,clear
WTH_00001458,2025-03-02,18,8.9,0.0,2.5,9435.0,0.17,clear
WTH_00001459,2025-03-02,19,9.3,0.0,3.3,7207.0,0.52,clear
WTH_00001460,2025-03-02,20,11.1,0.0,13.0,11448.0,0.51,clear
WTH_00001461,2025-03-02,21,12.3,0.0,3.0,8255.0,0.12,clear
WTH_00001462,2025-03-02,22,17.4,0.0,9.0,11656.0,0.18,clear
WTH_00001463,2025-03-02,23,14.7,0.0,3.5,6617.0,0.26,clear
WTH_00001464,2025-03-03,0,16.2,0.0,22.5,11338.0,0.17,clear
WTH_00001465,2025-03-03,1,16.1,2.46,11.3,2451.0,1.0,rain
WTH_00001466,2025-03-03,2,14.9,0.0,4.0,7029.0,0.8,cloudy
WTH_00001467,2025-03-03,3,15.5,0.0,25.1,11406.0,0.16,clear
WTH_00001468,2025-03-03,4,18.9,0.0,3.0,9947.0,0.67,cloudy
WTH_00001469,2025-03-03,5,15.9,0.0,18.2,6294.0,0.26,clear
WTH_00001470,2025-03-03,6,16.2,0.0,7.6,6420.0,0.05,clear
WTH_00001471,2025-03-03,7,16.5,0.0,13.5,8496.0,0.65,cloudy
WTH_00001472,2025-03-03,8,17.5,0.0,21.6,8903.0,0.48,clear
WTH_00001473,2025-03-03,9,14.6,0.0,8.3,11450.0,0.67,cloudy
WTH_00001474,2025-03-03,10,14.5,0.0,22.5,8861.0,0.38,clear
WTH_00001475,2025-03-03,11,11.0,3.08,17.5,2209.0,0.57,rain
WTH_00001476,2025-03-03,12,12.0,0.0,1.1,6113.0,0.26,clear
WTH_00001477,2025-03-03,13,12.4,0.0,26.9,10113.0,0.32,clear
WTH_00001478,2025-03-03,14,10.2,0.0,8.6,11330.0,0.22,clear
WTH_00001479,2025-03-03,15,10.9,0.0,7.2,8567.0,0.44,clear
WTH_00001480,2025-03-03,16,6.6,0.0,11.3,7173.0,0.08,clear
WTH_00001481,2025-03-03,17,6.5,0.0,17.6,10574.0,0.16,clear
WTH_00001482,2025-03-03,18,9.3,0.0,43.8,11726.0,0.53,clear
WTH_00001483,2025-03-03,19,9.2,5.56,13.0,2330.0,0.77,rain
WTH_00001484,2025-03-03,20,11.4,0.0,3.6,10004.0,0.32,clear
WTH_00001485,2025-03-03,21,13.5,0.0,29.6,10592.0,0.36,clear
WTH_00001486,2025-03-03,22,12.3,0.0,9.4,9209.0,0.08,clear
WTH_00001487,2025-03-03,23,21.0,0.0,16.5,9346.0,0.08,clear
WTH_00001488,2025-03-04,0,15.0,0.0,14.3,8506.0,0.08,clear
WTH_00001489,2025-03-04,1,16.3,0.0,6.3,6920.0,0.46,clear
WTH_00001490,2025-03-04,2,15.6,0.0,4.4,11378.0,0.42,clear
WTH_00001491,2025-03-04,3,15.7,0.96,12.2,2939.0,0.71,rain
WTH_00001492,2025-03-04,4,15.0,0.0,13.3,10831.0,0.28,clear
WTH_00001493,2025-03-04,5,14.9,0.0,6.6,11621.0,0.27,clear
WTH_00001494,2025-03-04,6,18.0,0.0,9.5,9443.0,0.39,clear
WTH_00001495,2025-03-04,7,20.1,0.0,8.4,8738.0,0.37,clear
WTH_00001496,2025-03-04,8,15.9,0.0,0.7,11419.0,0.22,clear
WTH_00001497,2025-03-04,9,12.9,0.0,18.7,10113.0,0.69,cloudy
WTH_00001498,2025-03-04,10,9.8,0.0,36.0,8643.0,0.28,clear
WTH_00001499,2025-03-04,11,10.0,0.0,3.8,10916.0,0.44,clear
WTH_00001500,2025-03-04,12,8.8,0.0,12.4,10699.0,0.17,clear
WTH_00001501,2025-03-04,13,7.4,0.0,11.8,9288.0,0.32,clear
WTH_00001502,2025-03-04,14,5.8,0.0,4.2,6266.0,0.05,clear
WTH_00001503,2025-03-04,15,12.7,8.99,5.1,3994.0,0.59,rain
WTH_00001504,2025-03-04,16,10.7,0.0,15.1,11889.0,0.34,clear
WTH_00001505,2025-03-04,17,12.4,0.0,32.9,6542.0,0.33,clear
WTH_00001506,2025-03-04,18,8.2,0.0,2.6,8944.0,0.34,clear
WTH_00001507,2025-03-04,19,7.8,0.0,14.7,9112.0,0.7,cloudy
WTH_00001508,2025-03-04,20,11.8,0.0,10.9,8130.0,0.22,clear
WTH_00001509,2025-03-04,21,15.2,0.0,3.7,453.0,0.25,fog
WTH_00001510,2025-03-04,22,12.5,0.0,11.2,9177.0,0.43,clear
WTH_00001511,2025-03-04,23,15.3,0.0,10.4,6254.0,0.5,clear
WTH_00001512,2025-03-05,0,13.8,0.0,11.3,11538.0,0.16,clear
WTH_00001513,2025-03-05,1,13.4,0.0,6.2,7868.0,0.05,clear
WTH_00001514,2025-03-05,2,16.7,0.0,10.9,8055.0,0.32,clear
WTH_00001515,2025-03-05,3,16.7,0.0,8.8,10497.0,0.35,clear
WTH_00001516,2025-03-05,4,15.4,0.0,17.3,7207.0,0.33,clear
WTH_00001517,2025-03-05,5,17.7,0.0,21.2,8319.0,0.14,clear
WTH_00001518,2025-03-05,6,16.7,0.0,8.2,10204.0,0.46,clear
WTH_00001519,2025-03-05,7,14.8,0.0,1.0,10045.0,0.52,clear
WTH_00001520,2025-03-05,8,13.6,0.0,15.0,7721.0,0.54,clear
WTH_00001521,2025-03-05,9,9.1,0.0,4.1,10069.0,0.29,clear
WTH_00001522,2025-03-05,10,11.8,0.0,8.5,10450.0,0.55,clear
WTH_00001523,2025-03-05,11,12.8,0.0,18.8,7643.0,0.54,clear
WTH_00001524,2025-03-05,12,8.5,0.0,1.4,10457.0,0.26,clear
WTH_00001525,2025-03-05,13,11.9,0.0,7.4,8757.0,0.15,clear
WTH_00001526,2025-03-05,14,6.0,0.0,8.1,7016.0,0.66,cloudy
WTH_00001527,2025-03-05,15,8.3,0.0,18.7,7539.0,0.45,clear
WTH_00001528,2025-03-05,16,9.5,0.0,2.4,9996.0,0.35,clear
WTH_00001529,2025-03-05,17,11.2,0.0,43.8,6970.0,0.03,clear
WTH_00001530,2025-03-05,18,11.5,0.0,8.6,7540.0,0.45,clear
WTH_00001531,2025-03-05,19,10.4,0.0,22.5,8168.0,0.43,clear
WTH_00001532,2025-03-05,20,14.2,0.0,20.1,9596.0,0.18,clear
WTH_00001533,2025-03-05,21,10.1,0.0,3.7,6929.0,0.25,clear
WTH_00001534,2025-03-05,22,13.0,0.84,12.5,3692.0,0.84,rain
WTH_00001535,2025-03-05,23,16.0,0.0,16.3,8214.0,0.2,clear
WTH_00001536,2025-03-06,0,12.6,0.0,5.2,10840.0,0.59,clear
WTH_00001537,2025-03-06,1,16.1,0.0,7.5,8562.0,0.28,clear
WTH_00001538,2025-03-06,2,16.4,0.0,15.5,9244.0,0.33,clear
WTH_00001539,2025-03-06,3,19.4,0.0,10.1,9554.0,0.21,clear
WTH_00001540,2025-03-06,4,17.9,0.0,8.8,6480.0,0.24,clear
WTH_00001541,2025-03-06,5,17.4,0.0,4.5,10340.0,0.35,clear
WTH_00001542,2025-03-06,6,13.0,4.23,17.4,1086.0,0.76,rain
WTH_00001543,2025-03-06,7,14.0,0.0,6.0,11411.0,0.22,clear
WTH_00001544,2025-03-06,8,14.3,0.0,15.2,7471.0,0.29,clear
WTH_00001545,2025-03-06,9,11.4,0.0,7.7,6487.0,0.64,cloudy
WTH_00001546,2025-03-06,10,13.4,0.0,17.3,8812.0,0.26,clear
WTH_00001547,2025-03-06,11,12.0,0.0,6.9,8176.0,0.2,clear
WTH_00001548,2025-03-06,12,11.5,0.0,4.8,11818.0,0.28,clear
WTH_00001549,2025-03-06,13,7.0,0.0,9.3,9641.0,0.13,clear
WTH_00001550,2025-03-06,14,6.4,0.0,7.9,10726.0,0.69,cloudy
WTH_00001551,2025-03-06,15,9.0,0.0,3.4,7753.0,0.08,clear
WTH_00001552,2025-03-06,16,6.9,0.0,5.8,974.0,0.45,fog
WTH_00001553,2025-03-06,17,8.3,0.0,17.0,8615.0,0.4,clear
WTH_00001554,2025-03-06,18,7.4,0.0,7.3,10084.0,0.33,clear
WTH_00001555,2025-03-06,19,9.9,0.0,16.1,6313.0,0.24,clear
WTH_00001556,2025-03-06,20,11.0,0.0,31.3,7374.0,0.27,clear
WTH_00001557,2025-03-06,21,17.6,0.0,3.6,6035.0,0.16,clear
WTH_00001558,2025-03-06,22,16.5,0.0,6.3,10818.0,0.42,clear
WTH_00001559,2025-03-06,23,16.8,0.0,16.2,8749.0,0.25,clear
WTH_00001560,2025-03-07,0,13.6,0.0,13.4,9828.0,0.49,clear
WTH_00001561,2025-03-07,1,18.3,0.0,10.2,7516.0,0.44,clear
WTH_00001562,2025-03-07,2,16.6,0.0,27.8,7626.0,0.78,cloudy
WTH_00001563,2025-03-07,3,16.9,0.0,10.0,7457.0,0.17,clear
WTH_00001564,2025-03-07,4,18.6,0.0,8.9,6863.0,0.05,clear
WTH_00001565,2025-03-07,5,14.9,0.0,2.1,8805.0,0.3,clear
WTH_00001566,2025-03-07,6,13.1,0.0,28.8,9542.0,0.45,clear
WTH_00001567,2025-03-07,7,16.2,1.91,8.7,3858.0,0.49,rain
WTH_00001568,2025-03-07,8,14.3,0.0,4.3,8287.0,0.38,clear
WTH_00001569,2025-03-07,9,11.9,0.0,8.9,11768.0,0.08,clear
WTH_00001570,2025-03-07,10,13.4,0.0,9.2,8805.0,0.45,clear
WTH_00001571,2025-03-07,11,13.0,0.0,4.0,6674.0,0.6,cloudy
WTH_00001572,2025-03-07,12,9.7,0.0,7.6,11906.0,0.6,clear
WTH_00001573,2025-03-07,13,10.7,0.0,23.7,6071.0,0.15,clear
WTH_00001574,2025-03-07,14,9.6,0.0,23.9,8290.0,0.69,cloudy
WTH_00001575,2025-03-07,15,7.4,0.0,6.6,11398.0,0.3,clear
WTH_00001576,2025-03-07,16,10.8,0.0,6.5,9064.0,0.21,clear
WTH_00001577,2025-03-07,17,12.5,0.0,24.4,8717.0,0.1,clear
WTH_00001578,2025-03-07,18,10.2,0.0,5.6,9879.0,0.11,clear
WTH_00001579,2025-03-07,19,7.5,0.0,16.6,6775.0,0.03,clear
WTH_00001580,2025-03-07,20,9.6,0.0,4.5,8651.0,0.31,clear
WTH_00001581,2025-03-07,21,15.3,0.0,2.0,11535.0,0.42,clear
WTH_00001582,2025-03-07,22,17.4,0.0,11.1,11282.0,0.28,clear
WTH_00001583,2025-03-07,23,11.0,0.0,3.7,8375.0,0.11,clear
WTH_00001584,2025-03-08,0,15.3,0.0,14.8,7928.0,0.04,clear
WTH_00001585,2025-03-08,1,16.6,0.0,5.8,11260.0,0.67,cloudy
WTH_00001586,2025-03-08,2,19.8,0.0,11.0,11701.0,0.75,cloudy
WTH_00001587,2025-03-08,3,13.5,0.0,23.4,7558.0,0.5,clear
WTH_00001588,2025-03-08,4,18.8,0.0,10.7,10426.0,0.08,clear
WTH_00001589,2025-03-08,5,15.5,0.0,28.4,10888.0,0.32,clear
WTH_00001590,2025-03-08,6,13.4,0.0,11.5,10775.0,0.03,clear
WTH_00001591,2025-03-08,7,13.1,0.0,10.3,6143.0,0.26,clear
WTH_00001592,2025-03-08,8,14.3,0.0,8.7,9135.0,0.64,cloudy
WTH_00001593,2025-03-08,9,13.6,0.0,6.4,8015.0,0.08,clear
WTH_00001594,2025-03-08,10,11.3,0.0,16.3,7464.0,0.28,clear
WTH_00001595,2025-03-08,11,9.7,0.0,4.5,8248.0,0.5,clear
WTH_00001596,2025-03-08,12,8.3,0.0,1.5,10141.0,0.29,clear
WTH_00001597,2025-03-08,13,13.4,0.0,2.4,9907.0,0.11,clear
WTH_00001598,2025-03-08,14,7.3,0.0,4.5,9494.0,0.48,clear
WTH_00001599,2025-03-08,15,8.2,0.0,7.8,8221.0,0.63,cloudy
WTH_00001600,2025-03-08,16,9.9,0.0,5.5,8647.0,0.12,clear
WTH_00001601,2025-03-08,17,11.2,0.0,3.2,7919.0,0.19,clear
WTH_00001602,2025-03-08,18,10.6,0.0,16.9,591.0,0.03,fog
WTH_00001603,2025-03-08,19,11.6,0.0,6.6,11420.0,0.24,clear
WTH_00001604,2025-03-08,20,10.4,0.0,19.5,7999.0,0.51,clear
WTH_00001605,2025-03-08,21,14.4,0.0,11.0,8448.0,0.33,clear
WTH_00001606,2025-03-08,22,14.7,0.0,8.6,9676.0,0.66,cloudy
WTH_00001607,2025-03-08,23,17.8,0.0,14.4,7490.0,0.38,clear
WTH_00001608,2025-03-09,0,13.6,0.0,18.1,10978.0,0.57,clear
WTH_00001609,2025-03-09,1,14.3,0.0,19.3,11027.0,0.3,clear
WTH_00001610,2025-03-09,2,18.1,0.0,12.6,9820.0,0.58,clear
WTH_00001611,2025-03-09,3,16.7,0.0,42.8,10910.0,0.21,clear
WTH_00001612,2025-03-09,4,15.2,0.0,10.4,8098.0,0.36,clear
WTH_00001613,2025-03-09,5,13.7,0.0,12.7,8214.0,0.36,clear
WTH_00001614,2025-03-09,6,18.1,0.0,13.8,7902.0,0.31,clear
WTH_00001615,2025-03-09,7,14.6,0.0,11.6,6983.0,0.62,cloudy
WTH_00001616,2025-03-09,8,15.7,0.0,20.8,10455.0,0.28,clear
WTH_00001617,2025-03-09,9,14.4,0.0,35.3,7768.0,0.15,clear
WTH_00001618,2025-03-09,10,12.8,0.0,3.7,9489.0,0.11,clear
WTH_00001619,2025-03-09,11,8.7,0.0,6.5,8847.0,0.3,clear
WTH_00001620,2025-03-09,12,13.8,0.0,28.3,8798.0,0.06,clear
WTH_00001621,2025-03-09,13,11.5,0.0,21.9,8593.0,0.08,clear
WTH_00001622,2025-03-09,14,5.8,0.0,12.4,8207.0,0.45,clear
WTH_00001623,2025-03-09,15,9.1,0.0,3.4,10260.0,0.35,clear
WTH_00001624,2025-03-09,16,7.7,0.0,7.7,11020.0,0.3,clear
WTH_00001625,2025-03-09,17,9.8,0.0,14.3,9374.0,0.19,clear
WTH_00001626,2025-03-09,18,9.2,0.0,16.1,11546.0,0.22,clear
WTH_00001627,2025-03-09,19,8.5,0.0,7.9,7171.0,0.29,clear
WTH_00001628,2025-03-09,20,12.4,0.0,16.2,8675.0,0.28,clear
WTH_00001629,2025-03-09,21,9.6,0.0,22.7,10396.0,0.17,clear
WTH_00001630,2025-03-09,22,19.9,0.0,9.8,7736.0,0.12,clear
WTH_00001631,2025-03-09,23,16.3,0.0,9.3,8375.0,0.31,clear
WTH_00001632,2025-03-10,0,17.1,0.0,21.4,9787.0,0.19,clear
WTH_00001633,2025-03-10,1,18.2,0.0,6.0,7279.0,0.39,clear
WTH_00001634,2025-03-10,2,19.3,0.0,12.1,7119.0,0.41,clear
WTH_00001635,2025-03-10,3,17.2,0.0,19.2,11920.0,0.57,clear
WTH_00001636,2025-03-10,4,15.6,0.0,19.3,11980.0,0.19,clear
WTH_00001637,2025-03-10,5,16.3,0.0,41.0,8214.0,0.69,cloudy
WTH_00001638,2025-03-10,6,19.2,0.0,9.9,9604.0,0.63,cloudy
WTH_00001639,2025-03-10,7,16.5,0.0,15.0,9912.0,0.4,clear
WTH_00001640,2025-03-10,8,13.5,0.0,19.0,9469.0,0.21,clear
WTH_00001641,2025-03-10,9,12.8,13.98,23.7,3821.0,0.63,rain
WTH_00001642,2025-03-10,10,15.4,0.0,27.6,6203.0,0.36,clear
WTH_00001643,2025-03-10,11,11.5,0.0,13.3,10339.0,0.27,clear
WTH_00001644,2025-03-10,12,9.4,0.0,0.7,8484.0,0.3,clear
WTH_00001645,2025-03-10,13,11.6,0.0,11.7,8713.0,0.58,clear
WTH_00001646,2025-03-10,14,10.0,0.0,32.2,8989.0,0.28,clear
WTH_00001647,2025-03-10,15,14.3,0.0,45.7,7311.0,0.11,clear
WTH_00001648,2025-03-10,16,9.7,0.0,14.8,10497.0,0.2,clear
WTH_00001649,2025-03-10,17,8.0,0.0,7.3,6215.0,0.29,clear
WTH_00001650,2025-03-10,18,8.6,0.0,2.4,10641.0,0.37,clear
WTH_00001651,2025-03-10,19,12.0,0.0,17.6,7198.0,0.25,clear
WTH_00001652,2025-03-10,20,11.4,0.0,7.9,8826.0,0.4,clear
WTH_00001653,2025-03-10,21,7.5,0.0,4.4,929.0,0.39,fog
WTH_00001654,2025-03-10,22,14.3,0.0,42.8,8634.0,0.03,clear
WTH_00001655,2025-03-10,23,15.3,0.0,6.8,9123.0,0.27,clear
WTH_00001656,2025-03-11,0,19.7,0.0,8.3,8832.0,0.06,clear
WTH_00001657,2025-03-11,1,17.0,0.0,21.8,11829.0,0.09,clear
WTH_00001658,2025-03-11,2,20.4,0.0,9.5,10882.0,0.25,clear
WTH_00001659,2025-03-11,3,16.1,11.84,11.4,2203.0,0.76,rain
WTH_00001660,2025-03-11,4,16.0,0.0,22.6,11419.0,0.63,cloudy
WTH_00001661,2025-03-11,5,14.5,0.0,4.2,10509.0,0.52,clear
WTH_00001662,2025-03-11,6,14.7,0.0,12.8,7657.0,0.54,clear
WTH_00001663,2025-03-11,7,14.0,0.0,6.6,9357.0,0.13,clear
WTH_00001664,2025-03-11,8,10.2,0.0,3.9,8018.0,0.39,clear
WTH_00001665,2025-03-11,9,9.7,2.9,11.9,3948.0,0.68,rain
WTH_00001666,2025-03-11,10,12.6,0.0,8.3,6232.0,0.34,clear
WTH_00001667,2025-03-11,11,10.7,0.0,4.8,6168.0,0.35,clear
WTH_00001668,2025-03-11,12,11.3,0.0,13.0,10338.0,0.56,clear
WTH_00001669,2025-03-11,13,11.8,0.0,22.4,6446.0,0.03,clear
WTH_00001670,2025-03-11,14,11.2,0.0,9.1,7672.0,0.3,clear
WTH_00001671,2025-03-11,15,10.8,0.0,10.9,6438.0,0.2,clear
WTH_00001672,2025-03-11,16,10.5,0.0,4.4,10941.0,0.37,clear
WTH_00001673,2025-03-11,17,10.4,0.0,8.9,9657.0,0.35,clear
WTH_00001674,2025-03-11,18,8.3,0.0,1.4,8891.0,0.24,clear
WTH_00001675,2025-03-11,19,10.5,0.0,4.0,8536.0,0.42,clear
WTH_00001676,2025-03-11,20,11.0,0.0,25.4,9034.0,0.21,clear
WTH_00001677,2025-03-11,21,13.4,0.0,8.3,11570.0,0.12,clear
WTH_00001678,2025-03-11,22,14.3,0.0,22.1,6935.0,0.13,clear
WTH_00001679,2025-03-11,23,15.4,0.0,19.2,6042.0,0.25,clear
WTH_00001680,2025-03-12,0,16.7,3.93,16.6,1166.0,0.97,rain
WTH_00001681,2025-03-12,1,18.4,5.32,22.4,3085.0,0.59,rain
WTH_00001682,2025-03-12,2,16.9,5.04,23.5,1267.0,0.57,rain
WTH_00001683,2025-03-12,3,17.4,3.37,24.4,2538.0,0.73,rain
WTH_00001684,2025-03-12,4,13.9,6.36,23.4,2406.0,0.55,rain
WTH_00001685,2025-03-12,5,18.9,2.23,18.7,3816.0,0.99,rain
WTH_00001686,2025-03-12,6,14.2,11.5,17.7,861.0,0.45,storm
WTH_00001687,2025-03-12,7,15.3,5.38,19.1,2612.0,0.82,rain
WTH_00001688,2025-03-12,8,10.4,5.31,18.9,3710.0,0.71,rain
WTH_00001689,2025-03-12,9,15.0,10.03,28.6,2374.0,0.95,storm
WTH_00001690,2025-03-12,10,10.3,6.73,30.2,3506.0,0.86,rain
WTH_00001691,2025-03-12,11,9.2,2.37,19.8,902.0,0.47,rain
WTH_00001692,2025-03-12,12,10.4,1.87,31.5,1329.0,1.0,rain
WTH_00001693,2025-03-12,13,12.3,18.22,35.8,1565.0,0.64,storm
WTH_00001694,2025-03-12,14,6.8,0.69,24.0,1882.0,0.65,rain
WTH_00001695,2025-03-12,15,8.9,2.18,32.2,2867.0,0.84,rain
WTH_00001696,2025-03-12,16,12.5,5.32,33.0,3833.0,0.72,rain
WTH_00001697,2025-03-12,17,8.9,3.52,30.5,3359.0,0.68,rain
WTH_00001698,2025-03-12,18,7.7,9.42,21.8,2419.0,0.94,storm
WTH_00001699,2025-03-12,19,10.5,1.01,32.8,1910.0,0.93,rain
WTH_00001700,2025-03-12,20,9.8,11.31,46.7,1066.0,0.88,storm
WTH_00001701,2025-03-12,21,12.2,4.01,39.9,1932.0,0.72,rain
WTH_00001702,2025-03-12,22,16.1,0.95,27.2,1750.0,0.52,rain
WTH_00001703,2025-03-12,23,17.8,10.24,22.0,3265.0,0.54,storm
WTH_00001704,2025-03-13,0,11.9,0.0,20.0,6419.0,0.13,clear
WTH_00001705,2025-03-13,1,19.9,0.0,4.2,8708.0,0.32,clear
WTH_00001706,2025-03-13,2,19.4,0.0,9.2,7219.0,0.08,clear
WTH_00001707,2025-03-13,3,17.4,0.0,12.9,9052.0,0.41,clear
WTH_00001708,2025-03-13,4,18.6,0.0,7.1,11506.0,0.19,clear
WTH_00001709,2025-03-13,5,16.3,0.0,23.4,8817.0,0.36,clear
WTH_00001710,2025-03-13,6,13.5,0.0,3.0,7059.0,0.38,clear
WTH_00001711,2025-03-13,7,15.6,0.0,4.8,11336.0,0.25,clear
WTH_00001712,2025-03-13,8,13.8,0.0,2.1,9036.0,0.29,clear
WTH_00001713,2025-03-13,9,13.0,0.0,11.0,11214.0,0.41,clear
WTH_00001714,2025-03-13,10,12.6,0.0,5.5,10239.0,0.19,clear
WTH_00001715,2025-03-13,11,12.1,0.0,13.1,7595.0,0.26,clear
WTH_00001716,2025-03-13,12,9.0,0.0,25.0,8782.0,0.33,clear
WTH_00001717,2025-03-13,13,6.7,0.0,19.8,7166.0,0.46,clear
WTH_00001718,2025-03-13,14,5.1,0.0,1.0,8847.0,0.16,clear
WTH_00001719,2025-03-13,15,8.0,6.2,40.9,1439.0,0.7,rain
WTH_00001720,2025-03-13,16,6.8,0.0,11.7,10016.0,0.13,clear
WTH_00001721,2025-03-13,17,6.5,0.0,5.1,10807.0,0.12,clear
WTH_00001722,2025-03-13,18,9.6,0.0,20.1,11278.0,0.12,clear
WTH_00001723,2025-03-13,19,9.6,0.0,40.4,9715.0,0.65,cloudy
WTH_00001724,2025-03-13,20,12.7,0.0,17.5,8563.0,0.13,clear
WTH_00001725,2025-03-13,21,16.8,0.0,11.0,9388.0,0.14,clear
WTH_00001726,2025-03-13,22,11.8,0.0,10.7,8383.0,0.43,clear
WTH_00001727,2025-03-13,23,12.6,0.0,11.5,9373.0,0.66,cloudy
WTH_00001728,2025-03-14,0,18.1,0.0,4.4,7292.0,0.34,clear
WTH_00001729,2025-03-14,1,16.9,0.0,11.4,8369.0,0.3,clear
WTH_00001730,2025-03-14,2,11.8,0.0,18.8,7289.0,0.42,clear
WTH_00001731,2025-03-14,3,14.2,0.0,17.0,11622.0,0.6,cloudy
WTH_00001732,2025-03-14,4,16.6,0.0,3.6,6708.0,0.31,clear
WTH_00001733,2025-03-14,5,15.0,5.12,7.9,3546.0,0.58,rain
WTH_00001734,2025-03-14,6,17.1,0.0,9.6,9536.0,0.19,clear
WTH_00001735,2025-03-14,7,14.7,0.0,12.4,8908.0,0.16,clear
WTH_00001736,2025-03-14,8,14.0,0.0,18.2,9657.0,0.5,clear
WTH_00001737,2025-03-14,9,13.0,0.0,14.2,11219.0,0.16,clear
WTH_00001738,2025-03-14,10,15.0,0.0,5.0,7358.0,0.23,clear
WTH_00001739,2025-03-14,11,11.3,0.0,13.5,6146.0,0.1,clear
WTH_00001740,2025-03-14,12,12.3,0.0,27.3,7661.0,0.59,clear
WTH_00001741,2025-03-14,13,10.8,0.0,28.8,11825.0,0.61,cloudy
WTH_00001742,2025-03-14,14,9.4,0.0,7.2,6348.0,0.33,clear
WTH_00001743,2025-03-14,15,8.7,0.0,18.9,10178.0,0.39,clear
WTH_00001744,2025-03-14,16,6.7,0.0,12.2,6207.0,0.2,clear
WTH_00001745,2025-03-14,17,5.6,0.0,41.4,7167.0,0.04,clear
WTH_00001746,2025-03-14,18,6.3,0.0,2.3,8578.0,0.23,clear
WTH_00001747,2025-03-14,19,10.7,0.0,10.7,9042.0,0.42,clear
WTH_00001748,2025-03-14,20,11.7,0.0,8.4,10578.0,0.65,cloudy
WTH_00001749,2025-03-14,21,13.9,0.0,10.6,10221.0,0.65,cloudy
WTH_00001750,2025-03-14,22,17.3,0.0,5.1,10498.0,0.35,clear
WTH_00001751,2025-03-14,23,17.6,0.0,14.5,9944.0,0.69,cloudy
WTH_00001752,2025-03-15,0,13.6,0.0,17.1,8001.0,0.24,clear
WTH_00001753,2025-03-15,1,17.4,0.0,3.6,9276.0,0.1,clear
WTH_00001754,2025-03-15,2,19.6,0.0,8.0,9664.0,0.19,clear
WTH_00001755,2025-03-15,3,17.9,0.0,19.2,10622.0,0.16,clear
WTH_00001756,2025-03-15,4,14.8,0.0,11.8,9851.0,0.36,clear
WTH_00001757,2025-03-15,5,15.4,0.0,9.0,6307.0,0.26,clear
WTH_00001758,2025-03-15,6,16.0,0.0,1.9,8787.0,0.19,clear
WTH_00001759,2025-03-15,7,15.5,0.0,11.9,10119.0,0.39,clear
WTH_00001760,2025-03-15,8,17.7,0.0,11.6,6868.0,0.45,clear
WTH_00001761,2025-03-15,9,13.8,0.0,14.2,6458.0,0.23,clear
WTH_00001762,2025-03-15,10,10.6,0.0,19.6,7341.0,0.44,clear
WTH_00001763,2025-03-15,11,11.2,0.0,8.6,6476.0,0.33,clear
WTH_00001764,2025-03-15,12,10.0,0.0,7.3,8679.0,0.43,clear
WTH_00001765,2025-03-15,13,7.0,3.86,8.1,2075.0,0.72,rain
WTH_00001766,2025-03-15,14,5.8,0.0,40.8,11000.0,0.11,clear
WTH_00001767,2025-03-15,15,8.9,0.0,12.9,7068.0,0.32,clear
WTH_00001768,2025-03-15,16,7.3,0.0,9.0,10466.0,0.22,clear
WTH_00001769,2025-03-15,17,12.9,0.0,8.6,8463.0,0.22,clear
WTH_00001770,2025-03-15,18,8.9,0.0,7.0,10729.0,0.64,cloudy
WTH_00001771,2025-03-15,19,7.9,0.0,6.8,9703.0,0.15,clear
WTH_00001772,2025-03-15,20,9.5,0.0,4.2,7851.0,0.21,clear
WTH_00001773,2025-03-15,21,13.4,0.0,16.3,10785.0,0.57,clear
WTH_00001774,2025-03-15,22,13.9,0.0,13.6,1016.0,0.13,fog
WTH_00001775,2025-03-15,23,15.2,0.0,15.8,11003.0,0.05,clear
WTH_00001776,2025-03-16,0,13.2,0.0,28.5,10845.0,0.32,clear
WTH_00001777,2025-03-16,1,19.8,0.0,17.8,9345.0,0.33,clear
WTH_00001778,2025-03-16,2,20.0,0.0,24.0,9435.0,0.09,clear
WTH_00001779,2025-03-16,3,17.7,0.0,11.9,11330.0,0.47,clear
WTH_00001780,2025-03-16,4,13.4,0.0,23.8,7871.0,0.3,clear
WTH_00001781,2025-03-16,5,14.6,0.0,20.0,10143.0,0.55,clear
WTH_00001782,2025-03-16,6,11.4,0.0,14.3,437.0,0.21,fog
WTH_00001783,2025-03-16,7,15.8,0.0,9.0,10005.0,0.32,clear
WTH_00001784,2025-03-16,8,12.7,0.0,5.2,7544.0,0.14,clear
WTH_00001785,2025-03-16,9,12.4,0.0,7.6,769.0,0.17,fog
WTH_00001786,2025-03-16,10,16.3,0.0,17.2,8453.0,0.36,clear
WTH_00001787,2025-03-16,11,9.2,0.0,9.6,9975.0,0.53,clear
WTH_00001788,2025-03-16,12,6.6,2.59,9.4,2615.0,0.54,rain
WTH_00001789,2025-03-16,13,8.7,0.0,6.0,8245.0,0.16,clear
WTH_00001790,2025-03-16,14,10.9,0.0,26.7,9790.0,0.04,clear
WTH_00001791,2025-03-16,15,8.6,0.0,5.4,7693.0,0.1,clear
WTH_00001792,2025-03-16,16,11.6,0.0,9.2,6274.0,0.29,clear
WTH_00001793,2025-03-16,17,10.5,0.0,1.2,8164.0,0.27,clear
WTH_00001794,2025-03-16,18,13.1,0.0,3.8,9760.0,0.22,clear
WTH_00001795,2025-03-16,19,12.7,0.0,3.6,9147.0,0.48,clear
WTH_00001796,2025-03-16,20,11.1,0.0,1.1,9725.0,0.6,cloudy
WTH_00001797,2025-03-16,21,11.7,0.0,9.7,8750.0,0.35,clear
WTH_00001798,2025-03-16,22,17.6,0.0,15.0,8318.0,0.58,clear
WTH_00001799,2025-03-16,23,19.9,0.0,16.6,7542.0,0.54,clear
WTH_00001800,2025-03-17,0,16.7,0.0,4.0,10348.0,0.34,clear
WTH_00001801,2025-03-17,1,18.0,0.0,28.0,10972.0,0.44,clear
WTH_00001802,2025-03-17,2,15.2,0.0,14.1,8719.0,0.78,cloudy
WTH_00001803,2025-03-17,3,19.6,0.0,12.3,9785.0,0.34,clear
WTH_00001804,2025-03-17,4,18.2,0.0,36.1,11944.0,0.2,clear
WTH_00001805,2025-03-17,5,12.7,0.0,24.8,6704.0,0.33,clear
WTH_00001806,2025-03-17,6,14.3,0.0,7.1,11545.0,0.48,clear
WTH_00001807,2025-03-17,7,14.7,0.0,2.3,8894.0,0.16,clear
WTH_00001808,2025-03-17,8,12.9,0.0,5.6,6285.0,0.23,clear
WTH_00001809,2025-03-17,9,11.6,0.0,18.6,6476.0,0.27,clear
WTH_00001810,2025-03-17,10,14.9,0.0,20.0,7189.0,0.5,clear
WTH_00001811,2025-03-17,11,11.4,0.0,11.0,11972.0,0.36,clear
WTH_00001812,2025-03-17,12,10.2,0.0,8.2,10773.0,0.41,clear
WTH_00001813,2025-03-17,13,8.0,0.0,7.2,10927.0,0.1,clear
WTH_00001814,2025-03-17,14,3.7,0.0,5.0,8901.0,0.55,clear
WTH_00001815,2025-03-17,15,9.4,0.0,0.9,11669.0,0.44,clear
WTH_00001816,2025-03-17,16,11.9,0.0,6.5,9283.0,0.21,clear
WTH_00001817,2025-03-17,17,8.1,0.0,7.1,6025.0,0.22,clear
WTH_00001818,2025-03-17,18,8.0,0.0,22.4,9343.0,0.2,clear
WTH_00001819,2025-03-17,19,11.9,0.0,6.3,7815.0,0.32,clear
WTH_00001820,2025-03-17,20,12.0,0.0,5.1,8209.0,0.64,cloudy
WTH_00001821,2025-03-17,21,13.8,0.0,21.8,7665.0,0.12,clear
WTH_00001822,2025-03-17,22,14.1,0.0,2.8,9440.0,0.62,cloudy
WTH_00001823,2025-03-17,23,12.9,0.0,12.6,480.0,0.45,fog
WTH_00001824,2025-03-18,0,11.7,0.0,16.3,8829.0,0.43,clear
WTH_00001825,2025-03-18,1,19.4,0.0,4.3,6314.0,0.57,clear
WTH_00001826,2025-03-18,2,19.0,0.0,7.4,8494.0,0.1,clear
WTH_00001827,2025-03-18,3,16.8,0.0,5.9,7337.0,0.53,clear
WTH_00001828,2025-03-18,4,18.6,0.0,3.4,6719.0,0.45,clear
WTH_00001829,2025-03-18,5,16.4,0.0,14.0,9162.0,0.25,clear
WTH_00001830,2025-03-18,6,15.1,0.0,29.9,6218.0,0.52,clear
WTH_00001831,2025-03-18,7,13.2,0.0,11.1,9991.0,0.32,clear
WTH_00001832,2025-03-18,8,14.3,0.0,9.8,6004.0,0.52,clear
WTH_00001833,2025-03-18,9,14.0,0.0,2.9,6491.0,0.37,clear
WTH_00001834,2025-03-18,10,7.5,0.0,16.7,7333.0,0.32,clear
WTH_00001835,2025-03-18,11,7.4,0.0,6.2,8245.0,0.67,cloudy
WTH_00001836,2025-03-18,12,9.3,0.0,16.6,8833.0,0.13,clear
WTH_00001837,2025-03-18,13,9.8,0.0,0.8,11455.0,0.22,clear
WTH_00001838,2025-03-18,14,7.4,0.0,6.6,6123.0,0.32,clear
WTH_00001839,2025-03-18,15,10.5,0.0,7.1,7909.0,0.33,clear
WTH_00001840,2025-03-18,16,8.9,0.0,24.9,6565.0,0.3,clear
WTH_00001841,2025-03-18,17,10.0,0.0,3.7,8123.0,0.48,clear
WTH_00001842,2025-03-18,18,9.1,0.0,2.9,6914.0,0.55,clear
WTH_00001843,2025-03-18,19,8.9,0.0,5.3,11975.0,0.56,clear
WTH_00001844,2025-03-18,20,11.5,0.0,11.5,6907.0,0.84,cloudy
WTH_00001845,2025-03-18,21,11.1,0.0,4.0,6983.0,0.1,clear
WTH_00001846,2025-03-18,22,17.2,0.0,5.6,8391.0,0.43,clear
WTH_00001847,2025-03-18,23,16.7,0.0,1.9,11687.0,0.07,clear
WTH_00001848,2025-03-19,0,13.4,0.0,17.8,6266.0,0.35,clear
WTH_00001849,2025-03-19,1,16.7,0.0,3.2,7476.0,0.41,clear
WTH_00001850,2025-03-19,2,20.1,0.0,2.0,7499.0,0.29,clear
WTH_00001851,2025-03-19,3,19.7,0.0,6.4,6649.0,0.3,clear
WTH_00001852,2025-03-19,4,19.8,0.0,10.9,9802.0,0.05,clear
WTH_00001853,2025-03-19,5,15.3,0.0,22.4,7657.0,0.34,clear
WTH_00001854,2025-03-19,6,16.6,0.0,8.3,9983.0,0.54,clear
WTH_00001855,2025-03-19,7,15.0,0.0,4.6,9548.0,0.39,clear
WTH_00001856,2025-03-19,8,13.5,0.0,20.4,11911.0,0.51,clear
WTH_00001857,2025-03-19,9,14.6,0.0,10.9,7373.0,0.29,clear
WTH_00001858,2025-03-19,10,12.8,0.0,6.2,9281.0,0.56,clear
WTH_00001859,2025-03-19,11,12.6,0.43,2.5,2094.0,0.95,rain
WTH_00001860,2025-03-19,12,8.2,0.0,34.1,6570.0,0.41,clear
WTH_00001861,2025-03-19,13,8.7,0.0,13.1,9743.0,0.52,clear
WTH_00001862,2025-03-19,14,9.1,0.0,17.6,7611.0,0.36,clear
WTH_00001863,2025-03-19,15,11.3,0.0,3.9,9336.0,0.08,clear
WTH_00001864,2025-03-19,16,9.8,0.0,4.0,10351.0,0.6,cloudy
WTH_00001865,2025-03-19,17,5.7,0.0,5.4,7583.0,0.22,clear
WTH_00001866,2025-03-19,18,8.7,0.0,7.2,8911.0,0.5,clear
WTH_00001867,2025-03-19,19,11.6,0.0,4.4,10703.0,0.3,clear
WTH_00001868,2025-03-19,20,11.2,0.0,9.0,11103.0,0.44,clear
WTH_00001869,2025-03-19,21,16.1,0.0,12.7,11788.0,0.2,clear
WTH_00001870,2025-03-19,22,11.6,0.0,4.7,422.0,0.04,fog
WTH_00001871,2025-03-19,23,16.5,0.0,6.7,10775.0,0.48,clear
WTH_00001872,2025-03-20,0,17.5,0.0,6.1,9819.0,0.32,clear
WTH_00001873,2025-03-20,1,14.4,0.0,1.3,6646.0,0.39,clear
WTH_00001874,2025-03-20,2,17.4,0.0,1.1,10792.0,0.39,clear
WTH_00001875,2025-03-20,3,15.6,0.0,7.7,6222.0,0.4,clear
WTH_00001876,2025-03-20,4,14.9,0.0,21.9,8795.0,0.07,clear
WTH_00001877,2025-03-20,5,17.6,0.0,7.8,8991.0,0.18,clear
WTH_00001878,2025-03-20,6,15.5,0.0,16.5,9035.0,0.37,clear
WTH_00001879,2025-03-20,7,13.0,0.0,21.0,11708.0,0.2,clear
WTH_00001880,2025-03-20,8,17.3,0.0,5.9,8394.0,0.15,clear
WTH_00001881,2025-03-20,9,14.5,0.0,16.6,10821.0,0.61,cloudy
WTH_00001882,2025-03-20,10,12.2,8.56,18.8,2376.0,0.89,rain
WTH_00001883,2025-03-20,11,13.5,0.0,11.1,9742.0,0.23,clear
WTH_00001884,2025-03-20,12,10.1,0.0,11.9,6753.0,0.2,clear
WTH_00001885,2025-03-20,13,12.4,0.0,12.9,9626.0,0.57,clear
WTH_00001886,2025-03-20,14,9.4,4.97,3.9,3655.0,0.87,rain
WTH_00001887,2025-03-20,15,8.0,0.0,6.6,8321.0,0.51,clear
WTH_00001888,2025-03-20,16,8.0,0.0,11.5,10568.0,0.46,clear
WTH_00001889,2025-03-20,17,6.9,4.13,15.9,821.0,1.0,rain
WTH_00001890,2025-03-20,18,8.6,0.0,2.3,9115.0,0.21,clear
WTH_00001891,2025-03-20,19,7.1,0.0,5.3,6779.0,0.38,clear
WTH_00001892,2025-03-20,20,5.8,0.0,7.2,8238.0,0.28,clear
WTH_00001893,2025-03-20,21,14.9,0.0,34.0,7772.0,0.49,clear
WTH_00001894,2025-03-20,22,15.8,0.0,23.5,6584.0,0.53,clear
WTH_00001895,2025-03-20,23,15.2,0.0,13.0,10549.0,0.5,clear
WTH_00001896,2025-03-21,0,15.0,0.0,16.0,10008.0,0.08,clear
WTH_00001897,2025-03-21,1,18.7,0.0,0.3,11173.0,0.5,clear
WTH_00001898,2025-03-21,2,18.1,0.0,5.9,6146.0,0.31,clear
WTH_00001899,2025-03-21,3,17.4,8.51,6.5,1367.0,0.83,rain
WTH_00001900,2025-03-21,4,17.7,0.0,6.3,8759.0,0.09,clear
WTH_00001901,2025-03-21,5,13.7,13.37,5.2,3070.0,0.69,rain
WTH_00001902,2025-03-21,6,16.2,0.0,4.3,6483.0,0.47,clear
WTH_00001903,2025-03-21,7,12.6,0.0,4.7,843.0,0.36,fog
WTH_00001904,2025-03-21,8,15.9,0.0,6.2,6053.0,0.43,clear
WTH_00001905,2025-03-21,9,11.4,0.0,12.7,11579.0,0.34,clear
WTH_00001906,2025-03-21,10,9.4,0.0,15.7,10223.0,0.22,clear
WTH_00001907,2025-03-21,11,9.5,0.0,11.5,11272.0,0.41,clear
WTH_00001908,2025-03-21,12,10.1,0.0,8.5,6306.0,0.28,clear
WTH_00001909,2025-03-21,13,8.1,0.0,17.1,11510.0,0.57,clear
WTH_00001910,2025-03-21,14,8.1,0.0,26.2,7462.0,0.44,clear
WTH_00001911,2025-03-21,15,6.9,0.0,16.6,6334.0,0.17,clear
WTH_00001912,2025-03-21,16,10.7,0.0,11.5,10980.0,0.42,clear
WTH_00001913,2025-03-21,17,11.4,0.0,22.3,6471.0,0.46,clear
WTH_00001914,2025-03-21,18,10.0,0.0,5.6,7233.0,0.34,clear
WTH_00001915,2025-03-21,19,10.7,0.0,16.5,8107.0,0.29,clear
WTH_00001916,2025-03-21,20,14.3,0.0,3.8,6085.0,0.18,clear
WTH_00001917,2025-03-21,21,12.1,0.0,9.8,8058.0,0.07,clear
WTH_00001918,2025-03-21,22,16.1,0.0,19.2,9356.0,0.09,clear
WTH_00001919,2025-03-21,23,15.1,0.0,9.7,7613.0,0.18,clear
WTH_00001920,2025-03-22,0,12.2,0.0,4.1,7715.0,0.29,clear
WTH_00001921,2025-03-22,1,16.2,0.0,4.7,6777.0,0.5,clear
WTH_00001922,2025-03-22,2,17.7,0.0,9.4,11646.0,0.74,cloudy
WTH_00001923,2025-03-22,3,19.5,0.0,7.0,7176.0,0.1,clear
WTH_00001924,2025-03-22,4,15.0,0.0,20.0,6505.0,0.57,clear
WTH_00001925,2025-03-22,5,15.5,0.0,17.9,11379.0,0.06,clear
WTH_00001926,2025-03-22,6,16.7,0.0,11.3,10959.0,0.27,clear
WTH_00001927,2025-03-22,7,12.2,0.0,11.4,8759.0,0.43,clear
WTH_00001928,2025-03-22,8,13.0,0.0,6.4,7142.0,0.48,clear
WTH_00001929,2025-03-22,9,14.0,0.0,28.1,8433.0,0.22,clear
WTH_00001930,2025-03-22,10,13.4,0.0,11.9,8989.0,0.62,cloudy
WTH_00001931,2025-03-22,11,8.5,0.0,3.6,7369.0,0.17,clear
WTH_00001932,2025-03-22,12,10.3,0.0,21.6,8231.0,0.06,clear
WTH_00001933,2025-03-22,13,7.3,0.0,21.1,394.0,0.08,fog
WTH_00001934,2025-03-22,14,9.1,0.0,24.0,10027.0,0.15,clear
WTH_00001935,2025-03-22,15,9.2,0.0,5.9,8174.0,0.37,clear
WTH_00001936,2025-03-22,16,8.5,0.0,2.3,10995.0,0.05,clear
WTH_00001937,2025-03-22,17,9.9,0.0,21.3,6037.0,0.73,cloudy
WTH_00001938,2025-03-22,18,7.3,0.0,5.0,7220.0,0.07,clear
WTH_00001939,2025-03-22,19,11.3,0.0,9.4,8961.0,0.6,clear
WTH_00001940,2025-03-22,20,13.4,0.0,29.8,11831.0,0.22,clear
WTH_00001941,2025-03-22,21,16.1,0.0,19.6,10052.0,0.64,cloudy
WTH_00001942,2025-03-22,22,12.9,0.0,9.7,11138.0,0.54,clear
WTH_00001943,2025-03-22,23,17.7,0.0,23.6,8687.0,0.44,clear
WTH_00001944,2025-03-23,0,16.2,0.0,16.6,8406.0,0.15,clear
WTH_00001945,2025-03-23,1,17.5,0.0,7.8,6744.0,0.09,clear
WTH_00001946,2025-03-23,2,19.2,0.0,22.8,11696.0,0.63,cloudy
WTH_00001947,2025-03-23,3,19.4,0.0,1.9,11188.0,0.63,cloudy
WTH_00001948,2025-03-23,4,14.3,0.0,3.4,7721.0,0.09,clear
WTH_00001949,2025-03-23,5,20.3,0.0,16.6,7465.0,0.1,clear
WTH_00001950,2025-03-23,6,18.7,0.0,15.4,8000.0,0.22,clear
WTH_00001951,2025-03-23,7,15.9,0.0,8.2,8428.0,0.18,clear
WTH_00001952,2025-03-23,8,8.0,0.0,58.5,8608.0,0.24,clear
WTH_00001953,2025-03-23,9,13.6,0.0,17.9,6575.0,0.57,clear
WTH_00001954,2025-03-23,10,11.9,0.0,12.5,9156.0,0.2,clear
WTH_00001955,2025-03-23,11,9.0,0.0,5.5,9696.0,0.46,clear
WTH_00001956,2025-03-23,12,11.8,0.0,19.5,775.0,0.37,fog
WTH_00001957,2025-03-23,13,10.7,0.0,16.7,9168.0,0.35,clear
WTH_00001958,2025-03-23,14,8.8,0.0,23.6,9385.0,0.74,cloudy
WTH_00001959,2025-03-23,15,10.0,0.0,13.3,7928.0,0.32,clear
WTH_00001960,2025-03-23,16,12.0,0.0,7.3,11041.0,0.48,clear
WTH_00001961,2025-03-23,17,9.5,0.0,15.6,9060.0,0.62,cloudy
WTH_00001962,2025-03-23,18,6.1,0.0,4.8,10120.0,0.05,clear
WTH_00001963,2025-03-23,19,12.2,0.0,10.7,11356.0,0.63,cloudy
WTH_00001964,2025-03-23,20,13.1,0.0,6.8,11200.0,0.14,clear
WTH_00001965,2025-03-23,21,10.7,0.0,5.0,11529.0,0.28,clear
WTH_00001966,2025-03-23,22,10.3,0.0,13.9,8169.0,0.32,clear
WTH_00001967,2025-03-23,23,13.0,0.0,24.1,8802.0,0.15,clear
WTH_00001968,2025-03-24,0,15.8,10.3,6.3,3830.0,0.5,rain
WTH_00001969,2025-03-24,1,16.1,0.0,0.7,10643.0,0.67,cloudy
WTH_00001970,2025-03-24,2,14.7,0.0,14.4,9055.0,0.57,clear
WTH_00001971,2025-03-24,3,18.7,0.0,11.0,7002.0,0.25,clear
WTH_00001972,2025-03-24,4,16.4,0.0,2.2,318.0,0.16,fog
WTH_00001973,2025-03-24,5,13.7,0.0,12.0,10940.0,0.25,clear
WTH_00001974,2025-03-24,6,17.3,0.0,10.7,7987.0,0.12,clear
WTH_00001975,2025-03-24,7,11.8,0.0,13.7,8319.0,0.66,cloudy
WTH_00001976,2025-03-24,8,13.7,2.24,3.7,3814.0,0.51,rain
WTH_00001977,2025-03-24,9,18.5,0.0,3.3,6840.0,0.61,cloudy
WTH_00001978,2025-03-24,10,10.9,0.0,11.8,8385.0,0.45,clear
WTH_00001979,2025-03-24,11,11.6,0.0,6.7,8241.0,0.39,clear
WTH_00001980,2025-03-24,12,10.4,0.0,2.9,11042.0,0.14,clear
WTH_00001981,2025-03-24,13,12.4,0.0,15.0,9380.0,0.37,clear
WTH_00001982,2025-03-24,14,9.8,3.88,9.2,1093.0,0.6,rain
WTH_00001983,2025-03-24,15,9.1,0.0,4.0,7063.0,0.39,clear
WTH_00001984,2025-03-24,16,7.1,0.0,2.0,6344.0,0.13,clear
WTH_00001985,2025-03-24,17,12.4,0.0,11.2,11942.0,0.02,clear
WTH_00001986,2025-03-24,18,12.0,0.0,7.9,8941.0,0.56,clear
WTH_00001987,2025-03-24,19,11.7,0.0,16.4,6651.0,0.14,clear
WTH_00001988,2025-03-24,20,15.0,0.0,2.3,6516.0,0.13,clear
WTH_00001989,2025-03-24,21,10.8,0.0,6.3,8096.0,0.03,clear
WTH_00001990,2025-03-24,22,10.0,0.0,8.4,9921.0,0.12,clear
WTH_00001991,2025-03-24,23,15.2,0.0,11.6,8836.0,0.46,clear
WTH_00001992,2025-03-25,0,17.0,0.0,9.7,10654.0,0.5,clear
WTH_00001993,2025-03-25,1,17.1,0.0,2.9,11721.0,0.54,clear
WTH_00001994,2025-03-25,2,15.8,0.0,3.7,6531.0,0.22,clear
WTH_00001995,2025-03-25,3,17.4,0.0,7.3,8447.0,0.33,clear
WTH_00001996,2025-03-25,4,17.4,0.0,13.4,6862.0,0.24,clear
WTH_00001997,2025-03-25,5,13.3,0.0,16.5,6590.0,0.38,clear
WTH_00001998,2025-03-25,6,18.6,0.0,18.6,6981.0,0.64,cloudy
WTH_00001999,2025-03-25,7,17.8,0.0,3.5,7853.0,0.64,cloudy
WTH_00002000,2025-03-25,8,13.1,0.0,9.3,10824.0,0.51,clear
WTH_00002001,2025-03-25,9,11.0,0.0,1.7,9539.0,0.19,clear
WTH_00002002,2025-03-25,10,7.8,4.96,21.8,3680.0,0.78,rain
WTH_00002003,2025-03-25,11,9.8,9.35,16.5,1032.0,0.99,rain
WTH_00002004,2025-03-25,12,9.6,0.0,7.9,8365.0,0.2,clear
WTH_00002005,2025-03-25,13,8.3,0.0,20.3,6278.0,0.68,cloudy
WTH_00002006,2025-03-25,14,8.1,0.0,4.2,10388.0,0.03,clear
WTH_00002007,2025-03-25,15,2.9,0.0,16.3,10091.0,0.28,clear
WTH_00002008,2025-03-25,16,7.1,0.0,15.6,7823.0,0.68,cloudy
WTH_00002009,2025-03-25,17,8.8,0.0,17.5,8864.0,0.28,clear
WTH_00002010,2025-03-25,18,8.0,0.0,5.5,10458.0,0.25,clear
WTH_00002011,2025-03-25,19,8.6,0.0,16.3,7191.0,0.3,clear
WTH_00002012,2025-03-25,20,16.4,0.0,12.5,7400.0,0.2,clear
WTH_00002013,2025-03-25,21,14.7,0.0,28.0,8433.0,0.28,clear
WTH_00002014,2025-03-25,22,13.1,0.0,21.4,11416.0,0.04,clear
WTH_00002015,2025-03-25,23,14.6,0.0,11.5,6348.0,0.28,clear
WTH_00002016,2025-03-26,0,13.8,0.0,29.1,6627.0,0.3,clear
WTH_00002017,2025-03-26,1,14.9,0.0,10.7,7203.0,0.34,clear
WTH_00002018,2025-03-26,2,17.8,0.0,26.6,9200.0,0.57,clear
WTH_00002019,2025-03-26,3,18.9,0.0,6.5,9595.0,0.32,clear
WTH_00002020,2025-03-26,4,18.0,0.0,6.3,8465.0,0.53,clear
WTH_00002021,2025-03-26,5,17.0,0.0,8.3,9884.0,0.29,clear
WTH_00002022,2025-03-26,6,14.4,0.0,10.6,6708.0,0.39,clear
WTH_00002023,2025-03-26,7,15.1,0.0,19.4,7261.0,0.09,clear
WTH_00002024,2025-03-26,8,14.4,0.0,6.8,10549.0,0.34,clear
WTH_00002025,2025-03-26,9,14.2,0.0,4.8,7337.0,0.16,clear
WTH_00002026,2025-03-26,10,12.0,0.0,20.2,6975.0,0.47,clear
WTH_00002027,2025-03-26,11,13.2,0.0,6.4,9950.0,0.38,clear
WTH_00002028,2025-03-26,12,10.6,0.0,2.8,10221.0,0.24,clear
WTH_00002029,2025-03-26,13,12.0,4.58,20.6,1740.0,0.96,rain
WTH_00002030,2025-03-26,14,8.6,0.0,7.1,11706.0,0.09,clear
WTH_00002031,2025-03-26,15,9.5,0.0,15.1,6532.0,0.23,clear
WTH_00002032,2025-03-26,16,9.4,0.0,4.9,9025.0,0.45,clear
WTH_00002033,2025-03-26,17,10.5,0.0,2.0,8794.0,0.19,clear
WTH_00002034,2025-03-26,18,12.9,0.0,18.2,7117.0,0.15,clear
WTH_00002035,2025-03-26,19,12.1,0.0,14.0,9956.0,0.38,clear
WTH_00002036,2025-03-26,20,10.5,0.0,6.4,956.0,0.05,fog
WTH_00002037,2025-03-26,21,14.5,0.0,11.9,11290.0,0.54,clear
WTH_00002038,2025-03-26,22,12.6,0.0,8.0,7664.0,0.51,clear
WTH_00002039,2025-03-26,23,17.0,0.0,2.9,11520.0,0.68,cloudy
WTH_00002040,2025-03-27,0,18.3,0.0,3.6,11276.0,0.2,clear
WTH_00002041,2025-03-27,1,13.6,0.0,13.8,10035.0,0.46,clear
WTH_00002042,2025-03-27,2,17.2,0.0,10.1,9921.0,0.08,clear
WTH_00002043,2025-03-27,3,16.3,0.0,4.5,10834.0,0.15,clear
WTH_00002044,2025-03-27,4,17.9,0.0,6.7,10892.0,0.37,clear
WTH_00002045,2025-03-27,5,15.9,0.0,18.4,11585.0,0.24,clear
WTH_00002046,2025-03-27,6,15.9,0.0,13.8,7417.0,0.2,clear
WTH_00002047,2025-03-27,7,15.0,0.0,4.3,9867.0,0.4,clear
WTH_00002048,2025-03-27,8,14.6,0.0,14.9,11840.0,0.15,clear
WTH_00002049,2025-03-27,9,14.2,0.0,3.7,10331.0,0.19,clear
WTH_00002050,2025-03-27,10,11.9,0.0,20.8,9264.0,0.36,clear
WTH_00002051,2025-03-27,11,9.8,0.0,12.5,7692.0,0.47,clear
WTH_00002052,2025-03-27,12,11.6,0.0,6.7,9906.0,0.32,clear
WTH_00002053,2025-03-27,13,7.8,0.0,30.8,8195.0,0.06,clear
WTH_00002054,2025-03-27,14,7.9,0.0,22.8,10354.0,0.68,cloudy
WTH_00002055,2025-03-27,15,10.2,0.0,2.9,8833.0,0.56,clear
WTH_00002056,2025-03-27,16,8.1,0.0,3.1,7373.0,0.3,clear
WTH_00002057,2025-03-27,17,4.8,0.0,7.1,11708.0,0.51,clear
WTH_00002058,2025-03-27,18,11.3,0.0,4.1,10429.0,0.18,clear
WTH_00002059,2025-03-27,19,10.2,12.65,7.5,1599.0,0.92,rain
WTH_00002060,2025-03-27,20,14.3,0.0,17.2,11185.0,0.23,clear
WTH_00002061,2025-03-27,21,12.5,0.0,8.5,10545.0,0.29,clear
WTH_00002062,2025-03-27,22,14.2,0.0,3.6,6485.0,0.25,clear
WTH_00002063,2025-03-27,23,16.4,0.0,22.8,7679.0,0.43,clear
WTH_00002064,2025-03-28,0,18.7,0.0,30.5,8151.0,0.42,clear
WTH_00002065,2025-03-28,1,15.9,0.0,9.5,6064.0,0.21,clear
WTH_00002066,2025-03-28,2,19.2,0.0,3.5,7910.0,0.44,clear
WTH_00002067,2025-03-28,3,16.1,0.0,9.2,11111.0,0.32,clear
WTH_00002068,2025-03-28,4,17.4,0.0,5.6,9298.0,0.04,clear
WTH_00002069,2025-03-28,5,17.1,0.0,16.8,8464.0,0.61,cloudy
WTH_00002070,2025-03-28,6,13.5,0.0,2.1,11508.0,0.2,clear
WTH_00002071,2025-03-28,7,14.0,0.0,20.3,11994.0,0.16,clear
WTH_00002072,2025-03-28,8,12.2,0.0,10.6,8543.0,0.26,clear
WTH_00002073,2025-03-28,9,9.6,0.0,12.4,11044.0,0.42,clear
WTH_00002074,2025-03-28,10,12.9,0.0,16.7,7615.0,0.22,clear
WTH_00002075,2025-03-28,11,11.6,0.0,32.4,10231.0,0.44,clear
WTH_00002076,2025-03-28,12,10.1,0.0,27.6,10467.0,0.03,clear
WTH_00002077,2025-03-28,13,12.5,0.0,4.9,8439.0,0.27,clear
WTH_00002078,2025-03-28,14,9.8,0.0,11.0,10466.0,0.12,clear
WTH_00002079,2025-03-28,15,8.4,0.0,6.7,11254.0,0.76,cloudy
WTH_00002080,2025-03-28,16,9.7,0.0,25.4,10762.0,0.1,clear
WTH_00002081,2025-03-28,17,10.3,0.0,18.9,11071.0,0.38,clear
WTH_00002082,2025-03-28,18,13.4,0.0,19.5,614.0,0.35,fog
WTH_00002083,2025-03-28,19,7.3,0.0,24.6,673.0,0.51,fog
WTH_00002084,2025-03-28,20,12.2,0.0,3.7,6722.0,0.16,clear
WTH_00002085,2025-03-28,21,14.8,0.0,0.6,8846.0,0.57,clear
WTH_00002086,2025-03-28,22,14.1,0.0,21.2,6162.0,0.4,clear
WTH_00002087,2025-03-28,23,16.5,0.0,4.6,8928.0,0.39,clear
WTH_00002088,2025-03-29,0,16.7,0.0,13.9,9945.0,0.67,cloudy
WTH_00002089,2025-03-29,1,16.1,0.0,16.0,10633.0,0.22,clear
WTH_00002090,2025-03-29,2,16.0,0.0,3.6,7564.0,0.39,clear
WTH_00002091,2025-03-29,3,19.6,0.0,3.6,11847.0,0.53,clear
WTH_00002092,2025-03-29,4,16.8,0.0,4.6,10466.0,0.3,clear
WTH_00002093,2025-03-29,5,15.1,0.0,14.4,9492.0,0.13,clear
WTH_00002094,2025-03-29,6,16.9,0.0,4.5,7152.0,0.29,clear
WTH_00002095,2025-03-29,7,15.9,0.0,7.7,10178.0,0.5,clear
WTH_00002096,2025-03-29,8,16.1,0.0,3.9,10794.0,0.71,cloudy
WTH_00002097,2025-03-29,9,13.0,0.0,23.4,8669.0,0.2,clear
WTH_00002098,2025-03-29,10,12.7,0.0,9.5,992.0,0.28,fog
WTH_00002099,2025-03-29,11,12.2,0.0,2.9,10232.0,0.45,clear
WTH_00002100,2025-03-29,12,10.7,0.0,8.3,9228.0,0.42,clear
WTH_00002101,2025-03-29,13,9.6,0.0,3.2,9667.0,0.23,clear
WTH_00002102,2025-03-29,14,9.8,0.0,10.7,8715.0,0.17,clear
WTH_00002103,2025-03-29,15,8.0,0.0,3.5,8437.0,0.65,cloudy
WTH_00002104,2025-03-29,16,9.2,0.0,2.5,11363.0,0.21,clear
WTH_00002105,2025-03-29,17,11.4,0.0,21.3,10798.0,0.6,cloudy
WTH_00002106,2025-03-29,18,10.3,0.0,27.6,11925.0,0.22,clear
WTH_00002107,2025-03-29,19,11.9,0.0,11.8,8870.0,0.39,clear
WTH_00002108,2025-03-29,20,8.9,12.05,4.1,1989.0,1.0,rain
WTH_00002109,2025-03-29,21,13.5,0.0,6.0,7935.0,0.35,clear
WTH_00002110,2025-03-29,22,12.2,0.0,10.6,7073.0,0.15,clear
WTH_00002111,2025-03-29,23,16.7,0.0,12.1,7141.0,0.07,clear
WTH_00002112,2025-03-30,0,13.7,0.0,4.1,8365.0,0.33,clear
WTH_00002113,2025-03-30,1,15.2,0.0,18.3,9801.0,0.27,clear
WTH_00002114,2025-03-30,2,14.3,0.0,7.7,8256.0,0.58,clear
WTH_00002115,2025-03-30,3,14.6,0.0,18.7,9957.0,0.21,clear
WTH_00002116,2025-03-30,4,19.2,0.0,27.2,11180.0,0.47,clear
WTH_00002117,2025-03-30,5,14.6,0.0,17.6,11717.0,0.32,clear
WTH_00002118,2025-03-30,6,16.2,0.0,1.2,8017.0,0.41,clear
WTH_00002119,2025-03-30,7,11.8,0.0,6.7,8300.0,0.26,clear
WTH_00002120,2025-03-30,8,15.5,0.0,2.9,10105.0,0.28,clear
WTH_00002121,2025-03-30,9,14.0,0.0,10.3,10555.0,0.63,cloudy
WTH_00002122,2025-03-30,10,13.6,0.0,8.6,7343.0,0.09,clear
WTH_00002123,2025-03-30,11,11.0,1.06,6.9,3507.0,0.61,rain
WTH_00002124,2025-03-30,12,10.0,0.0,8.6,6865.0,0.87,cloudy
WTH_00002125,2025-03-30,13,8.7,0.0,13.8,9121.0,0.23,clear
WTH_00002126,2025-03-30,14,8.3,0.0,1.9,7319.0,0.05,clear
WTH_00002127,2025-03-30,15,9.8,0.0,20.4,10256.0,0.31,clear
WTH_00002128,2025-03-30,16,10.9,0.0,1.6,11177.0,0.64,cloudy
WTH_00002129,2025-03-30,17,12.7,0.0,11.7,11205.0,0.36,clear
WTH_00002130,2025-03-30,18,10.4,0.0,8.3,8273.0,0.14,clear
WTH_00002131,2025-03-30,19,6.2,0.0,1.5,8072.0,0.45,clear
WTH_00002132,2025-03-30,20,14.2,0.0,12.3,9129.0,0.19,clear
WTH_00002133,2025-03-30,21,14.1,0.0,14.2,7051.0,0.09,clear
WTH_00002134,2025-03-30,22,12.8,0.0,16.9,10357.0,0.53,clear
WTH_00002135,2025-03-30,23,14.3,0.0,8.8,6563.0,0.81,cloudy
WTH_00002136,2025-03-31,0,16.8,0.0,20.6,10439.0,0.38,clear
WTH_00002137,2025-03-31,1,17.0,0.0,30.3,9351.0,0.22,clear
WTH_00002138,2025-03-31,2,13.7,0.0,5.5,11550.0,0.09,clear
WTH_00002139,2025-03-31,3,18.3,0.0,13.3,6321.0,0.07,clear
WTH_00002140,2025-03-31,4,15.1,0.0,8.6,11380.0,0.1,clear
WTH_00002141,2025-03-31,5,18.0,0.0,17.5,10617.0,0.38,clear
WTH_00002142,2025-03-31,6,15.9,0.0,24.9,7658.0,0.36,clear
WTH_00002143,2025-03-31,7,15.2,0.0,5.8,7194.0,0.37,clear
WTH_00002144,2025-03-31,8,13.5,0.0,1.1,10384.0,0.38,clear
WTH_00002145,2025-03-31,9,12.2,0.0,11.7,6634.0,0.58,clear
WTH_00002146,2025-03-31,10,10.1,0.0,1.8,9261.0,0.56,clear
WTH_00002147,2025-03-31,11,11.2,0.0,25.3,7173.0,0.52,clear
WTH_00002148,2025-03-31,12,11.7,0.0,6.7,8410.0,0.42,clear
WTH_00002149,2025-03-31,13,7.7,0.0,1.3,10348.0,0.48,clear
WTH_00002150,2025-03-31,14,9.8,0.0,13.1,9065.0,0.09,clear
WTH_00002151,2025-03-31,15,11.7,0.0,9.4,11256.0,0.61,cloudy
WTH_00002152,2025-03-31,16,7.9,0.0,11.4,10550.0,0.35,clear
WTH_00002153,2025-03-31,17,8.8,0.0,3.1,9347.0,0.16,clear
WTH_00002154,2025-03-31,18,14.3,0.0,22.2,8818.0,0.37,clear
WTH_00002155,2025-03-31,19,11.2,0.0,10.3,10395.0,0.11,clear
WTH_00002156,2025-03-31,20,13.9,0.0,11.8,8435.0,0.32,clear
WTH_00002157,2025-03-31,21,13.2,0.0,17.4,10246.0,0.11,clear
WTH_00002158,2025-03-31,22,15.7,0.0,6.5,11702.0,0.38,clear
WTH_00002159,2025-03-31,23,17.2,0.0,34.3,9537.0,0.32,clear
WTH_00002160,2025-04-01,0,13.0,0.0,0.3,7803.0,0.21,clear
WTH_00002161,2025-04-01,1,18.4,0.0,5.9,7257.0,0.29,clear
WTH_00002162,2025-04-01,2,15.5,0.0,10.7,11842.0,0.49,clear
WTH_00002163,2025-04-01,3,18.3,0.0,9.7,7103.0,0.59,clear
WTH_00002164,2025-04-01,4,18.4,0.0,7.3,10084.0,0.57,clear
WTH_00002165,2025-04-01,5,18.0,0.0,5.9,8544.0,0.27,clear
WTH_00002166,2025-04-01,6,18.4,5.7,5.8,3429.0,0.75,rain
WTH_00002167,2025-04-01,7,16.8,0.0,4.6,7800.0,0.47,clear
WTH_00002168,2025-04-01,8,14.2,0.0,5.9,11689.0,0.59,clear
WTH_00002169,2025-04-01,9,13.7,0.0,8.3,7977.0,0.46,clear
WTH_00002170,2025-04-01,10,14.6,0.0,8.5,11216.0,0.1,clear
WTH_00002171,2025-04-01,11,11.8,1.28,8.0,2348.0,0.68,rain
WTH_00002172,2025-04-01,12,10.6,0.0,4.5,8061.0,0.34,clear
WTH_00002173,2025-04-01,13,10.7,0.0,14.1,9016.0,0.57,clear
WTH_00002174,2025-04-01,14,9.0,0.0,3.8,7226.0,0.33,clear
WTH_00002175,2025-04-01,15,10.6,0.0,3.7,7714.0,0.18,clear
WTH_00002176,2025-04-01,16,10.1,0.0,4.3,7991.0,0.37,clear
WTH_00002177,2025-04-01,17,10.1,0.0,7.4,7196.0,0.45,clear
WTH_00002178,2025-04-01,18,12.2,0.0,8.6,7821.0,0.24,clear
WTH_00002179,2025-04-01,19,12.2,0.0,6.5,8542.0,0.26,clear
WTH_00002180,2025-04-01,20,11.9,0.0,12.9,9381.0,0.28,clear
WTH_00002181,2025-04-01,21,9.7,0.0,12.9,8002.0,0.27,clear
WTH_00002182,2025-04-01,22,10.6,0.0,25.8,8539.0,0.29,clear
WTH_00002183,2025-04-01,23,19.0,0.0,26.7,9215.0,0.61,cloudy
WTH_00002184,2025-04-02,0,17.0,0.0,11.9,10740.0,0.66,cloudy
WTH_00002185,2025-04-02,1,17.1,0.0,8.9,9083.0,0.33,clear
WTH_00002186,2025-04-02,2,20.9,0.0,7.2,8869.0,0.7,cloudy
WTH_00002187,2025-04-02,3,15.9,0.0,7.2,8363.0,0.27,clear
WTH_00002188,2025-04-02,4,16.7,0.0,17.2,8166.0,0.36,clear
WTH_00002189,2025-04-02,5,18.3,0.0,7.2,9174.0,0.12,clear
WTH_00002190,2025-04-02,6,13.9,0.0,4.6,11083.0,0.41,clear
WTH_00002191,2025-04-02,7,14.4,3.73,19.4,3230.0,0.74,rain
WTH_00002192,2025-04-02,8,13.8,0.0,11.0,9830.0,0.56,clear
WTH_00002193,2025-04-02,9,11.1,0.0,16.9,6799.0,0.41,clear
WTH_00002194,2025-04-02,10,14.2,0.0,5.0,9768.0,0.06,clear
WTH_00002195,2025-04-02,11,11.0,0.0,2.0,6395.0,0.31,clear
WTH_00002196,2025-04-02,12,10.2,0.0,14.1,9426.0,0.52,clear
WTH_00002197,2025-04-02,13,7.4,0.0,12.8,11447.0,0.39,clear
WTH_00002198,2025-04-02,14,9.1,0.0,24.9,6893.0,0.26,clear
WTH_00002199,2025-04-02,15,10.6,0.0,9.5,6417.0,0.02,clear
WTH_00002200,2025-04-02,16,9.4,0.0,3.2,10167.0,0.7,cloudy
WTH_00002201,2025-04-02,17,9.0,0.0,6.8,11584.0,0.47,clear
WTH_00002202,2025-04-02,18,7.5,0.0,9.8,9488.0,0.48,clear
WTH_00002203,2025-04-02,19,9.4,0.0,4.6,11524.0,0.4,clear
WTH_00002204,2025-04-02,20,11.0,0.0,15.1,9153.0,0.2,clear
WTH_00002205,2025-04-02,21,15.5,0.0,7.2,8493.0,0.16,clear
WTH_00002206,2025-04-02,22,9.8,0.0,10.1,11198.0,0.39,clear
WTH_00002207,2025-04-02,23,13.0,0.0,3.3,9343.0,0.17,clear
WTH_00002208,2025-04-03,0,18.9,0.0,21.1,7139.0,0.24,clear
WTH_00002209,2025-04-03,1,16.0,0.0,5.9,11518.0,0.18,clear
WTH_00002210,2025-04-03,2,14.6,0.0,10.8,10000.0,0.06,clear
WTH_00002211,2025-04-03,3,16.1,0.0,29.7,7951.0,0.84,cloudy
WTH_00002212,2025-04-03,4,15.9,0.0,17.4,7244.0,0.3,clear
WTH_00002213,2025-04-03,5,18.0,0.0,8.9,9908.0,0.6,cloudy
WTH_00002214,2025-04-03,6,16.8,0.0,10.4,6956.0,0.46,clear
WTH_00002215,2025-04-03,7,13.6,0.0,8.6,7996.0,0.05,clear
WTH_00002216,2025-04-03,8,14.4,19.58,4.7,2097.0,0.81,rain
WTH_00002217,2025-04-03,9,13.0,0.0,1.5,10064.0,0.34,clear
WTH_00002218,2025-04-03,10,10.8,0.0,16.9,9375.0,0.23,clear
WTH_00002219,2025-04-03,11,10.1,0.0,17.6,7991.0,0.68,cloudy
WTH_00002220,2025-04-03,12,9.7,0.0,16.9,7476.0,0.41,clear
WTH_00002221,2025-04-03,13,9.5,0.0,37.8,11117.0,0.12,clear
WTH_00002222,2025-04-03,14,11.5,0.0,8.1,8866.0,0.23,clear
WTH_00002223,2025-04-03,15,11.9,0.0,19.3,11365.0,0.34,clear
WTH_00002224,2025-04-03,16,9.6,0.0,6.6,6749.0,0.19,clear
WTH_00002225,2025-04-03,17,10.4,0.0,13.2,7624.0,0.47,clear
WTH_00002226,2025-04-03,18,5.9,0.0,11.0,6140.0,0.33,clear
WTH_00002227,2025-04-03,19,10.4,0.0,14.1,9127.0,0.19,clear
WTH_00002228,2025-04-03,20,14.4,0.0,9.1,10896.0,0.04,clear
WTH_00002229,2025-04-03,21,10.9,0.0,2.4,8758.0,0.14,clear
WTH_00002230,2025-04-03,22,15.3,2.03,12.5,1316.0,0.54,rain
WTH_00002231,2025-04-03,23,13.2,0.0,7.1,9165.0,0.2,clear
WTH_00002232,2025-04-04,0,14.7,0.0,15.6,11057.0,0.27,clear
WTH_00002233,2025-04-04,1,15.0,0.0,7.7,11596.0,0.07,clear
WTH_00002234,2025-04-04,2,20.7,0.0,17.8,9004.0,0.74,cloudy
WTH_00002235,2025-04-04,3,13.7,0.0,6.0,9213.0,0.34,clear
WTH_00002236,2025-04-04,4,20.7,0.0,8.9,6486.0,0.26,clear
WTH_00002237,2025-04-04,5,16.9,0.0,18.0,8472.0,0.18,clear
WTH_00002238,2025-04-04,6,14.3,0.0,0.8,7285.0,0.46,clear
WTH_00002239,2025-04-04,7,15.5,0.0,5.0,10839.0,0.39,clear
WTH_00002240,2025-04-04,8,12.9,0.0,15.3,9892.0,0.53,clear
WTH_00002241,2025-04-04,9,14.3,0.0,20.8,7810.0,0.57,clear
WTH_00002242,2025-04-04,10,17.0,0.0,6.5,7921.0,0.36,clear
WTH_00002243,2025-04-04,11,11.6,4.9,18.7,2305.0,0.43,rain
WTH_00002244,2025-04-04,12,10.0,0.0,19.4,8186.0,0.45,clear
WTH_00002245,2025-04-04,13,9.4,0.0,18.8,10833.0,0.38,clear
WTH_00002246,2025-04-04,14,8.6,0.0,1.1,9743.0,0.35,clear
WTH_00002247,2025-04-04,15,10.9,0.0,22.9,7737.0,0.32,clear
WTH_00002248,2025-04-04,16,10.7,0.0,5.1,8455.0,0.36,clear
WTH_00002249,2025-04-04,17,7.2,0.0,15.3,10140.0,0.25,clear
WTH_00002250,2025-04-04,18,9.2,0.0,22.2,6540.0,0.4,clear
WTH_00002251,2025-04-04,19,9.8,0.0,5.4,10234.0,0.77,cloudy
WTH_00002252,2025-04-04,20,15.0,0.0,9.2,9422.0,0.58,clear
WTH_00002253,2025-04-04,21,13.6,0.0,1.0,11909.0,0.41,clear
WTH_00002254,2025-04-04,22,13.5,0.0,14.2,7427.0,0.1,clear
WTH_00002255,2025-04-04,23,14.6,0.0,3.5,11308.0,0.53,clear
WTH_00002256,2025-04-05,0,13.4,0.0,24.1,10731.0,0.59,clear
WTH_00002257,2025-04-05,1,15.7,0.0,19.5,7112.0,0.56,clear
WTH_00002258,2025-04-05,2,11.1,0.0,18.5,7363.0,0.22,clear
WTH_00002259,2025-04-05,3,18.9,7.96,8.5,3885.0,0.76,rain
WTH_00002260,2025-04-05,4,17.7,0.0,10.8,10818.0,0.21,clear
WTH_00002261,2025-04-05,5,18.8,0.0,6.5,7036.0,0.07,clear
WTH_00002262,2025-04-05,6,17.9,0.0,3.9,11242.0,0.45,clear
WTH_00002263,2025-04-05,7,16.8,0.0,14.7,6814.0,0.55,clear
WTH_00002264,2025-04-05,8,16.5,0.0,11.8,8223.0,0.27,clear
WTH_00002265,2025-04-05,9,14.9,0.0,10.4,11091.0,0.5,clear
WTH_00002266,2025-04-05,10,11.5,0.0,11.1,8743.0,0.36,clear
WTH_00002267,2025-04-05,11,10.8,0.0,9.6,7243.0,0.35,clear
WTH_00002268,2025-04-05,12,9.1,0.0,13.8,10339.0,0.39,clear
WTH_00002269,2025-04-05,13,7.6,0.0,29.5,6826.0,0.42,clear
WTH_00002270,2025-04-05,14,6.6,0.0,4.6,8773.0,0.24,clear
WTH_00002271,2025-04-05,15,10.5,0.0,7.3,6310.0,0.33,clear
WTH_00002272,2025-04-05,16,12.7,0.0,12.8,8893.0,0.49,clear
WTH_00002273,2025-04-05,17,5.9,0.0,19.3,7934.0,0.25,clear
WTH_00002274,2025-04-05,18,11.3,0.0,5.5,9622.0,0.54,clear
WTH_00002275,2025-04-05,19,12.4,0.0,10.3,7904.0,0.35,clear
WTH_00002276,2025-04-05,20,12.6,0.0,3.1,8362.0,0.16,clear
WTH_00002277,2025-04-05,21,13.6,0.0,6.1,6946.0,0.41,clear
WTH_00002278,2025-04-05,22,7.9,0.0,18.8,8127.0,0.34,clear
WTH_00002279,2025-04-05,23,14.0,1.57,8.1,3209.0,0.91,rain
WTH_00002280,2025-04-06,0,17.1,0.0,3.6,11717.0,0.35,clear
WTH_00002281,2025-04-06,1,14.1,0.0,5.4,11646.0,0.67,cloudy
WTH_00002282,2025-04-06,2,15.7,5.68,25.3,2355.0,0.72,rain
WTH_00002283,2025-04-06,3,17.8,0.0,20.7,9471.0,0.18,clear
WTH_00002284,2025-04-06,4,16.8,0.0,7.9,10157.0,0.4,clear
WTH_00002285,2025-04-06,5,16.3,0.0,11.3,9052.0,0.69,cloudy
WTH_00002286,2025-04-06,6,15.0,0.0,17.1,11569.0,0.23,clear
WTH_00002287,2025-04-06,7,17.4,0.0,2.7,8057.0,0.34,clear
WTH_00002288,2025-04-06,8,13.4,0.0,13.0,6544.0,0.35,clear
WTH_00002289,2025-04-06,9,10.3,0.0,12.5,7020.0,0.36,clear
WTH_00002290,2025-04-06,10,8.8,0.0,39.5,6100.0,0.12,clear
WTH_00002291,2025-04-06,11,8.0,0.0,7.9,7381.0,0.4,clear
WTH_00002292,2025-04-06,12,10.7,0.0,27.6,7357.0,0.32,clear
WTH_00002293,2025-04-06,13,13.2,0.0,10.6,7507.0,0.5,clear
WTH_00002294,2025-04-06,14,11.9,0.0,2.4,6595.0,0.19,clear
WTH_00002295,2025-04-06,15,10.3,0.0,3.3,8909.0,0.21,clear
WTH_00002296,2025-04-06,16,8.7,0.0,14.3,7131.0,0.54,clear
WTH_00002297,2025-04-06,17,11.3,0.0,12.9,9647.0,0.7,cloudy
WTH_00002298,2025-04-06,18,10.0,0.0,14.6,9564.0,0.35,clear
WTH_00002299,2025-04-06,19,9.3,0.0,3.8,1186.0,0.5,fog
WTH_00002300,2025-04-06,20,13.4,0.0,2.8,7674.0,0.65,cloudy
WTH_00002301,2025-04-06,21,13.3,7.89,21.6,1450.0,0.61,rain
WTH_00002302,2025-04-06,22,10.6,0.0,10.9,6858.0,0.31,clear
WTH_00002303,2025-04-06,23,18.2,0.0,17.6,9919.0,0.29,clear
WTH_00002304,2025-04-07,0,18.9,0.0,11.4,9452.0,0.16,clear
WTH_00002305,2025-04-07,1,15.1,0.0,5.8,8127.0,0.5,clear
WTH_00002306,2025-04-07,2,14.5,0.0,8.7,7782.0,0.31,clear
WTH_00002307,2025-04-07,3,15.5,0.0,18.5,10290.0,0.38,clear
WTH_00002308,2025-04-07,4,18.4,0.0,8.3,7605.0,0.7,cloudy
WTH_00002309,2025-04-07,5,15.7,0.0,13.1,6888.0,0.36,clear
WTH_00002310,2025-04-07,6,15.3,0.0,18.7,10467.0,0.32,clear
WTH_00002311,2025-04-07,7,14.6,0.0,23.3,8558.0,0.24,clear
WTH_00002312,2025-04-07,8,15.6,0.0,13.7,11939.0,0.37,clear
WTH_00002313,2025-04-07,9,12.9,0.0,11.5,7435.0,0.47,clear
WTH_00002314,2025-04-07,10,12.7,0.0,7.5,6712.0,0.17,clear
WTH_00002315,2025-04-07,11,10.3,0.0,44.8,6041.0,0.03,clear
WTH_00002316,2025-04-07,12,6.8,0.0,9.3,10546.0,0.43,clear
WTH_00002317,2025-04-07,13,10.2,0.0,2.2,8528.0,0.4,clear
WTH_00002318,2025-04-07,14,11.5,0.0,5.2,6126.0,0.4,clear
WTH_00002319,2025-04-07,15,10.4,0.0,14.7,6266.0,0.23,clear
WTH_00002320,2025-04-07,16,4.0,0.0,10.5,11797.0,0.49,clear
WTH_00002321,2025-04-07,17,9.3,0.0,4.2,7547.0,0.08,clear
WTH_00002322,2025-04-07,18,9.8,0.0,15.0,6111.0,0.16,clear
WTH_00002323,2025-04-07,19,12.3,0.0,3.2,10987.0,0.44,clear
WTH_00002324,2025-04-07,20,8.9,0.0,14.7,10144.0,0.36,clear
WTH_00002325,2025-04-07,21,16.2,0.0,8.9,9490.0,0.61,cloudy
WTH_00002326,2025-04-07,22,14.7,0.0,42.3,7837.0,0.3,clear
WTH_00002327,2025-04-07,23,17.4,0.0,34.1,10635.0,0.57,clear
WTH_00002328,2025-04-08,0,17.1,6.1,2.9,1705.0,0.71,rain
WTH_00002329,2025-04-08,1,12.4,0.0,10.4,9504.0,0.47,clear
WTH_00002330,2025-04-08,2,19.6,0.0,48.0,9073.0,0.38,clear
WTH_00002331,2025-04-08,3,18.0,0.0,10.8,8224.0,0.08,clear
WTH_00002332,2025-04-08,4,17.4,0.0,17.1,6974.0,0.06,clear
WTH_00002333,2025-04-08,5,17.9,0.0,12.5,6868.0,0.08,clear
WTH_00002334,2025-04-08,6,15.1,0.0,31.1,9521.0,0.41,clear
WTH_00002335,2025-04-08,7,14.6,5.41,13.9,3646.0,0.97,rain
WTH_00002336,2025-04-08,8,12.4,0.0,17.1,6766.0,0.05,clear
WTH_00002337,2025-04-08,9,11.9,0.0,17.1,10570.0,0.19,clear
WTH_00002338,2025-04-08,10,8.3,0.0,62.3,7759.0,0.53,clear
WTH_00002339,2025-04-08,11,18.6,0.0,12.2,7027.0,0.24,clear
WTH_00002340,2025-04-08,12,6.1,0.0,7.5,6282.0,0.56,clear
WTH_00002341,2025-04-08,13,7.7,0.0,2.8,7681.0,0.27,clear
WTH_00002342,2025-04-08,14,8.1,0.0,39.7,10605.0,0.44,clear
WTH_00002343,2025-04-08,15,10.5,0.0,5.5,7335.0,0.31,clear
WTH_00002344,2025-04-08,16,8.9,0.0,23.8,8490.0,0.61,cloudy
WTH_00002345,2025-04-08,17,8.3,0.0,12.4,7816.0,0.34,clear
WTH_00002346,2025-04-08,18,13.2,0.0,27.4,7875.0,0.25,clear
WTH_00002347,2025-04-08,19,12.7,0.0,24.5,9346.0,0.44,clear
WTH_00002348,2025-04-08,20,11.2,0.0,26.6,9685.0,0.52,clear
WTH_00002349,2025-04-08,21,12.1,0.0,11.6,9064.0,0.7,cloudy
WTH_00002350,2025-04-08,22,14.3,0.0,2.5,7954.0,0.33,clear
WTH_00002351,2025-04-08,23,19.1,0.0,17.3,9974.0,0.31,clear
WTH_00002352,2025-04-09,0,17.9,0.0,7.8,7785.0,0.37,clear
WTH_00002353,2025-04-09,1,17.5,0.0,9.2,8025.0,0.07,clear
WTH_00002354,2025-04-09,2,11.4,0.0,32.7,6918.0,0.46,clear
WTH_00002355,2025-04-09,3,12.5,0.0,22.6,8456.0,0.35,clear
WTH_00002356,2025-04-09,4,18.8,0.0,5.4,9572.0,0.05,clear
WTH_00002357,2025-04-09,5,12.6,4.18,4.8,1558.0,0.69,rain
WTH_00002358,2025-04-09,6,11.4,0.0,7.1,9432.0,0.53,clear
WTH_00002359,2025-04-09,7,11.0,0.0,5.2,11405.0,0.29,clear
WTH_00002360,2025-04-09,8,14.6,2.98,15.3,2767.0,0.67,rain
WTH_00002361,2025-04-09,9,13.5,0.0,4.8,9113.0,0.56,clear
WTH_00002362,2025-04-09,10,9.6,0.0,4.0,7103.0,0.07,clear
WTH_00002363,2025-04-09,11,12.4,0.0,12.2,11984.0,0.1,clear
WTH_00002364,2025-04-09,12,11.7,0.0,9.0,9275.0,0.19,clear
WTH_00002365,2025-04-09,13,7.2,0.0,18.0,8436.0,0.43,clear
WTH_00002366,2025-04-09,14,11.4,0.0,3.6,6351.0,0.47,clear
WTH_00002367,2025-04-09,15,8.2,0.0,11.4,10176.0,0.15,clear
WTH_00002368,2025-04-09,16,7.9,0.0,6.5,10819.0,0.33,clear
WTH_00002369,2025-04-09,17,13.2,0.0,9.8,7571.0,0.3,clear
WTH_00002370,2025-04-09,18,5.9,0.0,5.0,10363.0,0.4,clear
WTH_00002371,2025-04-09,19,11.6,0.0,28.8,7797.0,0.25,clear
WTH_00002372,2025-04-09,20,10.1,0.0,19.1,11126.0,0.22,clear
WTH_00002373,2025-04-09,21,10.3,0.0,20.8,8200.0,0.49,clear
WTH_00002374,2025-04-09,22,10.3,0.0,4.8,8514.0,0.25,clear
WTH_00002375,2025-04-09,23,12.3,0.0,5.9,10875.0,0.41,clear
WTH_00002376,2025-04-10,0,14.0,8.85,29.6,2706.0,0.8,storm
WTH_00002377,2025-04-10,1,18.3,1.88,22.2,2679.0,1.0,rain
WTH_00002378,2025-04-10,2,17.4,3.33,21.0,3046.0,0.54,rain
WTH_00002379,2025-04-10,3,12.9,2.74,39.2,3780.0,1.0,rain
WTH_00002380,2025-04-10,4,13.5,3.2,23.6,3487.0,0.52,rain
WTH_00002381,2025-04-10,5,14.0,6.85,43.9,910.0,0.63,rain
WTH_00002382,2025-04-10,6,15.5,11.51,25.6,2491.0,0.73,storm
WTH_00002383,2025-04-10,7,16.5,6.32,28.8,2935.0,0.55,rain
WTH_00002384,2025-04-10,8,15.3,8.93,17.2,3807.0,1.0,storm
WTH_00002385,2025-04-10,9,13.6,3.31,22.5,1945.0,0.68,rain
WTH_00002386,2025-04-10,10,12.6,5.37,16.5,1925.0,0.58,rain
WTH_00002387,2025-04-10,11,8.9,2.12,18.8,1526.0,0.7,rain
WTH_00002388,2025-04-10,12,8.8,11.12,45.4,3039.0,0.7,storm
WTH_00002389,2025-04-10,13,8.6,0.95,20.5,1816.0,0.6,rain
WTH_00002390,2025-04-10,14,11.5,3.08,39.5,2983.0,0.69,rain
WTH_00002391,2025-04-10,15,11.9,6.48,19.5,3242.0,0.84,rain
WTH_00002392,2025-04-10,16,8.2,1.48,24.0,1817.0,0.7,rain
WTH_00002393,2025-04-10,17,10.0,3.29,18.2,922.0,0.63,rain
WTH_00002394,2025-04-10,18,12.6,1.83,26.3,3880.0,0.56,rain
WTH_00002395,2025-04-10,19,10.6,1.71,20.4,3896.0,0.73,rain
WTH_00002396,2025-04-10,20,11.9,4.13,19.7,3252.0,0.55,rain
WTH_00002397,2025-04-10,21,11.6,1.89,19.2,2162.0,0.5,rain
WTH_00002398,2025-04-10,22,10.9,4.23,36.3,1992.0,0.92,rain
WTH_00002399,2025-04-10,23,13.8,4.23,28.6,3291.0,0.61,rain
WTH_00002400,2025-04-11,0,15.7,7.54,19.5,1457.0,0.47,rain
WTH_00002401,2025-04-11,1,16.8,1.29,21.4,2901.0,0.57,rain
WTH_00002402,2025-04-11,2,16.0,1.58,24.3,2320.0,0.83,rain
WTH_00002403,2025-04-11,3,16.7,4.67,29.2,3894.0,0.72,rain
WTH_00002404,2025-04-11,4,12.8,8.46,42.5,1077.0,0.84,storm
WTH_00002405,2025-04-11,5,17.2,4.52,35.2,3230.0,0.66,rain
WTH_00002406,2025-04-11,6,16.3,8.19,25.2,1895.0,0.66,storm
WTH_00002407,2025-04-11,7,16.4,6.21,18.7,2685.0,0.83,rain
WTH_00002408,2025-04-11,8,15.5,11.83,31.3,2681.0,0.47,storm
WTH_00002409,2025-04-11,9,12.4,5.83,23.4,2465.0,0.76,rain
WTH_00002410,2025-04-11,10,9.9,3.42,31.5,3780.0,0.63,rain
WTH_00002411,2025-04-11,11,13.2,1.65,21.6,2098.0,0.44,rain
WTH_00002412,2025-04-11,12,10.5,2.99,40.1,2098.0,0.49,rain
WTH_00002413,2025-04-11,13,5.7,3.35,18.2,1832.0,0.55,rain
WTH_00002414,2025-04-11,14,10.8,1.81,25.5,825.0,0.78,rain
WTH_00002415,2025-04-11,15,9.0,3.53,16.0,1205.0,0.74,rain
WTH_00002416,2025-04-11,16,11.1,8.47,27.8,2729.0,0.48,storm
WTH_00002417,2025-04-11,17,12.4,1.79,26.7,1313.0,0.49,rain
WTH_00002418,2025-04-11,18,9.7,6.58,16.7,2688.0,0.9,rain
WTH_00002419,2025-04-11,19,11.8,7.1,26.4,1632.0,0.73,rain
WTH_00002420,2025-04-11,20,15.1,5.72,20.0,3372.0,0.94,rain
WTH_00002421,2025-04-11,21,12.5,11.69,39.6,3163.0,0.71,storm
WTH_00002422,2025-04-11,22,10.9,6.18,19.0,2792.0,1.0,rain
WTH_00002423,2025-04-11,23,15.0,2.21,25.0,2363.0,0.48,rain
WTH_00002424,2025-04-12,0,15.4,0.0,2.0,6429.0,0.16,clear
WTH_00002425,2025-04-12,1,16.7,0.0,10.3,7518.0,0.31,clear
WTH_00002426,2025-04-12,2,15.9,0.0,6.2,7885.0,0.21,clear
WTH_00002427,2025-04-12,3,16.4,0.0,13.7,10335.0,0.52,clear
WTH_00002428,2025-04-12,4,20.1,0.0,12.1,10532.0,0.57,clear
WTH_00002429,2025-04-12,5,16.4,5.09,18.4,2918.0,0.81,rain
WTH_00002430,2025-04-12,6,19.6,0.0,8.5,10619.0,0.33,clear
WTH_00002431,2025-04-12,7,12.7,29.88,19.5,3089.0,0.79,rain
WTH_00002432,2025-04-12,8,11.9,0.0,30.7,11738.0,0.05,clear
WTH_00002433,2025-04-12,9,12.0,0.0,6.3,10260.0,0.13,clear
WTH_00002434,2025-04-12,10,10.3,0.0,4.5,10950.0,0.14,clear
WTH_00002435,2025-04-12,11,10.1,0.0,4.3,10904.0,0.28,clear
WTH_00002436,2025-04-12,12,12.2,0.0,21.7,10600.0,0.18,clear
WTH_00002437,2025-04-12,13,8.8,0.0,8.0,8094.0,0.3,clear
WTH_00002438,2025-04-12,14,10.9,0.0,13.5,9171.0,0.44,clear
WTH_00002439,2025-04-12,15,8.4,0.0,8.5,10270.0,0.46,clear
WTH_00002440,2025-04-12,16,9.8,0.0,9.6,11552.0,0.32,clear
WTH_00002441,2025-04-12,17,8.8,0.0,17.7,6015.0,0.32,clear
WTH_00002442,2025-04-12,18,9.3,0.0,14.2,8985.0,0.09,clear
WTH_00002443,2025-04-12,19,10.5,0.0,6.0,6844.0,0.27,clear
WTH_00002444,2025-04-12,20,12.6,0.0,7.7,7629.0,0.49,clear
WTH_00002445,2025-04-12,21,14.7,0.0,10.5,8688.0,0.39,clear
WTH_00002446,2025-04-12,22,10.9,0.0,4.7,9651.0,0.23,clear
WTH_00002447,2025-04-12,23,15.6,0.0,4.5,8778.0,0.4,clear
WTH_00002448,2025-04-13,0,16.9,0.0,11.7,10712.0,0.43,clear
WTH_00002449,2025-04-13,1,18.3,0.0,27.4,11818.0,0.32,clear
WTH_00002450,2025-04-13,2,18.4,0.0,9.0,8044.0,0.21,clear
WTH_00002451,2025-04-13,3,14.8,0.0,17.4,10830.0,0.49,clear
WTH_00002452,2025-04-13,4,20.2,0.0,18.5,6710.0,0.57,clear
WTH_00002453,2025-04-13,5,14.0,0.0,11.7,6563.0,0.04,clear
WTH_00002454,2025-04-13,6,16.4,0.0,8.4,11225.0,0.09,clear
WTH_00002455,2025-04-13,7,16.8,0.0,12.2,10676.0,0.17,clear
WTH_00002456,2025-04-13,8,12.1,0.0,31.1,9490.0,0.16,clear
WTH_00002457,2025-04-13,9,15.6,0.0,28.2,9190.0,0.11,clear
WTH_00002458,2025-04-13,10,9.8,0.0,20.6,11778.0,0.44,clear
WTH_00002459,2025-04-13,11,13.5,0.0,29.8,9373.0,0.23,clear
WTH_00002460,2025-04-13,12,10.6,0.0,7.0,8751.0,0.16,clear
WTH_00002461,2025-04-13,13,6.6,0.0,2.4,6969.0,0.69,cloudy
WTH_00002462,2025-04-13,14,9.7,0.0,13.1,10228.0,0.11,clear
WTH_00002463,2025-04-13,15,8.1,0.0,13.1,8603.0,0.6,clear
WTH_00002464,2025-04-13,16,9.2,0.0,9.3,8360.0,0.4,clear
WTH_00002465,2025-04-13,17,13.5,0.0,10.2,6548.0,0.38,clear
WTH_00002466,2025-04-13,18,12.2,0.0,16.3,8771.0,0.24,clear
WTH_00002467,2025-04-13,19,12.9,0.0,12.6,6281.0,0.57,clear
WTH_00002468,2025-04-13,20,13.2,0.0,9.4,9018.0,0.73,cloudy
WTH_00002469,2025-04-13,21,12.7,0.0,10.1,7627.0,0.58,clear
WTH_00002470,2025-04-13,22,10.9,0.0,15.0,9566.0,0.6,cloudy
WTH_00002471,2025-04-13,23,17.7,0.0,7.5,7476.0,0.44,clear
WTH_00002472,2025-04-14,0,14.1,7.42,24.9,2414.0,0.52,rain
WTH_00002473,2025-04-14,1,12.1,2.31,19.1,3169.0,0.77,rain
WTH_00002474,2025-04-14,2,17.3,8.94,25.2,1895.0,0.64,storm
WTH_00002475,2025-04-14,3,16.2,14.3,21.9,3991.0,0.54,storm
WTH_00002476,2025-04-14,4,15.7,7.82,19.7,3292.0,0.91,rain
WTH_00002477,2025-04-14,5,16.2,3.43,17.7,2483.0,0.72,rain
WTH_00002478,2025-04-14,6,14.7,0.95,31.7,3096.0,0.63,rain
WTH_00002479,2025-04-14,7,15.1,4.92,21.3,3855.0,0.76,rain
WTH_00002480,2025-04-14,8,11.6,4.05,20.4,1203.0,0.76,rain
WTH_00002481,2025-04-14,9,12.9,8.32,21.2,2669.0,0.7,storm
WTH_00002482,2025-04-14,10,10.8,3.36,18.3,1023.0,0.49,rain
WTH_00002483,2025-04-14,11,8.2,3.92,17.9,3187.0,0.91,rain
WTH_00002484,2025-04-14,12,10.0,3.35,29.5,1624.0,0.7,rain
WTH_00002485,2025-04-14,13,11.4,2.07,24.7,847.0,0.63,rain
WTH_00002486,2025-04-14,14,6.1,7.1,28.4,2033.0,0.41,rain
WTH_00002487,2025-04-14,15,9.1,1.74,26.6,3869.0,0.78,rain
WTH_00002488,2025-04-14,16,13.1,8.24,27.9,2165.0,0.52,storm
WTH_00002489,2025-04-14,17,11.0,4.2,18.1,3047.0,0.42,rain
WTH_00002490,2025-04-14,18,10.4,3.01,35.7,1660.0,0.73,rain
WTH_00002491,2025-04-14,19,10.1,4.14,21.5,1017.0,0.74,rain
WTH_00002492,2025-04-14,20,11.6,1.6,32.0,1254.0,0.45,rain
WTH_00002493,2025-04-14,21,12.8,1.18,37.6,1783.0,0.94,rain
WTH_00002494,2025-04-14,22,13.4,5.25,25.2,2282.0,0.74,rain
WTH_00002495,2025-04-14,23,14.4,16.93,17.2,902.0,0.82,storm
WTH_00002496,2025-04-15,0,16.2,11.72,40.2,3119.0,0.55,storm
WTH_00002497,2025-04-15,1,17.6,5.5,23.8,2119.0,0.86,rain
WTH_00002498,2025-04-15,2,13.0,6.95,26.3,1672.0,0.72,rain
WTH_00002499,2025-04-15,3,20.0,11.23,23.2,3387.0,0.86,storm
WTH_00002500,2025-04-15,4,16.3,6.78,23.8,1994.0,0.67,rain
WTH_00002501,2025-04-15,5,15.7,1.56,25.0,3916.0,0.98,rain
WTH_00002502,2025-04-15,6,15.5,7.12,31.6,979.0,0.63,rain
WTH_00002503,2025-04-15,7,18.0,3.33,34.6,2230.0,0.64,rain
WTH_00002504,2025-04-15,8,15.4,9.87,18.2,827.0,0.9,storm
WTH_00002505,2025-04-15,9,15.4,3.78,26.4,3232.0,1.0,rain
WTH_00002506,2025-04-15,10,11.4,11.69,30.5,1692.0,0.74,storm
WTH_00002507,2025-04-15,11,13.1,14.81,25.2,3827.0,0.61,storm
WTH_00002508,2025-04-15,12,10.8,8.64,22.4,1747.0,0.69,storm
WTH_00002509,2025-04-15,13,8.6,5.35,20.7,3619.0,0.62,rain
WTH_00002510,2025-04-15,14,4.9,3.92,35.6,1255.0,0.67,rain
WTH_00002511,2025-04-15,15,2.8,8.97,26.4,1848.0,0.71,storm
WTH_00002512,2025-04-15,16,11.3,10.78,28.5,1834.0,0.94,storm
WTH_00002513,2025-04-15,17,8.9,9.63,18.7,2065.0,0.77,storm
WTH_00002514,2025-04-15,18,8.7,4.86,29.2,1728.0,0.66,rain
WTH_00002515,2025-04-15,19,10.3,4.79,22.9,1652.0,0.89,rain
WTH_00002516,2025-04-15,20,11.5,10.45,16.9,2152.0,0.92,storm
WTH_00002517,2025-04-15,21,12.8,2.03,18.9,1247.0,0.83,rain
WTH_00002518,2025-04-15,22,15.3,5.47,30.2,1604.0,1.0,rain
WTH_00002519,2025-04-15,23,15.0,3.33,44.6,2090.0,0.93,rain
WTH_00002520,2025-04-16,0,12.1,0.0,7.4,10148.0,0.54,clear
WTH_00002521,2025-04-16,1,16.1,0.0,19.2,8020.0,0.46,clear
WTH_00002522,2025-04-16,2,16.7,0.0,29.2,6482.0,0.1,clear
WTH_00002523,2025-04-16,3,19.0,1.47,5.5,1206.0,0.72,rain
WTH_00002524,2025-04-16,4,18.1,0.0,10.7,9671.0,0.4,clear
WTH_00002525,2025-04-16,5,14.8,0.0,4.6,7927.0,0.64,cloudy
WTH_00002526,2025-04-16,6,16.8,0.0,4.6,6294.0,0.25,clear
WTH_00002527,2025-04-16,7,13.5,0.0,14.9,10454.0,0.15,clear
WTH_00002528,2025-04-16,8,11.6,0.0,13.0,9054.0,0.38,clear
WTH_00002529,2025-04-16,9,14.9,4.4,11.2,1153.0,0.89,rain
WTH_00002530,2025-04-16,10,14.6,0.0,7.2,6575.0,0.12,clear
WTH_00002531,2025-04-16,11,12.4,0.0,6.4,6087.0,0.44,clear
WTH_00002532,2025-04-16,12,8.5,5.29,11.8,2950.0,0.85,rain
WTH_00002533,2025-04-16,13,6.9,0.0,2.5,6774.0,0.22,clear
WTH_00002534,2025-04-16,14,11.4,0.0,2.5,8198.0,0.76,cloudy
WTH_00002535,2025-04-16,15,6.9,0.0,17.3,8723.0,0.53,clear
WTH_00002536,2025-04-16,16,12.3,0.0,13.0,9374.0,0.13,clear
WTH_00002537,2025-04-16,17,12.0,0.0,11.3,8599.0,0.3,clear
WTH_00002538,2025-04-16,18,9.4,0.0,3.1,7085.0,0.26,clear
WTH_00002539,2025-04-16,19,9.8,0.0,10.7,10601.0,0.57,clear
WTH_00002540,2025-04-16,20,12.1,0.0,12.6,8189.0,0.24,clear
WTH_00002541,2025-04-16,21,10.8,0.0,8.5,11392.0,0.46,clear
WTH_00002542,2025-04-16,22,11.8,0.0,5.7,11353.0,0.18,clear
WTH_00002543,2025-04-16,23,15.1,0.0,12.7,6259.0,0.65,cloudy
WTH_00002544,2025-04-17,0,15.4,0.0,24.0,9381.0,0.58,clear
WTH_00002545,2025-04-17,1,17.5,0.0,4.3,6612.0,0.5,clear
WTH_00002546,2025-04-17,2,16.0,3.02,17.0,1094.0,0.79,rain
WTH_00002547,2025-04-17,3,17.2,0.0,15.6,11414.0,0.3,clear
WTH_00002548,2025-04-17,4,13.5,0.0,8.6,8251.0,0.23,clear
WTH_00002549,2025-04-17,5,17.8,0.0,1.5,7961.0,0.15,clear
WTH_00002550,2025-04-17,6,15.6,0.0,8.7,9891.0,0.58,clear
WTH_00002551,2025-04-17,7,11.8,0.0,3.7,9346.0,0.5,clear
WTH_00002552,2025-04-17,8,14.8,0.0,13.3,11328.0,0.58,clear
WTH_00002553,2025-04-17,9,11.6,0.0,8.2,10365.0,0.31,clear
WTH_00002554,2025-04-17,10,9.6,0.0,23.0,11107.0,0.47,clear
WTH_00002555,2025-04-17,11,9.8,0.0,7.2,11906.0,0.29,clear
WTH_00002556,2025-04-17,12,9.3,0.0,1.9,9717.0,0.4,clear
WTH_00002557,2025-04-17,13,7.0,0.0,9.7,6344.0,0.22,clear
WTH_00002558,2025-04-17,14,10.3,0.0,9.9,6872.0,0.3,clear
WTH_00002559,2025-04-17,15,5.6,0.0,11.3,9980.0,0.22,clear
WTH_00002560,2025-04-17,16,8.8,0.0,18.8,7301.0,0.2,clear
WTH_00002561,2025-04-17,17,10.2,0.0,25.4,11323.0,0.05,clear
WTH_00002562,2025-04-17,18,12.1,0.0,6.6,6136.0,0.24,clear
WTH_00002563,2025-04-17,19,10.3,0.0,2.3,8408.0,0.41,clear
WTH_00002564,2025-04-17,20,12.1,0.0,15.0,1104.0,0.52,fog
WTH_00002565,2025-04-17,21,16.5,0.0,7.1,8990.0,0.01,clear
WTH_00002566,2025-04-17,22,15.3,0.0,0.5,10379.0,0.1,clear
WTH_00002567,2025-04-17,23,11.8,0.0,13.7,544.0,0.15,fog
WTH_00002568,2025-04-18,0,11.6,0.0,2.1,10740.0,0.12,clear
WTH_00002569,2025-04-18,1,17.3,0.0,3.4,7023.0,0.17,clear
WTH_00002570,2025-04-18,2,12.5,0.0,4.6,8601.0,0.23,clear
WTH_00002571,2025-04-18,3,18.2,0.0,3.8,6281.0,0.44,clear
WTH_00002572,2025-04-18,4,18.3,0.0,3.1,6798.0,0.68,cloudy
WTH_00002573,2025-04-18,5,20.9,0.0,10.9,8577.0,0.79,cloudy
WTH_00002574,2025-04-18,6,15.1,0.0,18.1,8137.0,0.41,clear
WTH_00002575,2025-04-18,7,14.6,0.0,12.4,9198.0,0.3,clear
WTH_00002576,2025-04-18,8,15.8,0.0,5.5,8112.0,0.28,clear
WTH_00002577,2025-04-18,9,13.7,0.0,6.8,555.0,0.33,fog
WTH_00002578,2025-04-18,10,11.7,0.0,6.7,7415.0,0.13,clear
WTH_00002579,2025-04-18,11,12.8,0.0,19.9,10836.0,0.62,cloudy
WTH_00002580,2025-04-18,12,13.7,0.0,5.1,6303.0,0.27,clear
WTH_00002581,2025-04-18,13,10.5,0.0,14.6,6489.0,0.23,clear
WTH_00002582,2025-04-18,14,7.3,0.0,10.4,6863.0,0.07,clear
WTH_00002583,2025-04-18,15,7.8,0.0,1.6,6730.0,0.29,clear
WTH_00002584,2025-04-18,16,12.6,0.0,5.5,7607.0,0.69,cloudy
WTH_00002585,2025-04-18,17,12.0,0.0,15.7,9282.0,0.52,clear
WTH_00002586,2025-04-18,18,6.5,0.0,1.5,9428.0,0.05,clear
WTH_00002587,2025-04-18,19,11.2,0.0,10.1,6125.0,0.21,clear
WTH_00002588,2025-04-18,20,10.8,0.0,14.2,9638.0,0.62,cloudy
WTH_00002589,2025-04-18,21,12.8,6.12,10.5,1987.0,0.45,rain
WTH_00002590,2025-04-18,22,11.6,0.0,18.8,8813.0,0.23,clear
WTH_00002591,2025-04-18,23,13.7,6.78,10.9,2006.0,0.92,rain
WTH_00002592,2025-04-19,0,13.9,0.0,3.1,7266.0,0.17,clear
WTH_00002593,2025-04-19,1,14.1,3.99,10.1,2479.0,0.61,rain
WTH_00002594,2025-04-19,2,16.3,0.0,18.5,6648.0,0.35,clear
WTH_00002595,2025-04-19,3,17.4,0.0,22.1,9057.0,0.28,clear
WTH_00002596,2025-04-19,4,17.4,0.0,11.0,7804.0,0.14,clear
WTH_00002597,2025-04-19,5,13.3,0.0,10.8,7666.0,0.73,cloudy
WTH_00002598,2025-04-19,6,15.4,3.35,12.4,3007.0,0.83,rain
WTH_00002599,2025-04-19,7,12.5,0.0,6.7,11469.0,0.27,clear
WTH_00002600,2025-04-19,8,14.9,0.0,9.8,8481.0,0.29,clear
WTH_00002601,2025-04-19,9,13.5,0.0,33.1,7108.0,0.64,cloudy
WTH_00002602,2025-04-19,10,14.9,0.0,14.7,8623.0,0.16,clear
WTH_00002603,2025-04-19,11,10.9,0.0,19.6,9208.0,0.45,clear
WTH_00002604,2025-04-19,12,10.6,0.0,21.7,11656.0,0.14,clear
WTH_00002605,2025-04-19,13,7.9,0.0,2.5,10645.0,0.56,clear
WTH_00002606,2025-04-19,14,7.5,0.0,8.5,7203.0,0.31,clear
WTH_00002607,2025-04-19,15,9.8,0.0,10.6,9235.0,0.17,clear
WTH_00002608,2025-04-19,16,9.5,0.0,14.5,8374.0,0.11,clear
WTH_00002609,2025-04-19,17,10.1,0.0,23.3,8057.0,0.29,clear
WTH_00002610,2025-04-19,18,11.2,0.0,1.2,9856.0,0.4,clear
WTH_00002611,2025-04-19,19,10.4,0.0,10.2,10888.0,0.29,clear
WTH_00002612,2025-04-19,20,9.8,0.0,1.0,9768.0,0.4,clear
WTH_00002613,2025-04-19,21,15.3,0.0,10.1,7360.0,0.23,clear
WTH_00002614,2025-04-19,22,12.5,0.0,13.5,11529.0,0.42,clear
WTH_00002615,2025-04-19,23,17.0,0.0,13.3,8961.0,0.34,clear
WTH_00002616,2025-04-20,0,21.7,0.0,14.7,9515.0,0.06,clear
WTH_00002617,2025-04-20,1,17.0,0.0,8.4,11905.0,0.8,cloudy
WTH_00002618,2025-04-20,2,14.3,0.0,14.9,7544.0,0.42,clear
WTH_00002619,2025-04-20,3,18.2,0.0,2.8,8561.0,0.11,clear
WTH_00002620,2025-04-20,4,19.2,0.0,3.6,9509.0,0.1,clear
WTH_00002621,2025-04-20,5,13.7,0.0,20.9,8278.0,0.07,clear
WTH_00002622,2025-04-20,6,14.1,0.0,23.6,11945.0,0.13,clear
WTH_00002623,2025-04-20,7,13.0,0.0,10.4,7142.0,0.23,clear
WTH_00002624,2025-04-20,8,9.2,0.0,6.3,8427.0,0.58,clear
WTH_00002625,2025-04-20,9,12.9,0.0,12.2,6920.0,0.44,clear
WTH_00002626,2025-04-20,10,10.0,0.0,22.1,6394.0,0.38,clear
WTH_00002627,2025-04-20,11,12.1,0.0,22.2,8016.0,0.24,clear
WTH_00002628,2025-04-20,12,11.8,0.0,16.7,8102.0,0.47,clear
WTH_00002629,2025-04-20,13,7.9,0.0,4.9,8185.0,0.43,clear
WTH_00002630,2025-04-20,14,8.1,0.0,36.0,1030.0,0.49,fog
WTH_00002631,2025-04-20,15,6.9,0.0,17.3,7579.0,0.59,clear
WTH_00002632,2025-04-20,16,6.6,0.0,4.9,9956.0,0.2,clear
WTH_00002633,2025-04-20,17,10.3,0.0,19.3,6758.0,0.41,clear
WTH_00002634,2025-04-20,18,9.6,0.0,5.6,11622.0,0.37,clear
WTH_00002635,2025-04-20,19,12.3,0.0,8.6,10142.0,0.68,cloudy
WTH_00002636,2025-04-20,20,12.1,0.0,43.9,9481.0,0.07,clear
WTH_00002637,2025-04-20,21,13.2,0.0,14.6,11559.0,0.14,clear
WTH_00002638,2025-04-20,22,15.1,0.0,11.2,6351.0,0.63,cloudy
WTH_00002639,2025-04-20,23,18.9,0.0,21.7,7136.0,0.08,clear
WTH_00002640,2025-04-21,0,16.9,0.0,28.3,597.0,0.46,fog
WTH_00002641,2025-04-21,1,14.4,0.0,15.3,7419.0,0.15,clear
WTH_00002642,2025-04-21,2,19.2,0.0,24.0,8194.0,0.34,clear
WTH_00002643,2025-04-21,3,19.1,0.0,19.1,7389.0,0.11,clear
WTH_00002644,2025-04-21,4,18.6,8.27,7.1,3456.0,0.74,rain
WTH_00002645,2025-04-21,5,17.2,0.0,31.3,11951.0,0.63,cloudy
WTH_00002646,2025-04-21,6,14.1,0.0,8.8,8080.0,0.16,clear
WTH_00002647,2025-04-21,7,16.4,0.0,5.4,9599.0,0.32,clear
WTH_00002648,2025-04-21,8,15.4,0.0,23.5,9897.0,0.59,clear
WTH_00002649,2025-04-21,9,12.2,0.0,13.5,6897.0,0.19,clear
WTH_00002650,2025-04-21,10,8.4,0.0,8.5,9460.0,0.37,clear
WTH_00002651,2025-04-21,11,11.0,6.25,3.7,3407.0,0.95,rain
WTH_00002652,2025-04-21,12,10.6,0.0,3.4,11501.0,0.47,clear
WTH_00002653,2025-04-21,13,7.8,0.0,28.2,9621.0,0.38,clear
WTH_00002654,2025-04-21,14,9.8,0.0,26.2,7973.0,0.11,clear
WTH_00002655,2025-04-21,15,9.9,0.0,5.5,9792.0,0.14,clear
WTH_00002656,2025-04-21,16,11.7,18.87,5.9,3586.0,0.99,rain
WTH_00002657,2025-04-21,17,11.9,0.0,7.4,6301.0,0.08,clear
WTH_00002658,2025-04-21,18,10.6,0.0,1.0,11822.0,0.49,clear
WTH_00002659,2025-04-21,19,13.8,0.0,11.9,6395.0,0.15,clear
WTH_00002660,2025-04-21,20,15.4,0.0,0.8,10307.0,0.24,clear
WTH_00002661,2025-04-21,21,14.9,0.0,4.4,11668.0,0.42,clear
WTH_00002662,2025-04-21,22,9.9,0.0,2.6,10214.0,0.47,clear
WTH_00002663,2025-04-21,23,16.6,5.58,9.6,1286.0,0.62,rain
WTH_00002664,2025-04-22,0,15.5,0.0,5.7,11060.0,0.25,clear
WTH_00002665,2025-04-22,1,21.3,0.0,2.5,6642.0,0.44,clear
WTH_00002666,2025-04-22,2,15.9,0.0,8.9,6124.0,0.08,clear
WTH_00002667,2025-04-22,3,15.4,0.0,9.0,11473.0,0.47,clear
WTH_00002668,2025-04-22,4,15.7,0.0,10.2,11413.0,0.64,cloudy
WTH_00002669,2025-04-22,5,15.2,0.0,6.3,10391.0,0.59,clear
WTH_00002670,2025-04-22,6,16.3,2.28,8.1,1090.0,0.51,rain
WTH_00002671,2025-04-22,7,16.6,0.0,11.4,6178.0,0.16,clear
WTH_00002672,2025-04-22,8,14.7,0.0,8.1,10257.0,0.64,cloudy
WTH_00002673,2025-04-22,9,12.4,0.0,8.5,6499.0,0.48,clear
WTH_00002674,2025-04-22,10,10.1,0.0,17.4,7665.0,0.47,clear
WTH_00002675,2025-04-22,11,12.4,0.0,11.4,11451.0,0.26,clear
WTH_00002676,2025-04-22,12,11.2,0.0,24.0,8805.0,0.16,clear
WTH_00002677,2025-04-22,13,10.2,0.0,6.0,11008.0,0.45,clear
WTH_00002678,2025-04-22,14,10.3,0.0,13.9,8159.0,0.08,clear
WTH_00002679,2025-04-22,15,6.8,0.0,9.6,6980.0,0.41,clear
WTH_00002680,2025-04-22,16,8.4,0.0,14.5,10678.0,0.59,clear
WTH_00002681,2025-04-22,17,10.9,0.0,7.2,11948.0,0.32,clear
WTH_00002682,2025-04-22,18,8.0,0.0,2.6,628.0,0.17,fog
WTH_00002683,2025-04-22,19,16.6,0.0,31.7,8340.0,0.48,clear
WTH_00002684,2025-04-22,20,12.4,0.0,13.2,9975.0,0.61,cloudy
WTH_00002685,2025-04-22,21,15.6,0.0,10.4,11330.0,0.14,clear
WTH_00002686,2025-04-22,22,11.4,0.0,11.5,1159.0,0.21,fog
WTH_00002687,2025-04-22,23,12.8,0.0,27.1,8073.0,0.09,clear
WTH_00002688,2025-04-23,0,14.3,0.0,10.3,10967.0,0.22,clear
WTH_00002689,2025-04-23,1,14.9,0.0,18.6,10797.0,0.19,clear
WTH_00002690,2025-04-23,2,17.2,0.0,5.5,8047.0,0.45,clear
WTH_00002691,2025-04-23,3,17.6,0.0,19.4,9945.0,0.41,clear
WTH_00002692,2025-04-23,4,19.1,0.0,24.4,7538.0,0.15,clear
WTH_00002693,2025-04-23,5,15.5,0.0,13.0,11888.0,0.33,clear
WTH_00002694,2025-04-23,6,12.9,0.0,11.1,6206.0,0.34,clear
WTH_00002695,2025-04-23,7,13.8,0.0,5.4,9071.0,0.23,clear
WTH_00002696,2025-04-23,8,16.3,0.0,7.3,10504.0,0.3,clear
WTH_00002697,2025-04-23,9,11.1,0.0,4.2,8620.0,0.6,cloudy
WTH_00002698,2025-04-23,10,11.8,0.0,12.5,6664.0,0.11,clear
WTH_00002699,2025-04-23,11,8.5,0.0,16.5,9100.0,0.15,clear
WTH_00002700,2025-04-23,12,13.7,0.0,30.9,11454.0,0.26,clear
WTH_00002701,2025-04-23,13,10.9,0.0,0.4,11151.0,0.34,clear
WTH_00002702,2025-04-23,14,10.7,0.0,9.9,7400.0,0.5,clear
WTH_00002703,2025-04-23,15,13.2,0.0,5.0,9224.0,0.51,clear
WTH_00002704,2025-04-23,16,10.1,0.0,22.7,9186.0,0.14,clear
WTH_00002705,2025-04-23,17,9.7,0.0,13.0,8805.0,0.26,clear
WTH_00002706,2025-04-23,18,11.3,0.0,17.0,11701.0,0.2,clear
WTH_00002707,2025-04-23,19,16.0,0.0,16.1,10622.0,0.23,clear
WTH_00002708,2025-04-23,20,9.0,0.0,10.7,10659.0,0.38,clear
WTH_00002709,2025-04-23,21,11.1,0.0,17.5,9824.0,0.53,clear
WTH_00002710,2025-04-23,22,12.4,0.0,11.4,638.0,0.45,fog
WTH_00002711,2025-04-23,23,17.6,0.0,15.5,7674.0,0.26,clear
WTH_00002712,2025-04-24,0,14.7,0.0,8.1,7556.0,0.52,clear
WTH_00002713,2025-04-24,1,17.5,0.0,14.2,8256.0,0.41,clear
WTH_00002714,2025-04-24,2,17.7,0.0,8.0,7711.0,0.54,clear
WTH_00002715,2025-04-24,3,16.6,0.0,8.0,8687.0,0.18,clear
WTH_00002716,2025-04-24,4,17.3,0.0,19.6,6502.0,0.34,clear
WTH_00002717,2025-04-24,5,18.6,0.0,5.0,11507.0,0.43,clear
WTH_00002718,2025-04-24,6,16.4,0.0,6.2,9535.0,0.22,clear
WTH_00002719,2025-04-24,7,16.7,0.0,10.5,7508.0,0.16,clear
WTH_00002720,2025-04-24,8,15.9,0.0,16.9,6025.0,0.28,clear
WTH_00002721,2025-04-24,9,12.9,0.0,18.5,11576.0,0.41,clear
WTH_00002722,2025-04-24,10,9.2,4.36,12.1,973.0,0.63,rain
WTH_00002723,2025-04-24,11,8.7,0.0,16.9,6920.0,0.31,clear
WTH_00002724,2025-04-24,12,10.5,0.0,8.6,11172.0,0.77,cloudy
WTH_00002725,2025-04-24,13,9.1,0.0,19.1,10344.0,0.28,clear
WTH_00002726,2025-04-24,14,9.1,0.0,7.1,8394.0,0.21,clear
WTH_00002727,2025-04-24,15,8.0,0.0,16.3,11653.0,0.14,clear
WTH_00002728,2025-04-24,16,11.2,0.0,28.0,7282.0,0.44,clear
WTH_00002729,2025-04-24,17,8.7,0.0,8.0,7421.0,0.25,clear
WTH_00002730,2025-04-24,18,12.7,0.0,16.2,9736.0,0.3,clear
WTH_00002731,2025-04-24,19,9.3,0.0,52.5,10918.0,0.13,clear
WTH_00002732,2025-04-24,20,15.0,5.93,9.4,1536.0,0.81,rain
WTH_00002733,2025-04-24,21,12.6,0.0,16.7,9971.0,0.41,clear
WTH_00002734,2025-04-24,22,17.9,0.0,6.6,6180.0,0.46,clear
WTH_00002735,2025-04-24,23,14.6,0.0,19.0,8293.0,0.37,clear
WTH_00002736,2025-04-25,0,20.0,0.0,16.4,7304.0,0.28,clear
WTH_00002737,2025-04-25,1,17.5,0.0,11.2,11354.0,0.04,clear
WTH_00002738,2025-04-25,2,16.1,0.0,18.6,10707.0,0.34,clear
WTH_00002739,2025-04-25,3,17.0,0.0,5.8,10093.0,0.12,clear
WTH_00002740,2025-04-25,4,15.8,0.0,1.4,9977.0,0.17,clear
WTH_00002741,2025-04-25,5,14.0,0.0,10.0,10179.0,0.35,clear
WTH_00002742,2025-04-25,6,19.5,0.0,12.8,8332.0,0.37,clear
WTH_00002743,2025-04-25,7,18.6,0.0,6.1,7188.0,0.39,clear
WTH_00002744,2025-04-25,8,13.6,0.0,19.4,6310.0,0.1,clear
WTH_00002745,2025-04-25,9,13.7,0.0,9.5,8266.0,0.31,clear
WTH_00002746,2025-04-25,10,15.5,0.0,5.0,10382.0,0.51,clear
WTH_00002747,2025-04-25,11,8.0,0.0,12.0,11350.0,0.46,clear
WTH_00002748,2025-04-25,12,10.5,0.0,35.7,9249.0,0.06,clear
WTH_00002749,2025-04-25,13,8.1,0.0,5.8,7006.0,0.18,clear
WTH_00002750,2025-04-25,14,5.1,0.0,14.7,11517.0,0.45,clear
WTH_00002751,2025-04-25,15,6.3,0.0,2.4,11165.0,0.48,clear
WTH_00002752,2025-04-25,16,8.1,0.0,8.1,9900.0,0.47,clear
WTH_00002753,2025-04-25,17,11.8,0.0,26.5,11093.0,0.56,clear
WTH_00002754,2025-04-25,18,9.4,0.0,6.1,8479.0,0.59,clear
WTH_00002755,2025-04-25,19,9.7,0.0,7.2,8447.0,0.3,clear
WTH_00002756,2025-04-25,20,12.3,0.0,6.7,11351.0,0.06,clear
WTH_00002757,2025-04-25,21,16.0,0.0,28.3,8741.0,0.54,clear
WTH_00002758,2025-04-25,22,14.4,0.0,10.1,10106.0,0.6,cloudy
WTH_00002759,2025-04-25,23,14.2,0.0,3.9,11191.0,0.53,clear
WTH_00002760,2025-04-26,0,13.2,0.0,10.7,6595.0,0.2,clear
WTH_00002761,2025-04-26,1,16.1,0.0,10.1,8027.0,0.01,clear
WTH_00002762,2025-04-26,2,14.0,0.0,0.2,10329.0,0.24,clear
WTH_00002763,2025-04-26,3,18.8,0.0,18.6,11326.0,0.42,clear
WTH_00002764,2025-04-26,4,16.0,0.0,19.1,6898.0,0.35,clear
WTH_00002765,2025-04-26,5,16.3,0.0,3.6,8142.0,0.15,clear
WTH_00002766,2025-04-26,6,16.3,0.0,13.3,8851.0,0.11,clear
WTH_00002767,2025-04-26,7,15.0,0.0,8.4,7035.0,0.31,clear
WTH_00002768,2025-04-26,8,11.9,0.0,21.2,7354.0,0.09,clear
WTH_00002769,2025-04-26,9,14.7,0.0,7.4,7179.0,0.52,clear
WTH_00002770,2025-04-26,10,14.1,0.0,22.9,10278.0,0.31,clear
WTH_00002771,2025-04-26,11,6.0,0.0,10.0,11668.0,0.61,cloudy
WTH_00002772,2025-04-26,12,9.8,0.0,7.9,9934.0,0.67,cloudy
WTH_00002773,2025-04-26,13,9.8,1.08,15.4,3524.0,0.61,rain
WTH_00002774,2025-04-26,14,7.2,0.0,7.0,9231.0,0.37,clear
WTH_00002775,2025-04-26,15,8.1,0.0,10.4,7239.0,0.47,clear
WTH_00002776,2025-04-26,16,8.7,0.0,14.3,9685.0,0.33,clear
WTH_00002777,2025-04-26,17,10.3,0.0,7.8,7170.0,0.11,clear
WTH_00002778,2025-04-26,18,13.1,0.0,13.3,10924.0,0.38,clear
WTH_00002779,2025-04-26,19,13.7,0.0,26.6,11169.0,0.5,clear
WTH_00002780,2025-04-26,20,13.3,0.0,11.1,6911.0,0.47,clear
WTH_00002781,2025-04-26,21,13.3,0.0,8.0,7017.0,0.42,clear
WTH_00002782,2025-04-26,22,11.2,0.0,9.1,10236.0,0.6,clear
WTH_00002783,2025-04-26,23,15.0,0.0,11.9,11335.0,0.3,clear
WTH_00002784,2025-04-27,0,18.0,0.0,12.9,8668.0,0.14,clear
WTH_00002785,2025-04-27,1,16.9,0.0,5.0,8812.0,0.01,clear
WTH_00002786,2025-04-27,2,15.3,0.0,36.2,6464.0,0.1,clear
WTH_00002787,2025-04-27,3,15.8,0.0,4.6,10782.0,0.69,cloudy
WTH_00002788,2025-04-27,4,15.6,0.0,28.3,11211.0,0.45,clear
WTH_00002789,2025-04-27,5,16.1,0.0,6.1,6649.0,0.39,clear
WTH_00002790,2025-04-27,6,17.0,0.0,13.0,9676.0,0.57,clear
WTH_00002791,2025-04-27,7,17.8,0.98,13.8,965.0,0.56,rain
WTH_00002792,2025-04-27,8,14.5,0.0,1.3,11541.0,0.31,clear
WTH_00002793,2025-04-27,9,13.2,0.0,2.1,8037.0,0.3,clear
WTH_00002794,2025-04-27,10,12.5,0.0,3.4,10214.0,0.56,clear
WTH_00002795,2025-04-27,11,12.9,0.0,4.1,9557.0,0.16,clear
WTH_00002796,2025-04-27,12,8.5,0.0,11.6,6385.0,0.18,clear
WTH_00002797,2025-04-27,13,10.4,0.0,22.6,8419.0,0.21,clear
WTH_00002798,2025-04-27,14,9.4,6.92,12.2,3950.0,0.63,rain
WTH_00002799,2025-04-27,15,7.6,0.0,17.3,8461.0,0.22,clear
WTH_00002800,2025-04-27,16,8.4,0.0,3.8,10650.0,0.34,clear
WTH_00002801,2025-04-27,17,12.4,0.0,8.4,6447.0,0.67,cloudy
WTH_00002802,2025-04-27,18,8.5,0.0,3.7,11000.0,0.28,clear
WTH_00002803,2025-04-27,19,8.2,0.0,10.4,7574.0,0.35,clear
WTH_00002804,2025-04-27,20,12.3,0.0,11.2,11286.0,0.53,clear
WTH_00002805,2025-04-27,21,13.0,12.53,22.5,3880.0,0.86,rain
WTH_00002806,2025-04-27,22,12.1,0.0,33.5,9030.0,0.32,clear
WTH_00002807,2025-04-27,23,15.6,0.0,13.2,6321.0,0.43,clear
WTH_00002808,2025-04-28,0,14.2,0.0,12.6,9490.0,0.08,clear
WTH_00002809,2025-04-28,1,16.2,0.0,5.5,9454.0,0.06,clear
WTH_00002810,2025-04-28,2,17.5,0.0,7.2,7777.0,0.29,clear
WTH_00002811,2025-04-28,3,15.8,0.0,11.4,6819.0,0.54,clear
WTH_00002812,2025-04-28,4,16.5,0.0,16.0,6497.0,0.17,clear
WTH_00002813,2025-04-28,5,11.9,0.0,14.3,8554.0,0.21,clear
WTH_00002814,2025-04-28,6,15.7,0.0,7.0,8555.0,0.43,clear
WTH_00002815,2025-04-28,7,16.8,0.0,18.1,9502.0,0.39,clear
WTH_00002816,2025-04-28,8,15.4,0.0,18.1,961.0,0.26,fog
WTH_00002817,2025-04-28,9,14.8,0.0,22.9,11660.0,0.17,clear
WTH_00002818,2025-04-28,10,13.0,0.0,17.5,10016.0,0.26,clear
WTH_00002819,2025-04-28,11,9.0,0.0,6.8,6040.0,0.29,clear
WTH_00002820,2025-04-28,12,9.5,0.0,5.2,8120.0,0.36,clear
WTH_00002821,2025-04-28,13,7.0,0.0,2.2,7882.0,0.22,clear
WTH_00002822,2025-04-28,14,8.7,0.0,16.5,6885.0,0.1,clear
WTH_00002823,2025-04-28,15,7.7,0.0,6.0,7262.0,0.17,clear
WTH_00002824,2025-04-28,16,8.8,0.0,7.8,11301.0,0.32,clear
WTH_00002825,2025-04-28,17,12.7,0.0,10.2,11860.0,0.44,clear
WTH_00002826,2025-04-28,18,11.4,0.0,5.5,6105.0,0.27,clear
WTH_00002827,2025-04-28,19,10.2,1.39,4.7,1797.0,0.87,rain
WTH_00002828,2025-04-28,20,10.0,0.0,2.7,6450.0,0.17,clear
WTH_00002829,2025-04-28,21,17.5,0.0,7.1,6288.0,0.79,cloudy
WTH_00002830,2025-04-28,22,15.3,0.0,10.8,9409.0,0.16,clear
WTH_00002831,2025-04-28,23,15.6,0.0,20.1,6943.0,0.36,clear
WTH_00002832,2025-04-29,0,13.0,0.0,15.5,6061.0,0.16,clear
WTH_00002833,2025-04-29,1,14.6,0.0,19.0,7390.0,0.57,clear
WTH_00002834,2025-04-29,2,18.0,0.0,28.3,10079.0,0.3,clear
WTH_00002835,2025-04-29,3,18.9,0.0,6.8,6835.0,0.1,clear
WTH_00002836,2025-04-29,4,18.5,0.0,1.8,11741.0,0.48,clear
WTH_00002837,2025-04-29,5,15.6,0.0,7.5,7485.0,0.06,clear
WTH_00002838,2025-04-29,6,17.1,0.0,14.7,967.0,0.45,fog
WTH_00002839,2025-04-29,7,19.4,0.0,12.8,9679.0,0.31,clear
WTH_00002840,2025-04-29,8,14.3,0.0,10.2,9193.0,0.19,clear
WTH_00002841,2025-04-29,9,15.6,0.0,29.8,10454.0,0.39,clear
WTH_00002842,2025-04-29,10,14.5,0.0,20.9,7179.0,0.51,clear
WTH_00002843,2025-04-29,11,10.0,0.0,22.6,10051.0,0.46,clear
WTH_00002844,2025-04-29,12,11.0,0.0,7.7,11788.0,0.24,clear
WTH_00002845,2025-04-29,13,9.8,0.0,2.8,6772.0,0.02,clear
WTH_00002846,2025-04-29,14,5.8,0.0,12.8,11605.0,0.26,clear
WTH_00002847,2025-04-29,15,8.4,0.0,7.6,9486.0,0.22,clear
WTH_00002848,2025-04-29,16,7.2,0.0,7.5,9787.0,0.14,clear
WTH_00002849,2025-04-29,17,7.1,0.0,8.0,7177.0,0.32,clear
WTH_00002850,2025-04-29,18,9.7,0.0,30.3,10718.0,0.08,clear
WTH_00002851,2025-04-29,19,11.5,3.19,8.4,2217.0,0.97,rain
WTH_00002852,2025-04-29,20,14.2,0.0,17.0,576.0,0.25,fog
WTH_00002853,2025-04-29,21,13.9,0.0,13.2,7474.0,0.13,clear
WTH_00002854,2025-04-29,22,12.0,0.0,11.1,10084.0,0.47,clear
WTH_00002855,2025-04-29,23,13.7,0.0,18.4,7658.0,0.49,clear
WTH_00002856,2025-04-30,0,15.4,0.0,18.8,8051.0,0.22,clear
WTH_00002857,2025-04-30,1,18.7,0.0,1.3,8750.0,0.08,clear
WTH_00002858,2025-04-30,2,19.1,0.0,16.2,11717.0,0.38,clear
WTH_00002859,2025-04-30,3,17.7,0.0,16.7,9360.0,0.11,clear
WTH_00002860,2025-04-30,4,15.9,0.0,42.9,11400.0,0.38,clear
WTH_00002861,2025-04-30,5,16.9,6.99,7.6,3904.0,0.5,rain
WTH_00002862,2025-04-30,6,16.3,0.0,9.9,8400.0,0.5,clear
WTH_00002863,2025-04-30,7,12.7,0.0,26.7,9408.0,0.2,clear
WTH_00002864,2025-04-30,8,16.2,0.0,3.6,8242.0,0.04,clear
WTH_00002865,2025-04-30,9,17.4,0.0,12.6,7390.0,0.15,clear
WTH_00002866,2025-04-30,10,12.6,5.56,13.3,3477.0,0.46,rain
WTH_00002867,2025-04-30,11,13.1,0.0,15.3,8004.0,0.28,clear
WTH_00002868,2025-04-30,12,12.2,0.0,10.7,7091.0,0.2,clear
WTH_00002869,2025-04-30,13,12.3,0.0,6.9,6884.0,0.16,clear
WTH_00002870,2025-04-30,14,9.2,0.0,3.6,9599.0,0.19,clear
WTH_00002871,2025-04-30,15,7.5,0.0,7.4,6541.0,0.49,clear
WTH_00002872,2025-04-30,16,10.2,0.0,10.2,6966.0,0.36,clear
WTH_00002873,2025-04-30,17,11.5,0.0,10.5,10865.0,0.48,clear
WTH_00002874,2025-04-30,18,13.1,0.0,27.1,7826.0,0.06,clear
WTH_00002875,2025-04-30,19,10.0,0.0,4.5,8334.0,0.47,clear
WTH_00002876,2025-04-30,20,9.8,0.0,9.1,6168.0,0.34,clear
WTH_00002877,2025-04-30,21,12.1,0.0,5.5,6800.0,0.25,clear
WTH_00002878,2025-04-30,22,13.4,0.0,0.8,547.0,0.14,fog
WTH_00002879,2025-04-30,23,14.1,0.0,10.0,11488.0,0.04,clear
WTH_00002880,2025-05-01,0,14.8,0.45,3.9,2961.0,0.76,rain
WTH_00002881,2025-05-01,1,17.9,0.0,0.6,11119.0,0.34,clear
WTH_00002882,2025-05-01,2,16.5,0.0,9.9,7901.0,0.28,clear
WTH_00002883,2025-05-01,3,14.2,0.0,6.8,7671.0,0.48,clear
WTH_00002884,2025-05-01,4,15.6,0.0,15.4,8005.0,0.21,clear
WTH_00002885,2025-05-01,5,17.0,0.0,25.5,7633.0,0.83,cloudy
WTH_00002886,2025-05-01,6,15.0,0.0,9.8,8072.0,0.4,clear
WTH_00002887,2025-05-01,7,15.5,0.0,3.5,6201.0,0.4,clear
WTH_00002888,2025-05-01,8,11.5,0.0,20.6,10662.0,0.28,clear
WTH_00002889,2025-05-01,9,14.0,0.0,25.6,165.0,0.07,fog
WTH_00002890,2025-05-01,10,12.1,0.0,16.8,7210.0,0.29,clear
WTH_00002891,2025-05-01,11,9.3,0.0,7.9,9184.0,0.36,clear
WTH_00002892,2025-05-01,12,9.2,0.0,5.0,8866.0,0.53,clear
WTH_00002893,2025-05-01,13,10.9,0.0,13.8,11809.0,0.41,clear
WTH_00002894,2025-05-01,14,9.4,0.0,6.7,10370.0,0.12,clear
WTH_00002895,2025-05-01,15,7.2,0.0,8.4,8410.0,0.27,clear
WTH_00002896,2025-05-01,16,10.5,0.0,9.0,10393.0,0.4,clear
WTH_00002897,2025-05-01,17,8.8,0.0,6.8,7529.0,0.56,clear
WTH_00002898,2025-05-01,18,10.0,0.0,5.2,10803.0,0.07,clear
WTH_00002899,2025-05-01,19,10.8,0.0,5.5,6303.0,0.17,clear
WTH_00002900,2025-05-01,20,13.1,0.0,7.9,7165.0,0.31,clear
WTH_00002901,2025-05-01,21,11.4,0.0,3.2,6431.0,0.28,clear
WTH_00002902,2025-05-01,22,17.2,0.0,8.3,8372.0,0.32,clear
WTH_00002903,2025-05-01,23,13.8,0.0,18.4,8002.0,0.46,clear
WTH_00002904,2025-05-02,0,15.5,0.0,14.6,11656.0,0.47,clear
WTH_00002905,2025-05-02,1,12.4,0.0,2.5,11067.0,0.63,cloudy
WTH_00002906,2025-05-02,2,18.7,0.0,17.0,503.0,0.11,fog
WTH_00002907,2025-05-02,3,15.9,0.0,12.9,10068.0,0.45,clear
WTH_00002908,2025-05-02,4,18.8,0.0,9.0,7185.0,0.37,clear
WTH_00002909,2025-05-02,5,20.2,0.0,22.3,9824.0,0.38,clear
WTH_00002910,2025-05-02,6,14.2,0.0,9.7,10542.0,0.19,clear
WTH_00002911,2025-05-02,7,16.3,0.0,12.1,10221.0,0.13,clear
WTH_00002912,2025-05-02,8,12.2,0.0,9.2,8316.0,0.28,clear
WTH_00002913,2025-05-02,9,12.7,0.0,7.9,11152.0,0.44,clear
WTH_00002914,2025-05-02,10,13.1,0.0,1.8,8770.0,0.01,clear
WTH_00002915,2025-05-02,11,8.9,0.0,14.5,6597.0,0.55,clear
WTH_00002916,2025-05-02,12,11.6,0.0,3.5,11946.0,0.26,clear
WTH_00002917,2025-05-02,13,9.8,0.0,1.6,11504.0,0.47,clear
WTH_00002918,2025-05-02,14,11.3,0.0,12.0,11491.0,0.69,cloudy
WTH_00002919,2025-05-02,15,8.7,0.0,2.9,6110.0,0.45,clear
WTH_00002920,2025-05-02,16,11.9,5.16,4.8,1682.0,0.55,rain
WTH_00002921,2025-05-02,17,11.1,0.0,4.4,11506.0,0.44,clear
WTH_00002922,2025-05-02,18,9.9,0.0,17.7,6755.0,0.11,clear
WTH_00002923,2025-05-02,19,8.6,0.0,9.6,6403.0,0.36,clear
WTH_00002924,2025-05-02,20,13.7,0.0,7.5,11390.0,0.36,clear
WTH_00002925,2025-05-02,21,12.0,0.0,15.2,8268.0,0.22,clear
WTH_00002926,2025-05-02,22,16.4,0.0,2.8,10488.0,0.5,clear
WTH_00002927,2025-05-02,23,10.0,2.73,8.2,3270.0,0.71,rain
WTH_00002928,2025-05-03,0,18.0,7.43,18.3,2864.0,0.74,rain
WTH_00002929,2025-05-03,1,17.8,20.76,21.0,2392.0,0.99,storm
WTH_00002930,2025-05-03,2,14.2,6.63,32.1,1472.0,0.51,rain
WTH_00002931,2025-05-03,3,17.0,3.26,40.9,3010.0,0.84,rain
WTH_00002932,2025-05-03,4,18.8,3.95,38.8,1859.0,0.6,rain
WTH_00002933,2025-05-03,5,14.4,13.88,22.5,2765.0,0.72,storm
WTH_00002934,2025-05-03,6,18.5,11.28,38.8,3530.0,0.83,storm
WTH_00002935,2025-05-03,7,15.3,24.12,19.6,3994.0,0.6,storm
WTH_00002936,2025-05-03,8,11.7,8.69,26.8,2246.0,0.8,storm
WTH_00002937,2025-05-03,9,10.5,10.19,16.9,2817.0,0.67,storm
WTH_00002938,2025-05-03,10,10.0,2.18,22.4,2605.0,1.0,rain
WTH_00002939,2025-05-03,11,11.1,7.62,30.0,3247.0,1.0,rain
WTH_00002940,2025-05-03,12,5.8,0.23,24.8,1420.0,0.59,rain
WTH_00002941,2025-05-03,13,8.6,8.87,28.1,3870.0,0.93,storm
WTH_00002942,2025-05-03,14,10.2,8.16,30.2,1127.0,0.66,storm
WTH_00002943,2025-05-03,15,8.7,4.51,23.7,1866.0,0.75,rain
WTH_00002944,2025-05-03,16,9.2,3.94,15.4,2057.0,0.8,rain
WTH_00002945,2025-05-03,17,9.6,2.27,16.4,3861.0,0.65,rain
WTH_00002946,2025-05-03,18,9.7,1.29,19.5,1763.0,0.89,rain
WTH_00002947,2025-05-03,19,11.7,9.62,39.9,1944.0,0.57,storm
WTH_00002948,2025-05-03,20,17.9,9.45,26.1,3848.0,0.91,storm
WTH_00002949,2025-05-03,21,13.9,1.78,20.8,2472.0,0.57,rain
WTH_00002950,2025-05-03,22,14.2,7.31,24.0,1703.0,1.0,rain
WTH_00002951,2025-05-03,23,20.5,9.71,32.3,3249.0,0.62,storm
WTH_00002952,2025-05-04,0,14.0,0.0,5.1,11132.0,0.25,clear
WTH_00002953,2025-05-04,1,13.7,0.0,9.4,11314.0,0.23,clear
WTH_00002954,2025-05-04,2,15.4,0.0,6.1,9993.0,0.18,clear
WTH_00002955,2025-05-04,3,20.2,0.0,6.7,8339.0,0.04,clear
WTH_00002956,2025-05-04,4,15.8,0.0,15.5,6068.0,0.69,cloudy
WTH_00002957,2025-05-04,5,14.2,7.85,18.4,3987.0,0.59,rain
WTH_00002958,2025-05-04,6,17.9,0.0,17.6,9376.0,0.15,clear
WTH_00002959,2025-05-04,7,15.0,0.0,8.1,10509.0,0.31,clear
WTH_00002960,2025-05-04,8,11.2,0.0,6.2,8893.0,0.47,clear
WTH_00002961,2025-05-04,9,12.0,0.0,16.1,10331.0,0.3,clear
WTH_00002962,2025-05-04,10,11.9,0.0,17.7,11063.0,0.61,cloudy
WTH_00002963,2025-05-04,11,8.6,0.0,20.0,8747.0,0.2,clear
WTH_00002964,2025-05-04,12,9.1,0.0,9.5,9854.0,0.2,clear
WTH_00002965,2025-05-04,13,6.2,0.0,14.1,7138.0,0.08,clear
WTH_00002966,2025-05-04,14,9.7,0.0,8.6,7966.0,0.19,clear
WTH_00002967,2025-05-04,15,9.2,0.0,5.4,8591.0,0.2,clear
WTH_00002968,2025-05-04,16,9.2,0.0,14.6,7255.0,0.43,clear
WTH_00002969,2025-05-04,17,12.4,0.0,19.1,7361.0,0.65,cloudy
WTH_00002970,2025-05-04,18,9.0,0.0,18.1,10207.0,0.6,clear
WTH_00002971,2025-05-04,19,14.4,0.0,12.9,11425.0,0.35,clear
WTH_00002972,2025-05-04,20,13.2,1.0,2.2,1548.0,0.84,rain
WTH_00002973,2025-05-04,21,14.6,0.0,12.5,11019.0,0.47,clear
WTH_00002974,2025-05-04,22,14.7,0.0,21.5,8815.0,0.4,clear
WTH_00002975,2025-05-04,23,12.7,0.0,22.3,11867.0,0.24,clear
WTH_00002976,2025-05-05,0,15.3,0.0,4.6,10825.0,0.61,cloudy
WTH_00002977,2025-05-05,1,12.8,0.0,10.3,8089.0,0.39,clear
WTH_00002978,2025-05-05,2,18.3,0.0,11.1,7276.0,0.21,clear
WTH_00002979,2025-05-05,3,19.0,0.0,20.1,10836.0,0.35,clear
WTH_00002980,2025-05-05,4,17.2,7.37,18.6,2378.0,0.75,rain
WTH_00002981,2025-05-05,5,19.0,0.0,7.5,8458.0,0.78,cloudy
WTH_00002982,2025-05-05,6,14.0,0.0,18.2,7659.0,0.38,clear
WTH_00002983,2025-05-05,7,19.2,0.0,8.2,10499.0,0.41,clear
WTH_00002984,2025-05-05,8,12.0,0.0,2.3,11533.0,0.44,clear
WTH_00002985,2025-05-05,9,16.4,0.0,9.7,11081.0,0.56,clear
WTH_00002986,2025-05-05,10,14.1,0.0,29.6,9135.0,0.34,clear
WTH_00002987,2025-05-05,11,10.9,0.0,18.5,9996.0,0.37,clear
WTH_00002988,2025-05-05,12,6.9,0.0,40.7,8820.0,0.63,cloudy
WTH_00002989,2025-05-05,13,8.3,0.0,15.1,11233.0,0.24,clear
WTH_00002990,2025-05-05,14,7.7,0.0,19.8,8760.0,0.5,clear
WTH_00002991,2025-05-05,15,7.0,0.0,11.0,6271.0,0.27,clear
WTH_00002992,2025-05-05,16,5.8,0.0,13.4,6415.0,0.06,clear
WTH_00002993,2025-05-05,17,11.4,0.0,9.9,9385.0,0.07,clear
WTH_00002994,2025-05-05,18,9.5,0.0,3.9,11965.0,0.45,clear
WTH_00002995,2025-05-05,19,9.4,0.0,16.3,11522.0,0.3,clear
WTH_00002996,2025-05-05,20,10.0,0.0,31.5,8797.0,0.57,clear
WTH_00002997,2025-05-05,21,12.0,0.0,24.5,9694.0,0.15,clear
WTH_00002998,2025-05-05,22,14.9,0.0,12.5,9549.0,0.56,clear
WTH_00002999,2025-05-05,23,13.9,4.53,30.8,2506.0,0.8,rain
WTH_00003000,2025-05-06,0,17.3,2.44,18.3,2411.0,0.44,rain
WTH_00003001,2025-05-06,1,17.8,5.67,32.0,3822.0,1.0,rain
WTH_00003002,2025-05-06,2,17.8,7.36,37.9,3889.0,0.68,rain
WTH_00003003,2025-05-06,3,17.1,5.52,27.4,2361.0,0.85,rain
WTH_00003004,2025-05-06,4,18.1,3.15,17.0,3865.0,0.96,rain
WTH_00003005,2025-05-06,5,15.8,4.07,17.0,3080.0,0.86,rain
WTH_00003006,2025-05-06,6,18.2,1.89,31.7,2490.0,0.66,rain
WTH_00003007,2025-05-06,7,15.4,14.43,19.6,2944.0,0.46,storm
WTH_00003008,2025-05-06,8,12.1,5.72,21.8,3669.0,0.63,rain
WTH_00003009,2025-05-06,9,9.6,14.3,30.0,1001.0,1.0,storm
WTH_00003010,2025-05-06,10,13.2,4.07,37.4,2242.0,0.93,rain
WTH_00003011,2025-05-06,11,8.9,22.4,33.5,2479.0,0.48,storm
WTH_00003012,2025-05-06,12,12.7,4.23,21.0,2227.0,0.77,rain
WTH_00003013,2025-05-06,13,12.8,9.23,34.7,1379.0,0.74,storm
WTH_00003014,2025-05-06,14,9.6,7.15,18.3,1701.0,0.55,rain
WTH_00003015,2025-05-06,15,10.7,4.0,30.8,872.0,0.9,rain
WTH_00003016,2025-05-06,16,6.1,5.51,19.5,3591.0,0.72,rain
WTH_00003017,2025-05-06,17,8.4,4.78,24.8,3694.0,0.81,rain
WTH_00003018,2025-05-06,18,14.0,1.62,16.5,899.0,0.68,rain
WTH_00003019,2025-05-06,19,9.1,1.37,27.4,2124.0,0.8,rain
WTH_00003020,2025-05-06,20,11.9,4.05,27.9,806.0,0.81,rain
WTH_00003021,2025-05-06,21,12.8,2.76,44.5,976.0,0.82,rain
WTH_00003022,2025-05-06,22,15.6,3.64,25.0,3563.0,0.64,rain
WTH_00003023,2025-05-06,23,12.9,7.09,31.1,2280.0,0.54,rain
WTH_00003024,2025-05-07,0,14.4,4.6,29.0,3504.0,0.85,rain
WTH_00003025,2025-05-07,1,17.4,10.6,24.1,1171.0,0.88,storm
WTH_00003026,2025-05-07,2,18.0,10.47,34.4,3253.0,0.96,storm
WTH_00003027,2025-05-07,3,19.0,9.66,21.6,1035.0,0.67,storm
WTH_00003028,2025-05-07,4,19.0,2.12,24.4,3536.0,0.62,rain
WTH_00003029,2025-05-07,5,17.9,9.29,23.0,1562.0,0.69,storm
WTH_00003030,2025-05-07,6,12.8,6.01,19.7,3971.0,0.41,rain
WTH_00003031,2025-05-07,7,17.5,8.33,27.5,2911.0,0.61,storm
WTH_00003032,2025-05-07,8,15.7,4.11,17.6,3434.0,0.59,rain
WTH_00003033,2025-05-07,9,10.6,1.62,33.1,1407.0,0.61,rain
WTH_00003034,2025-05-07,10,11.9,7.11,37.4,3699.0,0.49,rain
WTH_00003035,2025-05-07,11,11.2,3.01,22.0,2886.0,0.41,rain
WTH_00003036,2025-05-07,12,10.7,16.02,23.2,2757.0,0.57,storm
WTH_00003037,2025-05-07,13,10.0,3.44,33.6,1842.0,0.98,rain
WTH_00003038,2025-05-07,14,11.3,8.75,27.5,2284.0,0.63,storm
WTH_00003039,2025-05-07,15,10.0,6.13,23.0,3484.0,0.86,rain
WTH_00003040,2025-05-07,16,12.4,7.42,43.7,2850.0,0.73,rain
WTH_00003041,2025-05-07,17,12.4,6.2,21.2,3921.0,0.87,rain
WTH_00003042,2025-05-07,18,6.9,1.84,21.4,3330.0,0.5,rain
WTH_00003043,2025-05-07,19,11.1,1.21,20.3,1334.0,0.5,rain
WTH_00003044,2025-05-07,20,11.1,1.58,17.7,3168.0,0.66,rain
WTH_00003045,2025-05-07,21,14.8,2.88,18.7,2198.0,0.53,rain
WTH_00003046,2025-05-07,22,14.2,1.97,24.6,2013.0,0.82,rain
WTH_00003047,2025-05-07,23,11.3,1.98,24.8,1553.0,0.52,rain
WTH_00003048,2025-05-08,0,13.4,19.49,7.4,1751.0,0.81,rain
WTH_00003049,2025-05-08,1,14.9,0.0,14.2,7410.0,0.48,clear
WTH_00003050,2025-05-08,2,16.5,0.0,9.5,10750.0,0.3,clear
WTH_00003051,2025-05-08,3,18.8,0.0,9.7,8636.0,0.32,clear
WTH_00003052,2025-05-08,4,15.5,0.0,2.1,11522.0,0.26,clear
WTH_00003053,2025-05-08,5,16.3,0.0,8.9,7190.0,0.11,clear
WTH_00003054,2025-05-08,6,17.2,0.0,13.6,10052.0,0.09,clear
WTH_00003055,2025-05-08,7,17.0,0.0,4.7,10792.0,0.55,clear
WTH_00003056,2025-05-08,8,17.9,0.0,6.5,6234.0,0.14,clear
WTH_00003057,2025-05-08,9,12.9,0.0,12.1,6633.0,0.21,clear
WTH_00003058,2025-05-08,10,10.5,0.0,24.4,9489.0,0.2,clear
WTH_00003059,2025-05-08,11,14.6,0.0,31.2,6874.0,0.17,clear
WTH_00003060,2025-05-08,12,13.3,0.0,7.4,8643.0,0.13,clear
WTH_00003061,2025-05-08,13,7.1,5.84,6.1,1818.0,0.64,rain
WTH_00003062,2025-05-08,14,7.4,0.0,11.3,6640.0,0.66,cloudy
WTH_00003063,2025-05-08,15,8.4,0.0,7.3,8070.0,0.41,clear
WTH_00003064,2025-05-08,16,12.2,0.0,6.5,8640.0,0.4,clear
WTH_00003065,2025-05-08,17,11.0,0.0,8.5,6715.0,0.3,clear
WTH_00003066,2025-05-08,18,8.7,0.0,4.7,8195.0,0.29,clear
WTH_00003067,2025-05-08,19,9.6,0.0,11.6,11806.0,0.19,clear
WTH_00003068,2025-05-08,20,9.4,0.0,13.6,8816.0,0.28,clear
WTH_00003069,2025-05-08,21,12.5,0.0,22.9,11273.0,0.38,clear
WTH_00003070,2025-05-08,22,15.4,0.0,20.3,10313.0,0.06,clear
WTH_00003071,2025-05-08,23,15.8,0.0,4.2,9388.0,0.19,clear
WTH_00003072,2025-05-09,0,16.0,0.0,11.7,6181.0,0.32,clear
WTH_00003073,2025-05-09,1,16.5,0.0,6.2,11326.0,0.44,clear
WTH_00003074,2025-05-09,2,17.5,0.0,7.2,6608.0,0.64,cloudy
WTH_00003075,2025-05-09,3,20.0,0.0,18.8,11944.0,0.48,clear
WTH_00003076,2025-05-09,4,18.7,0.0,3.2,8571.0,0.33,clear
WTH_00003077,2025-05-09,5,14.1,0.0,12.6,9648.0,0.74,cloudy
WTH_00003078,2025-05-09,6,15.1,0.0,8.2,7929.0,0.51,clear
WTH_00003079,2025-05-09,7,16.3,0.0,17.4,7935.0,0.25,clear
WTH_00003080,2025-05-09,8,15.0,0.0,20.8,6714.0,0.42,clear
WTH_00003081,2025-05-09,9,15.2,0.0,6.7,7884.0,0.08,clear
WTH_00003082,2025-05-09,10,11.6,0.0,17.9,10180.0,0.19,clear
WTH_00003083,2025-05-09,11,8.3,0.0,2.3,9720.0,0.15,clear
WTH_00003084,2025-05-09,12,5.8,0.0,3.6,10026.0,0.24,clear
WTH_00003085,2025-05-09,13,6.8,0.0,11.6,10957.0,0.31,clear
WTH_00003086,2025-05-09,14,7.4,0.0,9.8,6116.0,0.32,clear
WTH_00003087,2025-05-09,15,10.5,0.0,13.4,6980.0,0.34,clear
WTH_00003088,2025-05-09,16,12.7,0.0,18.5,6300.0,0.63,cloudy
WTH_00003089,2025-05-09,17,10.8,0.0,5.1,6601.0,0.51,clear
WTH_00003090,2025-05-09,18,6.3,0.0,7.7,7788.0,0.55,clear
WTH_00003091,2025-05-09,19,10.8,0.0,6.6,8655.0,0.21,clear
WTH_00003092,2025-05-09,20,14.4,0.0,8.2,8509.0,0.33,clear
WTH_00003093,2025-05-09,21,11.4,0.0,37.5,7221.0,0.24,clear
WTH_00003094,2025-05-09,22,12.1,0.0,18.2,11566.0,0.57,clear
WTH_00003095,2025-05-09,23,14.4,0.0,17.6,11717.0,0.15,clear
WTH_00003096,2025-05-10,0,13.8,0.0,10.5,11353.0,0.54,clear
WTH_00003097,2025-05-10,1,12.8,0.0,11.4,6889.0,0.57,clear
WTH_00003098,2025-05-10,2,16.8,0.0,14.7,8227.0,0.72,cloudy
WTH_00003099,2025-05-10,3,14.0,0.0,9.6,9140.0,0.12,clear
WTH_00003100,2025-05-10,4,17.2,0.0,1.5,11816.0,0.4,clear
WTH_00003101,2025-05-10,5,17.2,0.0,4.7,11007.0,0.08,clear
WTH_00003102,2025-05-10,6,17.0,0.0,10.3,7882.0,0.74,cloudy
WTH_00003103,2025-05-10,7,16.0,0.0,20.0,10560.0,0.33,clear
WTH_00003104,2025-05-10,8,14.7,0.0,11.5,11164.0,0.68,cloudy
WTH_00003105,2025-05-10,9,10.4,0.0,10.4,10876.0,0.11,clear
WTH_00003106,2025-05-10,10,15.5,0.0,13.5,9451.0,0.2,clear
WTH_00003107,2025-05-10,11,9.2,0.0,23.9,9776.0,0.16,clear
WTH_00003108,2025-05-10,12,12.1,0.0,9.1,9024.0,0.52,clear
WTH_00003109,2025-05-10,13,10.1,0.0,2.5,8499.0,0.25,clear
WTH_00003110,2025-05-10,14,7.3,0.0,14.7,8853.0,0.33,clear
WTH_00003111,2025-05-10,15,8.2,0.0,19.7,7044.0,0.28,clear
WTH_00003112,2025-05-10,16,8.3,0.0,5.8,7815.0,0.29,clear
WTH_00003113,2025-05-10,17,9.2,0.0,5.1,8073.0,0.3,clear
WTH_00003114,2025-05-10,18,11.3,5.35,8.6,2149.0,0.85,rain
WTH_00003115,2025-05-10,19,10.7,0.0,7.8,9974.0,0.11,clear
WTH_00003116,2025-05-10,20,13.0,0.0,7.9,6340.0,0.25,clear
WTH_00003117,2025-05-10,21,14.1,0.0,18.9,6168.0,0.18,clear
WTH_00003118,2025-05-10,22,15.7,0.0,1.6,11309.0,0.3,clear
WTH_00003119,2025-05-10,23,14.4,0.0,13.0,10399.0,0.67,cloudy
WTH_00003120,2025-05-11,0,15.6,0.0,10.3,7094.0,0.48,clear
WTH_00003121,2025-05-11,1,17.1,0.0,7.9,10684.0,0.16,clear
WTH_00003122,2025-05-11,2,17.0,5.41,12.2,3333.0,0.91,rain
WTH_00003123,2025-05-11,3,18.6,0.0,14.6,7612.0,0.29,clear
WTH_00003124,2025-05-11,4,17.6,0.0,5.8,9538.0,0.29,clear
WTH_00003125,2025-05-11,5,15.2,0.0,6.8,9689.0,0.65,cloudy
WTH_00003126,2025-05-11,6,17.3,0.0,27.5,8697.0,0.3,clear
WTH_00003127,2025-05-11,7,15.9,0.0,5.9,10053.0,0.26,clear
WTH_00003128,2025-05-11,8,15.1,0.0,32.7,11325.0,0.46,clear
WTH_00003129,2025-05-11,9,12.2,0.0,4.8,6884.0,0.38,clear
WTH_00003130,2025-05-11,10,9.7,0.0,21.3,10553.0,0.08,clear
WTH_00003131,2025-05-11,11,10.1,0.0,9.5,10352.0,0.59,clear
WTH_00003132,2025-05-11,12,7.1,0.0,11.4,11125.0,0.2,clear
WTH_00003133,2025-05-11,13,9.2,0.0,14.0,8712.0,0.16,clear
WTH_00003134,2025-05-11,14,8.2,0.0,2.1,6707.0,0.43,clear
WTH_00003135,2025-05-11,15,10.0,0.0,30.7,11375.0,0.52,clear
WTH_00003136,2025-05-11,16,8.8,0.0,8.8,11146.0,0.22,clear
WTH_00003137,2025-05-11,17,10.0,0.0,1.3,10394.0,0.15,clear
WTH_00003138,2025-05-11,18,9.5,0.0,16.6,8137.0,0.45,clear
WTH_00003139,2025-05-11,19,10.8,0.0,12.2,11704.0,0.26,clear
WTH_00003140,2025-05-11,20,12.4,0.0,4.4,7248.0,0.7,cloudy
WTH_00003141,2025-05-11,21,12.6,0.0,13.4,8295.0,0.58,clear
WTH_00003142,2025-05-11,22,15.1,0.0,8.7,8485.0,0.39,clear
WTH_00003143,2025-05-11,23,11.4,0.0,10.7,9923.0,0.73,cloudy
WTH_00003144,2025-05-12,0,17.5,0.0,2.9,7147.0,0.42,clear
WTH_00003145,2025-05-12,1,16.5,0.0,12.1,6180.0,0.36,clear
WTH_00003146,2025-05-12,2,15.8,0.0,1.9,8536.0,0.5,clear
WTH_00003147,2025-05-12,3,18.1,0.0,4.8,11219.0,0.35,clear
WTH_00003148,2025-05-12,4,13.4,0.0,13.4,10370.0,0.34,clear
WTH_00003149,2025-05-12,5,16.6,0.0,7.3,11315.0,0.33,clear
WTH_00003150,2025-05-12,6,13.8,0.0,5.5,10500.0,0.79,cloudy
WTH_00003151,2025-05-12,7,14.2,0.0,19.9,9173.0,0.68,cloudy
WTH_00003152,2025-05-12,8,15.1,0.0,11.8,10508.0,0.14,clear
WTH_00003153,2025-05-12,9,11.9,0.0,10.7,9698.0,0.17,clear
WTH_00003154,2025-05-12,10,11.6,0.0,37.0,9853.0,0.39,clear
WTH_00003155,2025-05-12,11,12.3,0.0,21.2,7028.0,0.19,clear
WTH_00003156,2025-05-12,12,9.1,0.0,6.9,8676.0,0.33,clear
WTH_00003157,2025-05-12,13,4.9,5.87,26.0,2681.0,0.66,rain
WTH_00003158,2025-05-12,14,8.7,0.0,12.6,7429.0,0.28,clear
WTH_00003159,2025-05-12,15,12.7,0.0,7.7,10890.0,0.33,clear
WTH_00003160,2025-05-12,16,10.4,0.0,4.9,6293.0,0.26,clear
WTH_00003161,2025-05-12,17,6.4,0.0,11.2,10823.0,0.32,clear
WTH_00003162,2025-05-12,18,12.4,0.0,19.4,6833.0,0.2,clear
WTH_00003163,2025-05-12,19,7.7,0.0,6.3,8996.0,0.37,clear
WTH_00003164,2025-05-12,20,9.8,0.0,4.6,10125.0,0.4,clear
WTH_00003165,2025-05-12,21,14.1,0.0,22.1,11097.0,0.55,clear
WTH_00003166,2025-05-12,22,14.8,0.0,8.2,6976.0,0.41,clear
WTH_00003167,2025-05-12,23,16.5,0.0,4.5,10630.0,0.58,clear
WTH_00003168,2025-05-13,0,10.9,0.0,20.2,6970.0,0.43,clear
WTH_00003169,2025-05-13,1,16.7,0.0,16.0,6536.0,0.41,clear
WTH_00003170,2025-05-13,2,15.4,0.0,30.9,7593.0,0.2,clear
WTH_00003171,2025-05-13,3,14.5,0.0,35.8,9034.0,0.45,clear
WTH_00003172,2025-05-13,4,17.9,0.0,17.0,11029.0,0.28,clear
WTH_00003173,2025-05-13,5,12.0,0.0,9.3,8305.0,0.16,clear
WTH_00003174,2025-05-13,6,17.6,0.0,10.6,11137.0,0.39,clear
WTH_00003175,2025-05-13,7,11.5,0.0,11.6,7299.0,0.22,clear
WTH_00003176,2025-05-13,8,14.3,0.0,8.7,11322.0,0.19,clear
WTH_00003177,2025-05-13,9,15.3,0.0,33.8,9094.0,0.26,clear
WTH_00003178,2025-05-13,10,12.6,0.0,3.5,7477.0,0.15,clear
WTH_00003179,2025-05-13,11,9.3,0.0,4.5,7104.0,0.49,clear
WTH_00003180,2025-05-13,12,8.1,0.0,4.3,10803.0,0.26,clear
WTH_00003181,2025-05-13,13,8.6,0.0,23.9,11619.0,0.4,clear
WTH_00003182,2025-05-13,14,5.8,0.0,2.7,8539.0,0.51,clear
WTH_00003183,2025-05-13,15,7.5,0.0,11.6,8080.0,0.67,cloudy
WTH_00003184,2025-05-13,16,8.9,0.0,16.1,10230.0,0.08,clear
WTH_00003185,2025-05-13,17,7.7,0.0,11.4,6236.0,0.17,clear
WTH_00003186,2025-05-13,18,9.2,0.0,5.9,9084.0,0.41,clear
WTH_00003187,2025-05-13,19,14.9,0.0,1.8,11353.0,0.21,clear
WTH_00003188,2025-05-13,20,11.2,0.0,8.7,7767.0,0.44,clear
WTH_00003189,2025-05-13,21,6.5,0.0,5.2,9006.0,0.49,clear
WTH_00003190,2025-05-13,22,14.7,0.0,6.0,7165.0,0.49,clear
WTH_00003191,2025-05-13,23,10.3,0.0,14.5,7803.0,0.23,clear
WTH_00003192,2025-05-14,0,21.0,8.03,28.4,1715.0,0.71,storm
WTH_00003193,2025-05-14,1,16.0,2.87,19.5,3213.0,0.49,rain
WTH_00003194,2025-05-14,2,15.8,2.39,18.6,3994.0,0.64,rain
WTH_00003195,2025-05-14,3,13.5,4.28,18.0,1949.0,0.59,rain
WTH_00003196,2025-05-14,4,15.2,9.39,17.4,1445.0,1.0,storm
WTH_00003197,2025-05-14,5,16.5,6.98,27.3,855.0,0.55,rain
WTH_00003198,2025-05-14,6,15.2,4.14,18.0,3517.0,0.65,rain
WTH_00003199,2025-05-14,7,14.9,12.21,41.8,3055.0,0.5,storm
WTH_00003200,2025-05-14,8,13.2,4.62,21.1,2648.0,0.9,rain
WTH_00003201,2025-05-14,9,11.4,13.67,21.6,1612.0,0.73,storm
WTH_00003202,2025-05-14,10,11.7,6.83,24.4,2034.0,0.75,rain
WTH_00003203,2025-05-14,11,7.9,3.71,17.3,3317.0,0.54,rain
WTH_00003204,2025-05-14,12,10.3,9.07,23.5,3405.0,0.53,storm
WTH_00003205,2025-05-14,13,9.0,3.47,24.9,3662.0,1.0,rain
WTH_00003206,2025-05-14,14,8.4,3.2,23.0,3209.0,0.61,rain
WTH_00003207,2025-05-14,15,9.0,5.5,32.7,1102.0,0.8,rain
WTH_00003208,2025-05-14,16,10.3,4.36,16.8,2167.0,0.5,rain
WTH_00003209,2025-05-14,17,9.8,3.77,21.0,1599.0,0.55,rain
WTH_00003210,2025-05-14,18,10.7,7.33,32.0,2845.0,0.65,rain
WTH_00003211,2025-05-14,19,8.9,3.48,36.2,2490.0,0.53,rain
WTH_00003212,2025-05-14,20,13.5,2.79,31.4,2086.0,0.8,rain
WTH_00003213,2025-05-14,21,10.8,13.55,27.4,3677.0,1.0,storm
WTH_00003214,2025-05-14,22,14.4,1.55,24.9,3567.0,0.61,rain
WTH_00003215,2025-05-14,23,15.9,22.43,20.6,3734.0,1.0,storm
WTH_00003216,2025-05-15,0,15.1,0.0,11.6,11291.0,0.49,clear
WTH_00003217,2025-05-15,1,17.1,0.0,25.2,7867.0,0.29,clear
WTH_00003218,2025-05-15,2,18.4,0.0,3.8,6160.0,0.25,clear
WTH_00003219,2025-05-15,3,18.1,0.0,42.9,11193.0,0.46,clear
WTH_00003220,2025-05-15,4,18.0,0.0,28.6,6437.0,0.5,clear
WTH_00003221,2025-05-15,5,20.0,0.0,5.5,7814.0,0.56,clear
WTH_00003222,2025-05-15,6,14.5,0.0,6.5,9062.0,0.48,clear
WTH_00003223,2025-05-15,7,15.6,0.0,12.0,9951.0,0.16,clear
WTH_00003224,2025-05-15,8,15.3,0.0,6.5,9399.0,0.42,clear
WTH_00003225,2025-05-15,9,11.5,0.0,15.7,10399.0,0.51,clear
WTH_00003226,2025-05-15,10,12.4,0.0,19.1,6601.0,0.11,clear
WTH_00003227,2025-05-15,11,11.7,0.0,11.0,11219.0,0.45,clear
WTH_00003228,2025-05-15,12,11.3,0.0,21.6,8882.0,0.76,cloudy
WTH_00003229,2025-05-15,13,6.6,0.0,29.0,9669.0,0.11,clear
WTH_00003230,2025-05-15,14,8.1,0.0,0.5,8512.0,0.09,clear
WTH_00003231,2025-05-15,15,4.5,10.83,16.7,3564.0,0.46,rain
WTH_00003232,2025-05-15,16,8.6,0.0,6.3,9410.0,0.67,cloudy
WTH_00003233,2025-05-15,17,12.0,0.0,4.7,9089.0,0.2,clear
WTH_00003234,2025-05-15,18,10.3,0.0,14.7,6499.0,0.4,clear
WTH_00003235,2025-05-15,19,12.8,0.0,11.5,9332.0,0.05,clear
WTH_00003236,2025-05-15,20,15.8,0.0,22.4,7072.0,0.71,cloudy
WTH_00003237,2025-05-15,21,12.0,0.0,10.9,10887.0,0.11,clear
WTH_00003238,2025-05-15,22,16.3,0.0,14.4,8206.0,0.32,clear
WTH_00003239,2025-05-15,23,17.4,0.0,22.1,11473.0,0.48,clear
WTH_00003240,2025-05-16,0,15.0,0.0,0.9,11577.0,0.11,clear
WTH_00003241,2025-05-16,1,19.7,1.59,2.6,989.0,0.61,rain
WTH_00003242,2025-05-16,2,17.5,0.0,6.6,6377.0,0.14,clear
WTH_00003243,2025-05-16,3,20.0,0.0,12.9,10894.0,0.21,clear
WTH_00003244,2025-05-16,4,14.1,0.0,28.9,10434.0,0.35,clear
WTH_00003245,2025-05-16,5,16.3,0.0,7.1,11732.0,0.07,clear
WTH_00003246,2025-05-16,6,15.6,0.0,6.8,507.0,0.07,fog
WTH_00003247,2025-05-16,7,15.1,0.0,18.6,7670.0,0.41,clear
WTH_00003248,2025-05-16,8,11.2,0.0,7.5,7316.0,0.09,clear
WTH_00003249,2025-05-16,9,14.4,0.0,4.8,8492.0,0.45,clear
WTH_00003250,2025-05-16,10,12.3,0.0,2.5,8302.0,0.4,clear
WTH_00003251,2025-05-16,11,9.0,0.0,7.4,10695.0,0.58,clear
WTH_00003252,2025-05-16,12,13.0,0.0,31.9,7556.0,0.44,clear
WTH_00003253,2025-05-16,13,6.5,0.0,14.7,10253.0,0.51,clear
WTH_00003254,2025-05-16,14,6.5,0.0,2.5,8302.0,0.13,clear
WTH_00003255,2025-05-16,15,8.6,0.0,10.4,10925.0,0.42,clear
WTH_00003256,2025-05-16,16,11.1,0.0,4.7,10821.0,0.07,clear
WTH_00003257,2025-05-16,17,9.0,0.0,12.0,9998.0,0.14,clear
WTH_00003258,2025-05-16,18,10.4,0.0,7.5,7687.0,0.17,clear
WTH_00003259,2025-05-16,19,10.4,0.0,25.2,7590.0,0.4,clear
WTH_00003260,2025-05-16,20,10.4,0.0,4.3,11767.0,0.49,clear
WTH_00003261,2025-05-16,21,13.8,0.0,13.3,8788.0,0.04,clear
WTH_00003262,2025-05-16,22,15.0,0.0,3.3,8295.0,0.41,clear
WTH_00003263,2025-05-16,23,16.8,0.0,12.4,11734.0,0.26,clear
WTH_00003264,2025-05-17,0,17.7,0.0,31.3,8087.0,0.35,clear
WTH_00003265,2025-05-17,1,15.1,0.0,31.1,10320.0,0.09,clear
WTH_00003266,2025-05-17,2,15.3,0.0,45.8,11449.0,0.08,clear
WTH_00003267,2025-05-17,3,18.5,0.0,10.7,9232.0,0.26,clear
WTH_00003268,2025-05-17,4,15.9,5.73,23.0,1727.0,0.75,rain
WTH_00003269,2025-05-17,5,15.5,0.0,48.2,10501.0,0.09,clear
WTH_00003270,2025-05-17,6,20.7,0.0,12.9,9838.0,0.11,clear
WTH_00003271,2025-05-17,7,17.3,0.0,22.4,10822.0,0.28,clear
WTH_00003272,2025-05-17,8,11.0,0.0,1.7,9801.0,0.22,clear
WTH_00003273,2025-05-17,9,12.9,1.99,2.9,3328.0,0.47,rain
WTH_00003274,2025-05-17,10,12.3,0.0,2.9,8898.0,0.4,clear
WTH_00003275,2025-05-17,11,8.6,0.0,18.0,11715.0,0.35,clear
WTH_00003276,2025-05-17,12,10.0,0.0,9.7,9179.0,0.6,cloudy
WTH_00003277,2025-05-17,13,8.9,0.0,10.1,6056.0,0.56,clear
WTH_00003278,2025-05-17,14,6.5,0.0,2.7,11872.0,0.23,clear
WTH_00003279,2025-05-17,15,10.0,0.0,7.3,11624.0,0.18,clear
WTH_00003280,2025-05-17,16,7.3,0.0,1.4,10525.0,0.15,clear
WTH_00003281,2025-05-17,17,10.4,0.0,9.0,9307.0,0.43,clear
WTH_00003282,2025-05-17,18,9.8,0.0,9.7,7478.0,0.27,clear
WTH_00003283,2025-05-17,19,10.9,0.0,19.7,9683.0,0.61,cloudy
WTH_00003284,2025-05-17,20,16.2,0.0,13.2,10835.0,0.39,clear
WTH_00003285,2025-05-17,21,13.7,0.0,25.6,7429.0,0.52,clear
WTH_00003286,2025-05-17,22,15.9,0.0,7.3,6373.0,0.2,clear
WTH_00003287,2025-05-17,23,15.8,0.0,10.9,11868.0,0.17,clear
WTH_00003288,2025-05-18,0,15.7,2.36,15.1,3156.0,1.0,rain
WTH_00003289,2025-05-18,1,18.1,0.0,7.3,10108.0,0.31,clear
WTH_00003290,2025-05-18,2,15.8,0.0,31.0,8227.0,0.22,clear
WTH_00003291,2025-05-18,3,18.1,0.0,4.8,11181.0,0.4,clear
WTH_00003292,2025-05-18,4,17.1,0.0,5.0,6448.0,0.24,clear
WTH_00003293,2025-05-18,5,15.3,0.0,20.9,6492.0,0.47,clear
WTH_00003294,2025-05-18,6,13.1,0.0,18.1,8562.0,0.06,clear
WTH_00003295,2025-05-18,7,8.2,0.0,8.1,9865.0,0.15,clear
WTH_00003296,2025-05-18,8,12.5,0.0,43.2,10332.0,0.26,clear
WTH_00003297,2025-05-18,9,14.8,0.0,3.8,11556.0,0.21,clear
WTH_00003298,2025-05-18,10,12.1,0.0,12.2,9961.0,0.82,cloudy
WTH_00003299,2025-05-18,11,15.0,0.0,17.9,11931.0,0.45,clear
WTH_00003300,2025-05-18,12,12.0,0.0,9.3,8606.0,0.15,clear
WTH_00003301,2025-05-18,13,8.1,0.0,20.7,11363.0,0.42,clear
WTH_00003302,2025-05-18,14,7.4,0.0,14.5,11823.0,0.61,cloudy
WTH_00003303,2025-05-18,15,8.7,0.0,6.9,6617.0,0.32,clear
WTH_00003304,2025-05-18,16,10.1,0.0,21.0,6082.0,0.4,clear
WTH_00003305,2025-05-18,17,11.1,0.0,2.5,10125.0,0.31,clear
WTH_00003306,2025-05-18,18,7.3,0.0,13.3,10793.0,0.31,clear
WTH_00003307,2025-05-18,19,12.3,0.0,6.6,6351.0,0.08,clear
WTH_00003308,2025-05-18,20,14.6,0.0,10.7,11322.0,0.04,clear
WTH_00003309,2025-05-18,21,13.2,0.0,7.0,9559.0,0.34,clear
WTH_00003310,2025-05-18,22,15.3,0.0,9.5,11566.0,0.27,clear
WTH_00003311,2025-05-18,23,15.4,0.0,13.6,6706.0,0.28,clear
WTH_00003312,2025-05-19,0,16.2,0.0,6.7,6897.0,0.31,clear
WTH_00003313,2025-05-19,1,17.5,0.0,7.0,11338.0,0.34,clear
WTH_00003314,2025-05-19,2,18.2,0.0,17.7,7679.0,0.3,clear
WTH_00003315,2025-05-19,3,18.4,0.0,12.0,11977.0,0.67,cloudy
WTH_00003316,2025-05-19,4,18.7,0.0,4.3,10953.0,0.2,clear
WTH_00003317,2025-05-19,5,13.9,0.0,9.8,6495.0,0.64,cloudy
WTH_00003318,2025-05-19,6,15.4,0.0,8.5,7664.0,0.42,clear
WTH_00003319,2025-05-19,7,18.4,0.0,3.1,9734.0,0.14,clear
WTH_00003320,2025-05-19,8,11.1,0.0,9.5,8103.0,0.2,clear
WTH_00003321,2025-05-19,9,11.9,0.0,6.6,10602.0,0.41,clear
WTH_00003322,2025-05-19,10,7.3,0.0,14.4,6128.0,0.31,clear
WTH_00003323,2025-05-19,11,10.6,0.0,7.2,9764.0,0.24,clear
WTH_00003324,2025-05-19,12,11.8,0.0,15.5,11510.0,0.2,clear
WTH_00003325,2025-05-19,13,7.6,0.0,1.6,8790.0,0.27,clear
WTH_00003326,2025-05-19,14,9.8,0.0,8.4,6691.0,0.26,clear
WTH_00003327,2025-05-19,15,6.2,0.0,8.3,7852.0,0.58,clear
WTH_00003328,2025-05-19,16,9.9,0.0,15.6,9755.0,0.2,clear
WTH_00003329,2025-05-19,17,8.5,0.0,44.4,6599.0,0.17,clear
WTH_00003330,2025-05-19,18,11.6,0.0,21.6,9023.0,0.06,clear
WTH_00003331,2025-05-19,19,9.7,0.0,8.3,6031.0,0.11,clear
WTH_00003332,2025-05-19,20,10.5,0.0,14.7,10184.0,0.17,clear
WTH_00003333,2025-05-19,21,12.8,2.81,13.0,2723.0,0.75,rain
WTH_00003334,2025-05-19,22,13.5,0.0,7.1,7462.0,0.36,clear
WTH_00003335,2025-05-19,23,15.0,0.0,12.1,8891.0,0.18,clear
WTH_00003336,2025-05-20,0,15.9,0.0,8.6,6925.0,0.11,clear
WTH_00003337,2025-05-20,1,17.3,0.0,32.8,6690.0,0.08,clear
WTH_00003338,2025-05-20,2,19.9,0.0,9.0,9133.0,0.2,clear
WTH_00003339,2025-05-20,3,16.6,0.0,25.4,8259.0,0.34,clear
WTH_00003340,2025-05-20,4,17.7,0.0,25.4,8953.0,0.16,clear
WTH_00003341,2025-05-20,5,17.2,0.0,6.2,10640.0,0.16,clear
WTH_00003342,2025-05-20,6,17.7,0.0,18.3,9902.0,0.01,clear
WTH_00003343,2025-05-20,7,13.2,0.0,5.1,8981.0,0.78,cloudy
WTH_00003344,2025-05-20,8,13.1,0.0,1.2,11344.0,0.32,clear
WTH_00003345,2025-05-20,9,12.6,0.0,42.1,6693.0,0.25,clear
WTH_00003346,2025-05-20,10,10.8,0.0,16.4,6309.0,0.16,clear
WTH_00003347,2025-05-20,11,11.5,0.0,30.0,7247.0,0.39,clear
WTH_00003348,2025-05-20,12,7.0,0.0,17.1,564.0,0.14,fog
WTH_00003349,2025-05-20,13,9.4,0.0,4.9,9778.0,0.18,clear
WTH_00003350,2025-05-20,14,12.4,0.0,24.9,7643.0,0.38,clear
WTH_00003351,2025-05-20,15,8.7,0.0,7.0,11702.0,0.3,clear
WTH_00003352,2025-05-20,16,5.7,0.0,32.9,10704.0,0.46,clear
WTH_00003353,2025-05-20,17,10.9,0.0,11.6,470.0,0.55,fog
WTH_00003354,2025-05-20,18,11.6,0.0,29.1,8707.0,0.23,clear
WTH_00003355,2025-05-20,19,13.0,0.0,8.7,11387.0,0.27,clear
WTH_00003356,2025-05-20,20,10.5,0.0,10.3,10799.0,0.21,clear
WTH_00003357,2025-05-20,21,12.2,0.0,34.3,7211.0,0.17,clear
WTH_00003358,2025-05-20,22,11.8,0.0,13.9,11969.0,0.23,clear
WTH_00003359,2025-05-20,23,19.5,0.0,15.9,9876.0,0.33,clear
WTH_00003360,2025-05-21,0,14.9,0.0,6.5,10740.0,0.39,clear
WTH_00003361,2025-05-21,1,12.8,0.0,20.8,9722.0,0.26,clear
WTH_00003362,2025-05-21,2,14.7,0.0,10.4,8399.0,0.15,clear
WTH_00003363,2025-05-21,3,16.7,0.0,3.2,10401.0,0.48,clear
WTH_00003364,2025-05-21,4,16.5,0.0,1.4,7765.0,0.18,clear
WTH_00003365,2025-05-21,5,14.2,0.0,13.3,9765.0,0.19,clear
WTH_00003366,2025-05-21,6,17.5,0.0,3.5,11921.0,0.31,clear
WTH_00003367,2025-05-21,7,13.3,0.0,4.6,9366.0,0.57,clear
WTH_00003368,2025-05-21,8,12.5,6.41,6.3,2097.0,0.48,rain
WTH_00003369,2025-05-21,9,15.4,0.0,9.0,11896.0,0.76,cloudy
WTH_00003370,2025-05-21,10,14.1,0.0,10.2,11778.0,0.25,clear
WTH_00003371,2025-05-21,11,10.5,0.0,17.9,300.0,0.23,fog
WTH_00003372,2025-05-21,12,9.3,0.0,13.0,10004.0,0.57,clear
WTH_00003373,2025-05-21,13,8.1,0.0,8.3,8235.0,0.26,clear
WTH_00003374,2025-05-21,14,10.4,0.0,10.2,6519.0,0.45,clear
WTH_00003375,2025-05-21,15,8.6,0.0,14.3,10561.0,0.47,clear
WTH_00003376,2025-05-21,16,9.5,0.0,3.1,9475.0,0.16,clear
WTH_00003377,2025-05-21,17,7.9,0.0,11.3,7241.0,0.22,clear
WTH_00003378,2025-05-21,18,15.0,0.0,33.1,8196.0,0.33,clear
WTH_00003379,2025-05-21,19,12.6,0.0,0.9,8198.0,0.53,clear
WTH_00003380,2025-05-21,20,13.7,0.0,13.4,490.0,0.41,fog
WTH_00003381,2025-05-21,21,11.9,0.0,7.8,8934.0,0.17,clear
WTH_00003382,2025-05-21,22,13.1,0.0,3.1,9294.0,0.13,clear
WTH_00003383,2025-05-21,23,14.8,0.0,15.6,8318.0,0.21,clear
WTH_00003384,2025-05-22,0,14.8,0.0,9.0,6002.0,0.48,clear
WTH_00003385,2025-05-22,1,14.2,0.0,39.2,1111.0,0.49,fog
WTH_00003386,2025-05-22,2,15.1,0.0,11.7,6463.0,0.27,clear
WTH_00003387,2025-05-22,3,15.9,0.0,12.9,7143.0,0.5,clear
WTH_00003388,2025-05-22,4,18.1,0.0,12.1,11215.0,0.4,clear
WTH_00003389,2025-05-22,5,14.2,0.0,5.8,9813.0,0.18,clear
WTH_00003390,2025-05-22,6,11.4,0.0,17.2,10911.0,0.11,clear
WTH_00003391,2025-05-22,7,14.3,0.0,13.5,11844.0,0.22,clear
WTH_00003392,2025-05-22,8,12.8,0.0,2.0,8550.0,0.42,clear
WTH_00003393,2025-05-22,9,13.9,0.0,6.5,11648.0,0.27,clear
WTH_00003394,2025-05-22,10,9.8,0.0,15.9,6596.0,0.17,clear
WTH_00003395,2025-05-22,11,14.1,0.0,2.9,11658.0,0.18,clear
WTH_00003396,2025-05-22,12,7.9,0.0,7.2,7630.0,0.66,cloudy
WTH_00003397,2025-05-22,13,10.3,0.0,1.7,9119.0,0.5,clear
WTH_00003398,2025-05-22,14,9.1,0.0,5.3,7845.0,0.39,clear
WTH_00003399,2025-05-22,15,10.8,0.0,2.7,693.0,0.13,fog
WTH_00003400,2025-05-22,16,8.6,0.0,27.0,11025.0,0.25,clear
WTH_00003401,2025-05-22,17,11.4,7.62,5.6,1240.0,0.85,rain
WTH_00003402,2025-05-22,18,8.8,0.0,7.0,8196.0,0.12,clear
WTH_00003403,2025-05-22,19,9.4,0.0,18.7,8880.0,0.13,clear
WTH_00003404,2025-05-22,20,14.0,0.0,20.6,8503.0,0.65,cloudy
WTH_00003405,2025-05-22,21,11.0,0.0,15.1,6432.0,0.46,clear
WTH_00003406,2025-05-22,22,14.3,0.0,6.5,10179.0,0.36,clear
WTH_00003407,2025-05-22,23,14.4,0.0,10.2,6099.0,0.04,clear
WTH_00003408,2025-05-23,0,16.4,0.0,16.3,7822.0,0.09,clear
WTH_00003409,2025-05-23,1,13.6,0.0,8.8,6950.0,0.04,clear
WTH_00003410,2025-05-23,2,15.1,0.0,9.7,10828.0,0.27,clear
WTH_00003411,2025-05-23,3,14.4,0.0,4.9,11328.0,0.23,clear
WTH_00003412,2025-05-23,4,13.8,0.0,5.2,10523.0,0.43,clear
WTH_00003413,2025-05-23,5,12.6,0.0,8.3,10045.0,0.32,clear
WTH_00003414,2025-05-23,6,16.9,0.0,9.4,6062.0,0.11,clear
WTH_00003415,2025-05-23,7,14.8,0.0,2.6,6223.0,0.12,clear
WTH_00003416,2025-05-23,8,16.2,0.0,1.8,9932.0,0.11,clear
WTH_00003417,2025-05-23,9,11.2,0.0,13.6,11353.0,0.3,clear
WTH_00003418,2025-05-23,10,10.0,0.0,3.8,8015.0,0.43,clear
WTH_00003419,2025-05-23,11,12.1,0.0,12.1,10485.0,0.27,clear
WTH_00003420,2025-05-23,12,9.7,0.0,4.6,11792.0,0.35,clear
WTH_00003421,2025-05-23,13,9.1,0.0,10.4,8180.0,0.46,clear
WTH_00003422,2025-05-23,14,9.6,17.02,4.6,855.0,0.8,rain
WTH_00003423,2025-05-23,15,7.4,0.0,16.1,6028.0,0.73,cloudy
WTH_00003424,2025-05-23,16,8.7,0.0,22.7,7419.0,0.16,clear
WTH_00003425,2025-05-23,17,8.3,0.0,12.8,11780.0,0.3,clear
WTH_00003426,2025-05-23,18,9.8,0.0,31.1,6054.0,0.61,cloudy
WTH_00003427,2025-05-23,19,14.3,0.0,6.7,11893.0,0.19,clear
WTH_00003428,2025-05-23,20,12.8,0.0,5.8,9640.0,0.13,clear
WTH_00003429,2025-05-23,21,11.6,0.0,10.0,6581.0,0.54,clear
WTH_00003430,2025-05-23,22,12.7,0.0,6.9,8380.0,0.39,clear
WTH_00003431,2025-05-23,23,16.5,0.0,4.4,11087.0,0.26,clear
WTH_00003432,2025-05-24,0,13.2,0.0,17.5,7888.0,0.54,clear
WTH_00003433,2025-05-24,1,16.2,0.0,25.2,6855.0,0.46,clear
WTH_00003434,2025-05-24,2,15.9,0.0,9.3,6657.0,0.32,clear
WTH_00003435,2025-05-24,3,18.8,0.0,16.0,7059.0,0.24,clear
WTH_00003436,2025-05-24,4,20.3,0.0,7.5,7755.0,0.52,clear
WTH_00003437,2025-05-24,5,18.0,0.0,11.3,9231.0,0.23,clear
WTH_00003438,2025-05-24,6,16.4,0.0,3.2,8753.0,0.22,clear
WTH_00003439,2025-05-24,7,13.6,0.0,7.2,8346.0,0.76,cloudy
WTH_00003440,2025-05-24,8,13.3,0.0,2.1,7320.0,0.3,clear
WTH_00003441,2025-05-24,9,9.1,0.0,17.2,8148.0,0.17,clear
WTH_00003442,2025-05-24,10,14.0,0.0,3.5,10062.0,0.4,clear
WTH_00003443,2025-05-24,11,8.0,0.0,4.0,11767.0,0.23,clear
WTH_00003444,2025-05-24,12,12.1,0.0,14.7,10430.0,0.13,clear
WTH_00003445,2025-05-24,13,9.4,0.0,15.3,11792.0,0.04,clear
WTH_00003446,2025-05-24,14,10.4,7.16,5.4,2072.0,0.53,rain
WTH_00003447,2025-05-24,15,11.6,0.0,19.8,8063.0,0.52,clear
WTH_00003448,2025-05-24,16,7.8,0.0,21.1,8952.0,0.21,clear
WTH_00003449,2025-05-24,17,10.8,0.0,3.7,8859.0,0.23,clear
WTH_00003450,2025-05-24,18,12.3,0.0,14.7,9287.0,0.24,clear
WTH_00003451,2025-05-24,19,10.7,0.0,13.1,10254.0,0.68,cloudy
WTH_00003452,2025-05-24,20,14.1,0.0,4.9,9814.0,0.51,clear
WTH_00003453,2025-05-24,21,13.3,0.0,35.9,10865.0,0.3,clear
WTH_00003454,2025-05-24,22,10.2,0.0,15.3,9413.0,0.38,clear
WTH_00003455,2025-05-24,23,16.0,0.0,14.4,6273.0,0.03,clear
WTH_00003456,2025-05-25,0,14.0,0.0,7.7,9295.0,0.29,clear
WTH_00003457,2025-05-25,1,16.2,0.0,17.1,11404.0,0.3,clear
WTH_00003458,2025-05-25,2,20.4,0.0,22.2,11029.0,0.52,clear
WTH_00003459,2025-05-25,3,21.9,0.0,4.7,11581.0,0.25,clear
WTH_00003460,2025-05-25,4,13.9,0.0,31.4,6392.0,0.42,clear
WTH_00003461,2025-05-25,5,19.5,0.0,14.1,10812.0,0.47,clear
WTH_00003462,2025-05-25,6,13.7,0.0,3.1,8801.0,0.28,clear
WTH_00003463,2025-05-25,7,15.8,0.0,3.6,6151.0,0.07,clear
WTH_00003464,2025-05-25,8,15.8,0.0,14.2,11324.0,0.37,clear
WTH_00003465,2025-05-25,9,12.7,0.0,12.0,11942.0,0.9,cloudy
WTH_00003466,2025-05-25,10,14.7,0.0,13.9,7021.0,0.55,clear
WTH_00003467,2025-05-25,11,7.9,0.0,10.7,6335.0,0.41,clear
WTH_00003468,2025-05-25,12,12.4,0.0,2.8,10648.0,0.31,clear
WTH_00003469,2025-05-25,13,10.4,0.0,10.4,11339.0,0.59,clear
WTH_00003470,2025-05-25,14,8.6,0.0,10.1,11174.0,0.52,clear
WTH_00003471,2025-05-25,15,11.2,0.0,21.1,10196.0,0.48,clear
WTH_00003472,2025-05-25,16,9.1,1.64,3.8,3635.0,0.59,rain
WTH_00003473,2025-05-25,17,6.7,0.0,6.7,10813.0,0.27,clear
WTH_00003474,2025-05-25,18,10.5,0.0,42.2,6122.0,0.15,clear
WTH_00003475,2025-05-25,19,10.1,0.0,21.7,9063.0,0.3,clear
WTH_00003476,2025-05-25,20,11.0,0.0,16.9,8556.0,0.24,clear
WTH_00003477,2025-05-25,21,15.9,0.0,4.5,10205.0,0.18,clear
WTH_00003478,2025-05-25,22,16.7,0.0,15.5,9372.0,0.24,clear
WTH_00003479,2025-05-25,23,17.3,0.0,11.4,9656.0,0.78,cloudy
WTH_00003480,2025-05-26,0,15.8,0.0,7.1,9592.0,0.41,clear
WTH_00003481,2025-05-26,1,15.8,0.0,16.3,9007.0,0.22,clear
WTH_00003482,2025-05-26,2,17.8,0.0,11.9,6051.0,0.41,clear
WTH_00003483,2025-05-26,3,16.8,0.0,18.8,9407.0,0.45,clear
WTH_00003484,2025-05-26,4,16.7,20.47,6.5,2881.0,0.68,rain
WTH_00003485,2025-05-26,5,15.0,0.0,20.7,9382.0,0.46,clear
WTH_00003486,2025-05-26,6,15.6,0.0,7.7,9565.0,0.46,clear
WTH_00003487,2025-05-26,7,16.0,3.49,9.2,2655.0,0.62,rain
WTH_00003488,2025-05-26,8,14.3,0.0,17.2,8606.0,0.11,clear
WTH_00003489,2025-05-26,9,14.2,0.0,26.7,7445.0,0.24,clear
WTH_00003490,2025-05-26,10,9.5,0.0,27.4,6979.0,0.5,clear
WTH_00003491,2025-05-26,11,7.7,0.0,32.8,11522.0,0.63,cloudy
WTH_00003492,2025-05-26,12,11.4,0.0,6.0,8993.0,0.51,clear
WTH_00003493,2025-05-26,13,8.9,0.0,9.6,11382.0,0.38,clear
WTH_00003494,2025-05-26,14,8.6,0.0,33.8,11546.0,0.35,clear
WTH_00003495,2025-05-26,15,10.5,0.0,42.4,10716.0,0.54,clear
WTH_00003496,2025-05-26,16,11.1,0.0,14.2,8888.0,0.37,clear
WTH_00003497,2025-05-26,17,8.7,0.0,4.7,7184.0,0.91,cloudy
WTH_00003498,2025-05-26,18,8.8,0.0,8.8,8165.0,0.35,clear
WTH_00003499,2025-05-26,19,12.0,0.0,18.9,8062.0,0.46,clear
WTH_00003500,2025-05-26,20,5.8,0.0,23.6,7720.0,0.64,cloudy
WTH_00003501,2025-05-26,21,13.1,0.0,10.6,9112.0,0.65,cloudy
WTH_00003502,2025-05-26,22,14.5,0.0,7.0,6141.0,0.42,clear
WTH_00003503,2025-05-26,23,17.5,0.0,12.5,6866.0,0.47,clear
WTH_00003504,2025-05-27,0,16.0,0.0,10.8,8129.0,0.2,clear
WTH_00003505,2025-05-27,1,19.3,0.0,8.4,11821.0,0.12,clear
WTH_00003506,2025-05-27,2,14.9,0.0,8.0,6583.0,0.45,clear
WTH_00003507,2025-05-27,3,14.4,0.0,12.2,6526.0,0.19,clear
WTH_00003508,2025-05-27,4,14.8,0.0,8.9,7410.0,0.66,cloudy
WTH_00003509,2025-05-27,5,13.3,0.0,41.9,7502.0,0.38,clear
WTH_00003510,2025-05-27,6,19.5,0.0,11.8,6806.0,0.67,cloudy
WTH_00003511,2025-05-27,7,15.7,0.0,8.3,8212.0,0.15,clear
WTH_00003512,2025-05-27,8,14.6,0.0,24.2,9056.0,0.17,clear
WTH_00003513,2025-05-27,9,15.2,0.0,8.1,9286.0,0.58,clear
WTH_00003514,2025-05-27,10,12.8,0.0,6.0,10109.0,0.42,clear
WTH_00003515,2025-05-27,11,11.5,0.0,2.0,10369.0,0.43,clear
WTH_00003516,2025-05-27,12,12.0,0.0,3.9,10395.0,0.04,clear
WTH_00003517,2025-05-27,13,10.7,0.0,5.2,211.0,0.17,fog
WTH_00003518,2025-05-27,14,11.7,0.0,20.0,9371.0,0.36,clear
WTH_00003519,2025-05-27,15,9.9,0.0,12.3,335.0,0.23,fog
WTH_00003520,2025-05-27,16,4.4,11.76,8.7,2708.0,0.51,rain
WTH_00003521,2025-05-27,17,11.7,0.0,4.4,10787.0,0.62,cloudy
WTH_00003522,2025-05-27,18,14.0,0.0,12.6,6346.0,0.44,clear
WTH_00003523,2025-05-27,19,10.1,0.0,6.9,10736.0,0.29,clear
WTH_00003524,2025-05-27,20,13.7,0.0,8.9,6729.0,0.34,clear
WTH_00003525,2025-05-27,21,15.2,0.0,17.0,9103.0,0.42,clear
WTH_00003526,2025-05-27,22,16.4,0.0,15.5,7595.0,0.44,clear
WTH_00003527,2025-05-27,23,15.3,0.0,2.1,6942.0,0.78,cloudy
WTH_00003528,2025-05-28,0,18.7,0.0,7.2,9861.0,0.18,clear
WTH_00003529,2025-05-28,1,16.3,0.0,8.7,7011.0,0.14,clear
WTH_00003530,2025-05-28,2,15.1,0.0,10.5,7528.0,0.12,clear
WTH_00003531,2025-05-28,3,15.2,0.0,0.9,10814.0,0.21,clear
WTH_00003532,2025-05-28,4,16.6,0.0,20.6,8702.0,0.31,clear
WTH_00003533,2025-05-28,5,18.1,0.0,19.9,6919.0,0.11,clear
WTH_00003534,2025-05-28,6,14.8,0.0,7.4,9958.0,0.29,clear
WTH_00003535,2025-05-28,7,13.6,0.0,23.2,11862.0,0.16,clear
WTH_00003536,2025-05-28,8,15.3,0.0,3.9,8931.0,0.13,clear
WTH_00003537,2025-05-28,9,12.3,0.0,1.9,10975.0,0.38,clear
WTH_00003538,2025-05-28,10,10.4,0.0,4.6,11237.0,0.21,clear
WTH_00003539,2025-05-28,11,13.2,0.0,11.8,7879.0,0.37,clear
WTH_00003540,2025-05-28,12,6.5,0.0,12.6,11224.0,0.18,clear
WTH_00003541,2025-05-28,13,10.5,0.0,13.2,8267.0,0.05,clear
WTH_00003542,2025-05-28,14,10.7,0.0,9.5,9982.0,0.56,clear
WTH_00003543,2025-05-28,15,7.1,0.0,11.0,566.0,0.1,fog
WTH_00003544,2025-05-28,16,4.2,0.0,6.5,10459.0,0.33,clear
WTH_00003545,2025-05-28,17,12.5,0.0,6.9,6537.0,0.18,clear
WTH_00003546,2025-05-28,18,9.8,0.0,16.2,9811.0,0.44,clear
WTH_00003547,2025-05-28,19,14.2,0.0,22.0,8461.0,0.1,clear
WTH_00003548,2025-05-28,20,9.2,0.0,14.7,9314.0,0.27,clear
WTH_00003549,2025-05-28,21,12.4,0.0,12.6,10215.0,0.57,clear
WTH_00003550,2025-05-28,22,14.2,0.0,7.0,10879.0,0.39,clear
WTH_00003551,2025-05-28,23,12.8,0.0,40.6,8747.0,0.41,clear
WTH_00003552,2025-05-29,0,18.9,0.0,4.2,9428.0,0.24,clear
WTH_00003553,2025-05-29,1,13.9,0.0,6.9,10266.0,0.58,clear
WTH_00003554,2025-05-29,2,15.8,0.0,26.3,9069.0,0.24,clear
WTH_00003555,2025-05-29,3,19.6,0.0,9.5,8205.0,0.07,clear
WTH_00003556,2025-05-29,4,20.3,0.0,7.6,9870.0,0.53,clear
WTH_00003557,2025-05-29,5,18.9,0.0,6.0,10924.0,0.68,cloudy
WTH_00003558,2025-05-29,6,14.9,0.0,7.7,11504.0,0.13,clear
WTH_00003559,2025-05-29,7,17.7,0.0,40.4,11525.0,0.18,clear
WTH_00003560,2025-05-29,8,11.9,8.07,27.8,1645.0,0.93,rain
WTH_00003561,2025-05-29,9,14.4,0.0,7.7,6958.0,0.37,clear
WTH_00003562,2025-05-29,10,9.6,0.0,16.6,8474.0,0.64,cloudy
WTH_00003563,2025-05-29,11,15.5,0.0,6.8,6744.0,0.4,clear
WTH_00003564,2025-05-29,12,7.5,0.0,13.1,6590.0,0.13,clear
WTH_00003565,2025-05-29,13,9.7,0.0,25.8,8252.0,0.2,clear
WTH_00003566,2025-05-29,14,8.2,0.0,17.0,1047.0,0.29,fog
WTH_00003567,2025-05-29,15,8.9,0.0,24.1,8948.0,0.36,clear
WTH_00003568,2025-05-29,16,5.5,0.0,6.1,6455.0,0.28,clear
WTH_00003569,2025-05-29,17,8.9,0.0,38.7,8946.0,0.53,clear
WTH_00003570,2025-05-29,18,14.3,0.0,5.0,9149.0,0.7,cloudy
WTH_00003571,2025-05-29,19,10.2,0.0,18.9,11080.0,0.84,cloudy
WTH_00003572,2025-05-29,20,14.6,0.0,17.5,8869.0,0.41,clear
WTH_00003573,2025-05-29,21,9.2,0.0,0.9,10572.0,0.33,clear
WTH_00003574,2025-05-29,22,17.1,0.0,2.0,11559.0,0.14,clear
WTH_00003575,2025-05-29,23,13.7,0.0,13.6,9044.0,0.11,clear
WTH_00003576,2025-05-30,0,19.2,0.0,4.3,10912.0,0.44,clear
WTH_00003577,2025-05-30,1,16.9,0.0,12.7,9732.0,0.48,clear
WTH_00003578,2025-05-30,2,16.2,10.22,7.7,2596.0,0.57,rain
WTH_00003579,2025-05-30,3,13.8,0.0,51.9,6634.0,0.51,clear
WTH_00003580,2025-05-30,4,15.2,0.0,10.8,6586.0,0.26,clear
WTH_00003581,2025-05-30,5,17.0,0.0,11.4,7020.0,0.48,clear
WTH_00003582,2025-05-30,6,13.8,0.0,6.6,11093.0,0.2,clear
WTH_00003583,2025-05-30,7,15.4,0.0,3.7,10982.0,0.58,clear
WTH_00003584,2025-05-30,8,15.4,0.0,8.9,6168.0,0.32,clear
WTH_00003585,2025-05-30,9,13.3,0.0,21.8,7667.0,0.34,clear
WTH_00003586,2025-05-30,10,10.6,0.0,10.7,11691.0,0.37,clear
WTH_00003587,2025-05-30,11,8.0,0.0,3.1,8023.0,0.19,clear
WTH_00003588,2025-05-30,12,12.6,0.0,7.3,11916.0,0.35,clear
WTH_00003589,2025-05-30,13,7.4,0.0,3.2,6190.0,0.56,clear
WTH_00003590,2025-05-30,14,11.5,0.0,4.0,7410.0,0.38,clear
WTH_00003591,2025-05-30,15,10.6,0.0,11.7,10764.0,0.16,clear
WTH_00003592,2025-05-30,16,10.2,0.0,7.4,11016.0,0.34,clear
WTH_00003593,2025-05-30,17,8.2,0.0,14.0,6601.0,0.4,clear
WTH_00003594,2025-05-30,18,10.8,0.0,16.2,9110.0,0.23,clear
WTH_00003595,2025-05-30,19,8.3,3.41,18.9,3628.0,0.82,rain
WTH_00003596,2025-05-30,20,11.4,0.0,2.2,6459.0,0.29,clear
WTH_00003597,2025-05-30,21,17.5,0.0,6.5,11403.0,0.28,clear
WTH_00003598,2025-05-30,22,18.5,4.82,5.9,1441.0,0.92,rain
WTH_00003599,2025-05-30,23,15.4,0.0,6.8,9202.0,0.23,clear
WTH_00003600,2025-05-31,0,16.4,12.79,26.4,3636.0,1.0,storm
WTH_00003601,2025-05-31,1,19.7,5.38,21.7,2100.0,0.83,rain
WTH_00003602,2025-05-31,2,17.4,2.93,18.5,978.0,0.73,rain
WTH_00003603,2025-05-31,3,11.9,1.92,36.7,1029.0,0.68,rain
WTH_00003604,2025-05-31,4,15.8,7.41,21.9,2625.0,0.68,rain
WTH_00003605,2025-05-31,5,17.4,5.69,34.2,3850.0,0.57,rain
WTH_00003606,2025-05-31,6,16.8,4.81,26.0,935.0,0.55,rain
WTH_00003607,2025-05-31,7,16.7,3.03,19.0,3877.0,0.43,rain
WTH_00003608,2025-05-31,8,13.8,6.6,38.4,2157.0,0.9,rain
WTH_00003609,2025-05-31,9,13.6,6.4,29.7,3166.0,0.68,rain
WTH_00003610,2025-05-31,10,9.7,1.53,21.9,1910.0,0.94,rain
WTH_00003611,2025-05-31,11,8.4,4.6,17.2,3842.0,0.84,rain
WTH_00003612,2025-05-31,12,12.8,5.93,35.6,1414.0,0.78,rain
WTH_00003613,2025-05-31,13,8.6,4.87,23.6,1502.0,0.88,rain
WTH_00003614,2025-05-31,14,9.0,5.59,23.5,3240.0,0.65,rain
WTH_00003615,2025-05-31,15,8.5,7.32,27.1,1556.0,0.55,rain
WTH_00003616,2025-05-31,16,11.2,2.57,37.4,1885.0,1.0,rain
WTH_00003617,2025-05-31,17,10.1,2.63,20.9,1510.0,0.65,rain
WTH_00003618,2025-05-31,18,10.0,2.13,15.9,947.0,0.67,rain
WTH_00003619,2025-05-31,19,12.5,4.89,22.4,3884.0,0.68,rain
WTH_00003620,2025-05-31,20,12.0,3.84,23.0,1267.0,0.68,rain
WTH_00003621,2025-05-31,21,11.4,4.65,39.1,2201.0,0.49,rain
WTH_00003622,2025-05-31,22,10.2,8.08,23.5,2637.0,0.98,storm
WTH_00003623,2025-05-31,23,13.8,12.98,25.2,3558.0,0.88,storm
WTH_00003624,2025-06-01,0,28.0,0.0,2.3,7318.0,0.33,clear
WTH_00003625,2025-06-01,1,28.5,3.51,6.4,2555.0,0.82,rain
WTH_00003626,2025-06-01,2,26.8,0.0,24.6,7519.0,0.27,clear
WTH_00003627,2025-06-01,3,31.8,0.0,3.5,10608.0,0.4,clear
WTH_00003628,2025-06-01,4,28.9,0.0,9.8,11390.0,0.26,clear
WTH_00003629,2025-06-01,5,27.5,0.0,6.9,9006.0,0.52,clear
WTH_00003630,2025-06-01,6,27.8,0.0,17.0,6977.0,0.4,clear
WTH_00003631,2025-06-01,7,27.3,0.0,31.7,7494.0,0.28,clear
WTH_00003632,2025-06-01,8,27.0,0.0,4.6,6994.0,0.44,clear
WTH_00003633,2025-06-01,9,23.6,0.0,8.0,8295.0,0.09,clear
WTH_00003634,2025-06-01,10,23.1,0.0,7.2,8644.0,0.31,clear
WTH_00003635,2025-06-01,11,23.4,0.0,7.4,6496.0,0.16,clear
WTH_00003636,2025-06-01,12,22.2,0.0,6.9,10633.0,0.41,clear
WTH_00003637,2025-06-01,13,23.4,0.0,10.6,6989.0,0.61,cloudy
WTH_00003638,2025-06-01,14,23.8,0.0,11.3,11517.0,0.07,clear
WTH_00003639,2025-06-01,15,20.7,0.0,9.6,11942.0,0.26,clear
WTH_00003640,2025-06-01,16,20.6,1.56,8.9,3024.0,0.77,rain
WTH_00003641,2025-06-01,17,22.0,0.0,10.9,7423.0,0.23,clear
WTH_00003642,2025-06-01,18,23.7,0.0,18.6,6810.0,0.3,clear
WTH_00003643,2025-06-01,19,26.2,0.0,4.2,9810.0,0.21,clear
WTH_00003644,2025-06-01,20,28.6,0.0,10.0,7190.0,0.4,clear
WTH_00003645,2025-06-01,21,24.3,0.0,13.7,6858.0,0.33,clear
WTH_00003646,2025-06-01,22,28.2,0.0,17.2,881.0,0.15,fog
WTH_00003647,2025-06-01,23,30.4,0.0,8.7,11384.0,0.3,clear
WTH_00003648,2025-06-02,0,27.6,4.84,36.8,2134.0,0.55,rain
WTH_00003649,2025-06-02,1,32.6,13.73,46.6,1630.0,0.52,storm
WTH_00003650,2025-06-02,2,29.8,1.99,24.6,1422.0,0.74,rain
WTH_00003651,2025-06-02,3,29.2,1.55,20.4,2188.0,0.63,rain
WTH_00003652,2025-06-02,4,32.6,11.43,21.3,2215.0,0.67,storm
WTH_00003653,2025-06-02,5,32.1,2.69,19.5,2205.0,0.59,rain
WTH_00003654,2025-06-02,6,28.2,6.29,30.6,3425.0,0.9,rain
WTH_00003655,2025-06-02,7,31.4,0.71,38.9,3327.0,0.43,rain
WTH_00003656,2025-06-02,8,24.5,1.72,31.4,2667.0,0.76,rain
WTH_00003657,2025-06-02,9,26.2,10.55,24.6,1628.0,0.71,storm
WTH_00003658,2025-06-02,10,24.3,6.25,23.9,2819.0,1.0,rain
WTH_00003659,2025-06-02,11,24.6,2.59,23.3,2231.0,0.52,rain
WTH_00003660,2025-06-02,12,25.6,12.28,23.4,1347.0,0.61,storm
WTH_00003661,2025-06-02,13,24.9,8.97,31.8,1513.0,0.58,storm
WTH_00003662,2025-06-02,14,20.9,4.05,26.0,2995.0,0.6,rain
WTH_00003663,2025-06-02,15,22.9,3.07,23.7,2687.0,1.0,rain
WTH_00003664,2025-06-02,16,24.2,7.89,17.2,3606.0,0.72,rain
WTH_00003665,2025-06-02,17,27.5,4.88,27.2,1316.0,0.74,rain
WTH_00003666,2025-06-02,18,24.8,2.28,16.9,1579.0,0.77,rain
WTH_00003667,2025-06-02,19,23.7,3.05,23.9,3756.0,0.72,rain
WTH_00003668,2025-06-02,20,24.4,9.45,24.4,2126.0,0.64,storm
WTH_00003669,2025-06-02,21,26.5,4.57,43.4,859.0,0.78,rain
WTH_00003670,2025-06-02,22,26.0,1.48,20.1,895.0,0.76,rain
WTH_00003671,2025-06-02,23,29.3,10.93,37.3,2548.0,0.84,storm
WTH_00003672,2025-06-03,0,30.3,0.0,15.3,6941.0,0.35,clear
WTH_00003673,2025-06-03,1,28.4,0.0,15.5,9554.0,0.64,cloudy
WTH_00003674,2025-06-03,2,30.1,5.95,11.7,1776.0,0.53,rain
WTH_00003675,2025-06-03,3,29.4,0.0,30.8,956.0,0.29,fog
WTH_00003676,2025-06-03,4,29.7,0.0,13.9,6027.0,0.51,clear
WTH_00003677,2025-06-03,5,26.4,0.0,3.2,9099.0,0.19,clear
WTH_00003678,2025-06-03,6,26.9,0.0,13.7,6489.0,0.51,clear
WTH_00003679,2025-06-03,7,30.0,0.0,15.6,915.0,0.48,fog
WTH_00003680,2025-06-03,8,30.3,0.0,9.0,1009.0,0.12,fog
WTH_00003681,2025-06-03,9,30.5,0.0,29.4,11492.0,0.38,clear
WTH_00003682,2025-06-03,10,27.3,0.0,15.2,7683.0,0.16,clear
WTH_00003683,2025-06-03,11,25.4,0.0,5.5,8951.0,0.03,clear
WTH_00003684,2025-06-03,12,21.6,0.0,15.2,7960.0,0.25,clear
WTH_00003685,2025-06-03,13,23.0,0.0,5.8,8508.0,0.35,clear
WTH_00003686,2025-06-03,14,24.3,0.0,15.8,10387.0,0.38,clear
WTH_00003687,2025-06-03,15,22.3,0.0,1.8,10158.0,0.28,clear
WTH_00003688,2025-06-03,16,18.0,0.0,1.1,11731.0,0.02,clear
WTH_00003689,2025-06-03,17,27.7,0.0,11.0,6021.0,0.13,clear
WTH_00003690,2025-06-03,18,20.0,5.33,24.7,1802.0,0.7,rain
WTH_00003691,2025-06-03,19,25.4,0.0,9.2,10245.0,0.1,clear
WTH_00003692,2025-06-03,20,24.9,0.0,7.1,7930.0,0.36,clear
WTH_00003693,2025-06-03,21,26.5,0.0,6.8,11998.0,0.29,clear
WTH_00003694,2025-06-03,22,28.9,0.0,6.4,11941.0,0.35,clear
WTH_00003695,2025-06-03,23,28.6,0.0,8.0,11189.0,0.06,clear
WTH_00003696,2025-06-04,0,31.7,0.0,9.3,8582.0,0.22,clear
WTH_00003697,2025-06-04,1,29.6,0.0,14.4,9068.0,0.71,cloudy
WTH_00003698,2025-06-04,2,31.5,0.0,16.5,11720.0,0.37,clear
WTH_00003699,2025-06-04,3,32.4,0.0,10.1,11747.0,0.38,clear
WTH_00003700,2025-06-04,4,27.9,0.0,9.5,7269.0,0.39,clear
WTH_00003701,2025-06-04,5,32.0,0.0,9.2,10897.0,0.77,cloudy
WTH_00003702,2025-06-04,6,26.2,0.0,24.4,10568.0,0.21,clear
WTH_00003703,2025-06-04,7,30.1,0.0,26.3,9934.0,0.42,clear
WTH_00003704,2025-06-04,8,26.6,0.0,9.3,10175.0,0.47,clear
WTH_00003705,2025-06-04,9,26.7,0.0,16.9,9512.0,0.45,clear
WTH_00003706,2025-06-04,10,25.1,0.0,10.7,10914.0,0.34,clear
WTH_00003707,2025-06-04,11,24.7,0.0,14.4,9453.0,0.32,clear
WTH_00003708,2025-06-04,12,24.1,0.0,15.4,10206.0,0.2,clear
WTH_00003709,2025-06-04,13,27.3,0.0,6.1,9696.0,0.41,clear
WTH_00003710,2025-06-04,14,17.0,0.0,10.2,6050.0,0.39,clear
WTH_00003711,2025-06-04,15,19.8,0.0,8.4,10289.0,0.16,clear
WTH_00003712,2025-06-04,16,23.0,0.0,7.9,9884.0,0.25,clear
WTH_00003713,2025-06-04,17,24.4,14.05,1.5,3402.0,0.58,rain
WTH_00003714,2025-06-04,18,18.9,0.0,7.1,8084.0,0.23,clear
WTH_00003715,2025-06-04,19,26.5,0.0,22.3,7932.0,0.28,clear
WTH_00003716,2025-06-04,20,27.6,0.0,8.9,9816.0,0.05,clear
WTH_00003717,2025-06-04,21,24.3,6.51,22.5,1698.0,0.95,rain
WTH_00003718,2025-06-04,22,30.1,0.0,33.7,9884.0,0.36,clear
WTH_00003719,2025-06-04,23,30.4,0.0,6.1,10631.0,0.19,clear
WTH_00003720,2025-06-05,0,30.1,0.0,12.0,7497.0,0.4,clear
WTH_00003721,2025-06-05,1,30.4,0.0,7.8,10345.0,0.49,clear
WTH_00003722,2025-06-05,2,30.4,0.0,6.6,11341.0,0.2,clear
WTH_00003723,2025-06-05,3,30.3,0.0,1.3,8676.0,0.13,clear
WTH_00003724,2025-06-05,4,30.0,0.0,14.7,6880.0,0.67,cloudy
WTH_00003725,2025-06-05,5,28.1,0.0,9.3,7264.0,0.21,clear
WTH_00003726,2025-06-05,6,28.0,0.0,7.4,7371.0,0.29,clear
WTH_00003727,2025-06-05,7,26.1,0.0,5.7,8173.0,0.14,clear
WTH_00003728,2025-06-05,8,23.3,0.0,26.5,9282.0,0.48,clear
WTH_00003729,2025-06-05,9,29.2,0.0,14.3,6128.0,0.75,cloudy
WTH_00003730,2025-06-05,10,25.9,0.0,9.7,6395.0,0.19,clear
WTH_00003731,2025-06-05,11,24.3,0.0,19.2,10364.0,0.45,clear
WTH_00003732,2025-06-05,12,22.6,0.0,17.2,6729.0,0.14,clear
WTH_00003733,2025-06-05,13,18.7,0.0,7.1,7408.0,0.21,clear
WTH_00003734,2025-06-05,14,21.5,0.0,31.9,6823.0,0.24,clear
WTH_00003735,2025-06-05,15,24.4,0.0,12.8,9012.0,0.03,clear
WTH_00003736,2025-06-05,16,18.0,0.0,31.8,10894.0,0.74,cloudy
WTH_00003737,2025-06-05,17,23.7,0.0,9.3,6609.0,0.08,clear
WTH_00003738,2025-06-05,18,22.0,0.0,7.4,6322.0,0.09,clear
WTH_00003739,2025-06-05,19,24.2,0.0,16.0,7554.0,0.34,clear
WTH_00003740,2025-06-05,20,22.9,0.0,16.4,11233.0,0.41,clear
WTH_00003741,2025-06-05,21,26.4,0.0,7.2,6627.0,0.22,clear
WTH_00003742,2025-06-05,22,27.8,0.0,27.8,11608.0,0.72,cloudy
WTH_00003743,2025-06-05,23,25.8,0.0,14.8,11290.0,0.52,clear
WTH_00003744,2025-06-06,0,27.9,0.0,3.4,927.0,0.23,fog
WTH_00003745,2025-06-06,1,29.6,0.0,15.7,7662.0,0.35,clear
WTH_00003746,2025-06-06,2,31.6,0.0,10.4,10291.0,0.16,clear
WTH_00003747,2025-06-06,3,30.6,0.0,28.2,10438.0,0.57,clear
WTH_00003748,2025-06-06,4,26.2,0.0,8.9,7823.0,0.69,cloudy
WTH_00003749,2025-06-06,5,29.9,0.0,37.3,7302.0,0.42,clear
WTH_00003750,2025-06-06,6,26.5,0.0,6.3,11532.0,0.41,clear
WTH_00003751,2025-06-06,7,28.5,0.0,21.3,6564.0,0.37,clear
WTH_00003752,2025-06-06,8,27.5,0.0,17.4,330.0,0.3,fog
WTH_00003753,2025-06-06,9,27.3,0.0,5.5,10153.0,0.24,clear
WTH_00003754,2025-06-06,10,27.2,7.08,10.7,3006.0,0.63,rain
WTH_00003755,2025-06-06,11,28.1,0.0,11.4,11171.0,0.17,clear
WTH_00003756,2025-06-06,12,22.7,0.0,12.5,9526.0,0.43,clear
WTH_00003757,2025-06-06,13,22.8,0.0,3.7,6470.0,0.17,clear
WTH_00003758,2025-06-06,14,23.5,0.0,26.0,10842.0,0.45,clear
WTH_00003759,2025-06-06,15,20.9,0.0,7.7,6714.0,0.51,clear
WTH_00003760,2025-06-06,16,22.3,0.0,17.0,10308.0,0.11,clear
WTH_00003761,2025-06-06,17,22.1,0.0,38.4,7317.0,0.71,cloudy
WTH_00003762,2025-06-06,18,25.7,0.0,8.3,9234.0,0.19,clear
WTH_00003763,2025-06-06,19,23.5,0.0,4.9,9394.0,0.58,clear
WTH_00003764,2025-06-06,20,27.0,0.0,3.2,11489.0,0.53,clear
WTH_00003765,2025-06-06,21,26.7,0.0,17.0,7158.0,0.24,clear
WTH_00003766,2025-06-06,22,26.6,0.0,12.4,7540.0,0.49,clear
WTH_00003767,2025-06-06,23,24.2,0.0,6.6,7478.0,0.54,clear
WTH_00003768,2025-06-07,0,30.2,0.0,4.6,6182.0,0.35,clear
WTH_00003769,2025-06-07,1,31.9,0.0,18.0,9921.0,0.64,cloudy
WTH_00003770,2025-06-07,2,32.4,0.0,15.3,10409.0,0.33,clear
WTH_00003771,2025-06-07,3,31.6,0.0,18.7,11617.0,0.47,clear
WTH_00003772,2025-06-07,4,29.7,0.0,40.9,7799.0,0.46,clear
WTH_00003773,2025-06-07,5,29.3,0.0,9.6,6443.0,0.31,clear
WTH_00003774,2025-06-07,6,28.6,0.0,5.2,11181.0,0.21,clear
WTH_00003775,2025-06-07,7,26.3,0.0,5.6,6181.0,0.43,clear
WTH_00003776,2025-06-07,8,26.1,0.0,9.5,11466.0,0.01,clear
WTH_00003777,2025-06-07,9,28.7,0.0,7.0,8703.0,0.47,clear
WTH_00003778,2025-06-07,10,24.8,0.0,5.2,11879.0,0.07,clear
WTH_00003779,2025-06-07,11,21.2,0.0,13.4,10731.0,0.2,clear
WTH_00003780,2025-06-07,12,20.6,0.0,10.9,7991.0,0.23,clear
WTH_00003781,2025-06-07,13,23.4,0.0,9.0,7921.0,0.35,clear
WTH_00003782,2025-06-07,14,23.0,0.0,7.7,11841.0,0.43,clear
WTH_00003783,2025-06-07,15,23.8,0.0,11.4,6088.0,0.36,clear
WTH_00003784,2025-06-07,16,21.9,0.0,19.3,11459.0,0.48,clear
WTH_00003785,2025-06-07,17,23.7,0.0,21.2,6913.0,0.1,clear
WTH_00003786,2025-06-07,18,21.8,0.0,4.2,8882.0,0.2,clear
WTH_00003787,2025-06-07,19,24.2,0.0,5.8,10530.0,0.48,clear
WTH_00003788,2025-06-07,20,24.8,0.0,23.7,6544.0,0.24,clear
WTH_00003789,2025-06-07,21,22.7,0.0,6.4,9968.0,0.13,clear
WTH_00003790,2025-06-07,22,29.3,0.0,14.4,10935.0,0.29,clear
WTH_00003791,2025-06-07,23,27.6,0.0,7.6,7708.0,0.17,clear
WTH_00003792,2025-06-08,0,27.7,0.0,14.8,11288.0,0.21,clear
WTH_00003793,2025-06-08,1,27.9,0.0,10.1,10763.0,0.33,clear
WTH_00003794,2025-06-08,2,31.7,0.0,12.3,7735.0,0.46,clear
WTH_00003795,2025-06-08,3,29.6,0.0,5.7,11244.0,0.56,clear
WTH_00003796,2025-06-08,4,29.2,0.0,17.5,6617.0,0.18,clear
WTH_00003797,2025-06-08,5,30.3,0.0,13.9,6455.0,0.38,clear
WTH_00003798,2025-06-08,6,27.1,0.0,17.7,11586.0,0.08,clear
WTH_00003799,2025-06-08,7,30.3,0.0,10.0,6954.0,0.21,clear
WTH_00003800,2025-06-08,8,29.3,0.0,4.7,10333.0,0.37,clear
WTH_00003801,2025-06-08,9,24.9,0.0,8.3,6369.0,0.12,clear
WTH_00003802,2025-06-08,10,24.8,0.0,9.2,11710.0,0.27,clear
WTH_00003803,2025-06-08,11,22.5,0.0,4.7,11761.0,0.3,clear
WTH_00003804,2025-06-08,12,20.7,3.58,12.6,1028.0,0.79,rain
WTH_00003805,2025-06-08,13,28.5,0.0,4.1,10214.0,0.64,cloudy
WTH_00003806,2025-06-08,14,20.2,0.0,5.9,6388.0,0.31,clear
WTH_00003807,2025-06-08,15,19.3,0.0,21.4,8304.0,0.43,clear
WTH_00003808,2025-06-08,16,16.3,0.0,2.9,9825.0,0.4,clear
WTH_00003809,2025-06-08,17,24.8,7.49,14.4,3684.0,0.76,rain
WTH_00003810,2025-06-08,18,20.7,0.0,12.3,9280.0,0.35,clear
WTH_00003811,2025-06-08,19,24.2,10.59,11.9,3981.0,0.92,rain
WTH_00003812,2025-06-08,20,24.5,0.0,8.4,8309.0,0.5,clear
WTH_00003813,2025-06-08,21,28.7,0.0,2.5,6059.0,0.4,clear
WTH_00003814,2025-06-08,22,26.7,0.0,23.1,9992.0,0.52,clear
WTH_00003815,2025-06-08,23,28.6,0.0,21.5,9502.0,0.46,clear
WTH_00003816,2025-06-09,0,26.0,0.0,9.7,6146.0,0.1,clear
WTH_00003817,2025-06-09,1,31.9,0.0,29.6,10001.0,0.13,clear
WTH_00003818,2025-06-09,2,28.4,0.0,3.6,10944.0,0.08,clear
WTH_00003819,2025-06-09,3,28.2,0.0,25.4,6591.0,0.26,clear
WTH_00003820,2025-06-09,4,28.5,0.0,21.4,7756.0,0.56,clear
WTH_00003821,2025-06-09,5,29.5,0.0,9.4,7667.0,0.6,cloudy
WTH_00003822,2025-06-09,6,32.4,0.0,11.2,7456.0,0.38,clear
WTH_00003823,2025-06-09,7,27.5,0.0,4.7,6648.0,0.34,clear
WTH_00003824,2025-06-09,8,27.2,0.0,13.3,7029.0,0.22,clear
WTH_00003825,2025-06-09,9,27.7,11.73,9.3,2980.0,0.58,rain
WTH_00003826,2025-06-09,10,23.2,0.0,1.3,9572.0,0.36,clear
WTH_00003827,2025-06-09,11,22.7,0.0,19.1,195.0,0.28,fog
WTH_00003828,2025-06-09,12,22.7,0.0,15.4,10199.0,0.23,clear
WTH_00003829,2025-06-09,13,21.8,0.0,5.1,8041.0,0.32,clear
WTH_00003830,2025-06-09,14,23.6,0.0,11.6,6109.0,0.61,cloudy
WTH_00003831,2025-06-09,15,21.3,0.0,12.4,9495.0,0.19,clear
WTH_00003832,2025-06-09,16,21.4,0.0,2.4,7363.0,0.37,clear
WTH_00003833,2025-06-09,17,22.8,0.0,20.8,8982.0,0.36,clear
WTH_00003834,2025-06-09,18,23.4,0.0,7.7,10775.0,0.36,clear
WTH_00003835,2025-06-09,19,22.1,0.0,8.5,6438.0,0.16,clear
WTH_00003836,2025-06-09,20,27.0,0.0,3.6,8357.0,0.29,clear
WTH_00003837,2025-06-09,21,24.3,0.0,17.7,8758.0,0.68,cloudy
WTH_00003838,2025-06-09,22,29.4,0.0,23.2,10986.0,0.42,clear
WTH_00003839,2025-06-09,23,27.9,0.0,7.6,9610.0,0.51,clear
WTH_00003840,2025-06-10,0,20.0,0.0,2.9,8547.0,0.28,clear
WTH_00003841,2025-06-10,1,29.6,0.0,14.9,11175.0,0.05,clear
WTH_00003842,2025-06-10,2,29.7,0.0,41.8,8864.0,0.02,clear
WTH_00003843,2025-06-10,3,29.1,0.0,20.4,11550.0,0.39,clear
WTH_00003844,2025-06-10,4,28.8,0.0,5.6,8053.0,0.19,clear
WTH_00003845,2025-06-10,5,30.0,0.0,9.1,11763.0,0.3,clear
WTH_00003846,2025-06-10,6,24.2,0.0,20.7,1188.0,0.15,fog
WTH_00003847,2025-06-10,7,28.8,0.0,2.7,10917.0,0.49,clear
WTH_00003848,2025-06-10,8,26.6,0.0,6.9,7775.0,0.3,clear
WTH_00003849,2025-06-10,9,25.3,0.0,4.1,8298.0,0.38,clear
WTH_00003850,2025-06-10,10,28.2,0.0,3.9,11024.0,0.48,clear
WTH_00003851,2025-06-10,11,22.8,0.0,12.3,8568.0,0.2,clear
WTH_00003852,2025-06-10,12,22.8,0.0,6.9,6989.0,0.21,clear
WTH_00003853,2025-06-10,13,20.1,0.0,12.7,6861.0,0.76,cloudy
WTH_00003854,2025-06-10,14,24.5,0.0,7.7,10104.0,0.65,cloudy
WTH_00003855,2025-06-10,15,22.4,0.0,6.4,6757.0,0.1,clear
WTH_00003856,2025-06-10,16,21.9,0.0,16.4,8753.0,0.23,clear
WTH_00003857,2025-06-10,17,19.4,0.0,6.7,11719.0,0.36,clear
WTH_00003858,2025-06-10,18,27.1,0.0,4.3,11936.0,0.13,clear
WTH_00003859,2025-06-10,19,23.8,0.0,27.4,7462.0,0.28,clear
WTH_00003860,2025-06-10,20,23.3,0.0,19.5,11901.0,0.38,clear
WTH_00003861,2025-06-10,21,29.3,0.0,4.8,6672.0,0.27,clear
WTH_00003862,2025-06-10,22,26.3,0.0,12.8,8310.0,0.19,clear
WTH_00003863,2025-06-10,23,27.4,0.0,18.4,7858.0,0.31,clear
WTH_00003864,2025-06-11,0,26.4,0.0,14.6,10075.0,0.6,clear
WTH_00003865,2025-06-11,1,28.6,0.0,36.0,10452.0,0.58,clear
WTH_00003866,2025-06-11,2,30.6,0.0,4.0,6741.0,0.36,clear
WTH_00003867,2025-06-11,3,29.2,0.0,14.4,7275.0,0.61,cloudy
WTH_00003868,2025-06-11,4,31.1,0.0,5.2,9882.0,0.27,clear
WTH_00003869,2025-06-11,5,29.3,8.92,20.5,1229.0,0.61,rain
WTH_00003870,2025-06-11,6,26.2,0.0,3.5,11392.0,0.54,clear
WTH_00003871,2025-06-11,7,28.0,0.0,13.7,9094.0,0.59,clear
WTH_00003872,2025-06-11,8,29.1,0.0,17.2,11847.0,0.33,clear
WTH_00003873,2025-06-11,9,24.4,0.0,30.4,6542.0,0.23,clear
WTH_00003874,2025-06-11,10,25.8,0.0,3.8,7980.0,0.52,clear
WTH_00003875,2025-06-11,11,23.4,0.0,2.0,9825.0,0.13,clear
WTH_00003876,2025-06-11,12,24.6,0.0,4.2,11894.0,0.4,clear
WTH_00003877,2025-06-11,13,22.0,0.0,13.8,6413.0,0.43,clear
WTH_00003878,2025-06-11,14,23.0,0.0,9.6,9410.0,0.2,clear
WTH_00003879,2025-06-11,15,24.6,0.0,2.2,674.0,0.17,fog
WTH_00003880,2025-06-11,16,22.4,0.0,5.1,8610.0,0.04,clear
WTH_00003881,2025-06-11,17,25.6,0.0,10.1,10370.0,0.39,clear
WTH_00003882,2025-06-11,18,23.5,0.0,11.4,6554.0,0.52,clear
WTH_00003883,2025-06-11,19,23.7,0.0,3.5,6871.0,0.49,clear
WTH_00003884,2025-06-11,20,27.9,0.0,16.0,9153.0,0.46,clear
WTH_00003885,2025-06-11,21,28.0,0.0,4.5,9448.0,0.2,clear
WTH_00003886,2025-06-11,22,29.2,0.0,19.8,7968.0,0.47,clear
WTH_00003887,2025-06-11,23,31.7,0.0,7.8,10904.0,0.53,clear
WTH_00003888,2025-06-12,0,32.3,0.0,11.1,6425.0,0.58,clear
WTH_00003889,2025-06-12,1,28.4,0.0,3.1,9037.0,0.16,clear
WTH_00003890,2025-06-12,2,29.4,0.0,7.6,8154.0,0.32,clear
WTH_00003891,2025-06-12,3,28.5,0.0,11.0,9984.0,0.43,clear
WTH_00003892,2025-06-12,4,31.3,0.0,16.7,1033.0,0.08,fog
WTH_00003893,2025-06-12,5,32.0,0.0,12.7,6433.0,0.16,clear
WTH_00003894,2025-06-12,6,33.5,0.0,5.5,6228.0,0.62,cloudy
WTH_00003895,2025-06-12,7,31.1,0.0,15.1,9618.0,0.29,clear
WTH_00003896,2025-06-12,8,28.1,0.0,16.8,8834.0,0.04,clear
WTH_00003897,2025-06-12,9,29.8,0.0,6.8,6954.0,0.08,clear
WTH_00003898,2025-06-12,10,25.2,0.0,25.8,8880.0,0.12,clear
WTH_00003899,2025-06-12,11,22.0,0.0,7.5,6456.0,0.33,clear
WTH_00003900,2025-06-12,12,21.8,0.0,12.3,7115.0,0.35,clear
WTH_00003901,2025-06-12,13,19.5,0.0,11.3,10568.0,0.37,clear
WTH_00003902,2025-06-12,14,22.9,0.0,6.4,10494.0,0.55,clear
WTH_00003903,2025-06-12,15,21.4,0.0,16.0,6251.0,0.24,clear
WTH_00003904,2025-06-12,16,24.9,3.82,7.2,1748.0,0.87,rain
WTH_00003905,2025-06-12,17,23.5,0.0,22.6,7241.0,0.38,clear
WTH_00003906,2025-06-12,18,24.1,0.0,7.9,6909.0,0.44,clear
WTH_00003907,2025-06-12,19,21.4,0.0,9.5,10143.0,0.08,clear
WTH_00003908,2025-06-12,20,24.4,0.0,8.7,7544.0,0.41,clear
WTH_00003909,2025-06-12,21,29.1,0.0,14.4,11611.0,0.55,clear
WTH_00003910,2025-06-12,22,27.8,0.0,10.4,10033.0,0.2,clear
WTH_00003911,2025-06-12,23,29.4,0.0,10.5,11718.0,0.64,cloudy
WTH_00003912,2025-06-13,0,27.3,0.0,8.8,6167.0,0.23,clear
WTH_00003913,2025-06-13,1,25.4,0.0,6.8,11969.0,0.16,clear
WTH_00003914,2025-06-13,2,28.0,0.0,7.0,11601.0,0.27,clear
WTH_00003915,2025-06-13,3,27.8,0.0,3.7,8603.0,0.39,clear
WTH_00003916,2025-06-13,4,33.3,0.0,14.9,10215.0,0.35,clear
WTH_00003917,2025-06-13,5,32.6,0.0,5.7,8177.0,0.31,clear
WTH_00003918,2025-06-13,6,27.3,0.0,17.4,9566.0,0.23,clear
WTH_00003919,2025-06-13,7,25.5,0.0,15.5,8115.0,0.32,clear
WTH_00003920,2025-06-13,8,29.6,0.0,0.8,7744.0,0.4,clear
WTH_00003921,2025-06-13,9,25.4,0.0,7.7,10837.0,0.22,clear
WTH_00003922,2025-06-13,10,22.7,0.0,10.5,951.0,0.4,fog
WTH_00003923,2025-06-13,11,25.3,0.0,26.0,978.0,0.38,fog
WTH_00003924,2025-06-13,12,23.9,0.0,14.4,9515.0,0.18,clear
WTH_00003925,2025-06-13,13,22.1,0.0,1.1,11773.0,0.42,clear
WTH_00003926,2025-06-13,14,20.6,0.0,6.4,326.0,0.24,fog
WTH_00003927,2025-06-13,15,22.9,0.0,7.7,10581.0,0.54,clear
WTH_00003928,2025-06-13,16,23.6,0.0,13.8,6248.0,0.41,clear
WTH_00003929,2025-06-13,17,22.6,7.87,6.6,3323.0,0.63,rain
WTH_00003930,2025-06-13,18,21.3,0.0,3.8,8566.0,0.26,clear
WTH_00003931,2025-06-13,19,29.2,0.0,2.2,9752.0,0.12,clear
WTH_00003932,2025-06-13,20,25.5,0.0,1.5,10902.0,0.26,clear
WTH_00003933,2025-06-13,21,27.1,0.0,9.0,6322.0,0.09,clear
WTH_00003934,2025-06-13,22,25.8,0.0,13.0,8411.0,0.74,cloudy
WTH_00003935,2025-06-13,23,30.6,0.0,12.0,11239.0,0.64,cloudy
WTH_00003936,2025-06-14,0,27.6,0.0,14.5,7082.0,0.17,clear
WTH_00003937,2025-06-14,1,30.7,0.0,4.5,10245.0,0.41,clear
WTH_00003938,2025-06-14,2,30.3,0.0,10.6,11948.0,0.18,clear
WTH_00003939,2025-06-14,3,32.1,0.0,12.2,8741.0,0.45,clear
WTH_00003940,2025-06-14,4,29.8,0.0,19.7,6364.0,0.49,clear
WTH_00003941,2025-06-14,5,30.7,0.0,21.2,9814.0,0.4,clear
WTH_00003942,2025-06-14,6,30.9,0.0,27.3,9173.0,0.03,clear
WTH_00003943,2025-06-14,7,26.8,0.0,11.6,9567.0,0.5,clear
WTH_00003944,2025-06-14,8,24.2,0.0,12.5,8413.0,0.38,clear
WTH_00003945,2025-06-14,9,25.2,0.0,13.6,8302.0,0.48,clear
WTH_00003946,2025-06-14,10,25.9,0.0,24.5,9540.0,0.09,clear
WTH_00003947,2025-06-14,11,18.9,0.0,12.4,6398.0,0.18,clear
WTH_00003948,2025-06-14,12,25.0,0.0,16.9,6806.0,0.06,clear
WTH_00003949,2025-06-14,13,18.1,0.0,14.4,8762.0,0.27,clear
WTH_00003950,2025-06-14,14,18.0,0.0,10.0,8986.0,0.36,clear
WTH_00003951,2025-06-14,15,22.1,0.0,26.9,11736.0,0.47,clear
WTH_00003952,2025-06-14,16,23.0,0.0,5.8,11022.0,0.69,cloudy
WTH_00003953,2025-06-14,17,24.5,0.0,3.7,8699.0,0.67,cloudy
WTH_00003954,2025-06-14,18,22.7,0.0,26.0,11415.0,0.3,clear
WTH_00003955,2025-06-14,19,24.6,0.0,1.4,10166.0,0.28,clear
WTH_00003956,2025-06-14,20,25.6,0.0,4.5,8981.0,0.31,clear
WTH_00003957,2025-06-14,21,26.2,0.0,4.6,8881.0,0.47,clear
WTH_00003958,2025-06-14,22,31.3,0.0,4.4,10807.0,0.19,clear
WTH_00003959,2025-06-14,23,30.5,0.0,7.5,9969.0,0.56,clear
WTH_00003960,2025-06-15,0,28.7,0.0,12.9,7427.0,0.13,clear
WTH_00003961,2025-06-15,1,31.2,0.0,14.9,8237.0,0.18,clear
WTH_00003962,2025-06-15,2,29.2,0.0,6.5,11030.0,0.12,clear
WTH_00003963,2025-06-15,3,27.4,0.0,3.8,10237.0,0.23,clear
WTH_00003964,2025-06-15,4,32.0,0.0,14.3,11813.0,0.35,clear
WTH_00003965,2025-06-15,5,29.1,0.0,5.3,9709.0,0.71,cloudy
WTH_00003966,2025-06-15,6,28.6,0.0,34.0,7459.0,0.37,clear
WTH_00003967,2025-06-15,7,26.5,0.0,12.4,8982.0,0.52,clear
WTH_00003968,2025-06-15,8,23.8,0.0,5.0,6731.0,0.18,clear
WTH_00003969,2025-06-15,9,26.2,0.0,8.8,7379.0,0.48,clear
WTH_00003970,2025-06-15,10,27.0,0.0,2.9,11291.0,0.27,clear
WTH_00003971,2025-06-15,11,28.0,0.0,7.9,10499.0,0.23,clear
WTH_00003972,2025-06-15,12,24.2,0.0,10.1,10845.0,0.62,cloudy
WTH_00003973,2025-06-15,13,23.1,0.0,23.1,8683.0,0.46,clear
WTH_00003974,2025-06-15,14,20.6,0.0,4.2,8709.0,0.67,cloudy
WTH_00003975,2025-06-15,15,20.0,0.0,8.9,6583.0,0.27,clear
WTH_00003976,2025-06-15,16,23.5,0.0,46.7,10759.0,0.2,clear
WTH_00003977,2025-06-15,17,23.9,0.0,13.8,11215.0,0.65,cloudy
WTH_00003978,2025-06-15,18,23.1,0.0,26.7,10298.0,0.6,cloudy
WTH_00003979,2025-06-15,19,22.2,0.0,20.5,10455.0,0.57,clear
WTH_00003980,2025-06-15,20,23.9,0.0,30.0,6331.0,0.18,clear
WTH_00003981,2025-06-15,21,29.3,0.0,10.8,8375.0,0.23,clear
WTH_00003982,2025-06-15,22,22.4,0.0,37.7,10417.0,0.21,clear
WTH_00003983,2025-06-15,23,29.7,0.0,1.7,8493.0,0.43,clear
WTH_00003984,2025-06-16,0,30.2,0.0,11.2,8717.0,0.15,clear
WTH_00003985,2025-06-16,1,29.4,0.0,5.9,8384.0,0.7,cloudy
WTH_00003986,2025-06-16,2,30.6,0.0,7.5,6336.0,0.27,clear
WTH_00003987,2025-06-16,3,28.5,0.0,5.2,11083.0,0.39,clear
WTH_00003988,2025-06-16,4,31.7,0.0,12.7,11148.0,0.53,clear
WTH_00003989,2025-06-16,5,27.7,0.0,7.2,6928.0,0.73,cloudy
WTH_00003990,2025-06-16,6,31.1,0.0,1.0,9928.0,0.16,clear
WTH_00003991,2025-06-16,7,24.2,0.0,14.4,8270.0,0.13,clear
WTH_00003992,2025-06-16,8,25.6,0.0,13.2,11482.0,0.26,clear
WTH_00003993,2025-06-16,9,24.7,0.0,2.4,9343.0,0.07,clear
WTH_00003994,2025-06-16,10,24.7,0.0,33.0,7845.0,0.47,clear
WTH_00003995,2025-06-16,11,28.0,0.0,7.2,9772.0,0.57,clear
WTH_00003996,2025-06-16,12,26.4,0.0,9.7,10678.0,0.58,clear
WTH_00003997,2025-06-16,13,22.9,0.0,7.8,9860.0,0.4,clear
WTH_00003998,2025-06-16,14,23.7,0.0,6.9,9395.0,0.33,clear
WTH_00003999,2025-06-16,15,21.6,0.0,9.9,9014.0,0.22,clear
WTH_00004000,2025-06-16,16,22.9,0.0,14.7,7678.0,0.69,cloudy
WTH_00004001,2025-06-16,17,25.7,0.0,10.7,10566.0,0.07,clear
WTH_00004002,2025-06-16,18,24.9,0.0,11.8,9854.0,0.74,cloudy
WTH_00004003,2025-06-16,19,27.2,0.0,10.1,11552.0,0.3,clear
WTH_00004004,2025-06-16,20,22.8,0.0,9.4,9134.0,0.61,cloudy
WTH_00004005,2025-06-16,21,25.5,0.0,17.9,6967.0,0.58,clear
WTH_00004006,2025-06-16,22,27.9,0.0,13.3,9791.0,0.26,clear
WTH_00004007,2025-06-16,23,28.9,0.0,5.3,6758.0,0.42,clear
WTH_00004008,2025-06-17,0,28.1,0.0,5.4,6895.0,0.33,clear
WTH_00004009,2025-06-17,1,27.4,0.0,11.7,402.0,0.37,fog
WTH_00004010,2025-06-17,2,28.7,8.02,20.9,3015.0,0.61,rain
WTH_00004011,2025-06-17,3,31.5,0.0,8.1,8105.0,0.55,clear
WTH_00004012,2025-06-17,4,33.2,0.0,3.6,11539.0,0.27,clear
WTH_00004013,2025-06-17,5,26.4,0.0,6.7,11509.0,0.66,cloudy
WTH_00004014,2025-06-17,6,27.8,0.0,4.3,9398.0,0.39,clear
WTH_00004015,2025-06-17,7,31.8,0.0,18.2,8878.0,0.4,clear
WTH_00004016,2025-06-17,8,29.5,0.0,12.2,6388.0,0.14,clear
WTH_00004017,2025-06-17,9,22.8,0.0,29.0,7190.0,0.5,clear
WTH_00004018,2025-06-17,10,22.7,0.0,17.2,9345.0,0.06,clear
WTH_00004019,2025-06-17,11,26.9,13.32,14.2,1462.0,0.84,rain
WTH_00004020,2025-06-17,12,21.6,0.0,14.4,11688.0,0.44,clear
WTH_00004021,2025-06-17,13,22.4,0.0,16.0,7931.0,0.77,cloudy
WTH_00004022,2025-06-17,14,23.2,0.0,16.8,7335.0,0.58,clear
WTH_00004023,2025-06-17,15,24.6,0.0,3.0,11375.0,0.39,clear
WTH_00004024,2025-06-17,16,21.8,0.0,3.9,7935.0,0.27,clear
WTH_00004025,2025-06-17,17,24.0,0.0,10.2,9485.0,0.13,clear
WTH_00004026,2025-06-17,18,22.6,2.84,14.3,3788.0,0.77,rain
WTH_00004027,2025-06-17,19,25.8,0.0,26.2,8223.0,0.19,clear
WTH_00004028,2025-06-17,20,24.8,0.0,10.1,11959.0,0.26,clear
WTH_00004029,2025-06-17,21,25.6,0.0,1.0,8953.0,0.03,clear
WTH_00004030,2025-06-17,22,27.3,0.0,8.1,9312.0,0.61,cloudy
WTH_00004031,2025-06-17,23,27.9,0.0,14.7,6302.0,0.24,clear
WTH_00004032,2025-06-18,0,26.9,0.0,10.3,8259.0,0.23,clear
WTH_00004033,2025-06-18,1,24.0,0.0,6.5,7660.0,0.28,clear
WTH_00004034,2025-06-18,2,29.8,0.0,17.5,10720.0,0.35,clear
WTH_00004035,2025-06-18,3,28.2,0.0,3.0,6667.0,0.37,clear
WTH_00004036,2025-06-18,4,27.6,8.87,10.3,3679.0,0.49,rain
WTH_00004037,2025-06-18,5,30.9,0.0,15.7,6202.0,0.41,clear
WTH_00004038,2025-06-18,6,30.9,0.0,10.1,10606.0,0.2,clear
WTH_00004039,2025-06-18,7,26.2,0.0,18.5,9037.0,0.04,clear
WTH_00004040,2025-06-18,8,29.2,0.0,15.0,9932.0,0.12,clear
WTH_00004041,2025-06-18,9,28.4,0.0,15.3,9704.0,0.2,clear
WTH_00004042,2025-06-18,10,24.4,0.0,12.2,8767.0,0.34,clear
WTH_00004043,2025-06-18,11,25.6,0.0,13.6,8780.0,0.56,clear
WTH_00004044,2025-06-18,12,22.4,0.0,11.7,7673.0,0.44,clear
WTH_00004045,2025-06-18,13,20.2,0.0,13.6,11268.0,0.31,clear
WTH_00004046,2025-06-18,14,19.3,0.0,7.2,11723.0,0.35,clear
WTH_00004047,2025-06-18,15,18.4,0.0,23.6,7994.0,0.19,clear
WTH_00004048,2025-06-18,16,21.3,0.0,3.6,8516.0,0.05,clear
WTH_00004049,2025-06-18,17,21.9,0.0,18.8,11273.0,0.24,clear
WTH_00004050,2025-06-18,18,24.6,0.0,8.0,8448.0,0.73,cloudy
WTH_00004051,2025-06-18,19,23.0,0.0,7.7,11726.0,0.17,clear
WTH_00004052,2025-06-18,20,24.5,0.0,28.6,7771.0,0.2,clear
WTH_00004053,2025-06-18,21,24.2,0.0,6.9,10401.0,0.13,clear
WTH_00004054,2025-06-18,22,27.0,5.89,8.1,3774.0,0.87,rain
WTH_00004055,2025-06-18,23,29.0,0.0,8.6,11787.0,0.32,clear
WTH_00004056,2025-06-19,0,27.7,0.0,3.9,6323.0,0.61,cloudy
WTH_00004057,2025-06-19,1,26.7,0.0,1.4,9187.0,0.42,clear
WTH_00004058,2025-06-19,2,29.6,0.0,16.4,9232.0,0.33,clear
WTH_00004059,2025-06-19,3,30.0,0.0,16.3,11262.0,0.59,clear
WTH_00004060,2025-06-19,4,30.1,0.0,4.0,10453.0,0.24,clear
WTH_00004061,2025-06-19,5,32.1,0.0,2.7,6371.0,0.11,clear
WTH_00004062,2025-06-19,6,29.9,0.0,19.2,6068.0,0.16,clear
WTH_00004063,2025-06-19,7,23.4,0.0,39.4,11799.0,0.47,clear
WTH_00004064,2025-06-19,8,28.6,0.0,10.8,9068.0,0.21,clear
WTH_00004065,2025-06-19,9,24.7,0.0,8.1,9570.0,0.48,clear
WTH_00004066,2025-06-19,10,25.3,0.0,2.3,10347.0,0.06,clear
WTH_00004067,2025-06-19,11,25.3,0.0,2.2,11892.0,0.23,clear
WTH_00004068,2025-06-19,12,20.0,0.0,8.5,7905.0,0.24,clear
WTH_00004069,2025-06-19,13,21.2,0.0,12.8,7945.0,0.15,clear
WTH_00004070,2025-06-19,14,23.2,0.0,10.2,8683.0,0.07,clear
WTH_00004071,2025-06-19,15,20.5,0.0,18.4,11726.0,0.23,clear
WTH_00004072,2025-06-19,16,19.6,0.0,10.4,7294.0,0.71,cloudy
WTH_00004073,2025-06-19,17,21.7,0.0,12.5,6118.0,0.11,clear
WTH_00004074,2025-06-19,18,25.8,0.0,10.9,8733.0,0.13,clear
WTH_00004075,2025-06-19,19,24.5,0.0,23.1,8613.0,0.24,clear
WTH_00004076,2025-06-19,20,23.8,0.0,8.9,11681.0,0.38,clear
WTH_00004077,2025-06-19,21,32.9,0.0,7.1,9625.0,0.25,clear
WTH_00004078,2025-06-19,22,28.7,0.0,4.2,10636.0,0.72,cloudy
WTH_00004079,2025-06-19,23,30.3,0.0,1.7,9184.0,0.27,clear
WTH_00004080,2025-06-20,0,27.1,0.0,4.4,7274.0,0.45,clear
WTH_00004081,2025-06-20,1,28.0,0.0,18.6,11954.0,0.34,clear
WTH_00004082,2025-06-20,2,27.3,0.0,7.2,11385.0,0.33,clear
WTH_00004083,2025-06-20,3,27.3,0.0,17.7,9863.0,0.2,clear
WTH_00004084,2025-06-20,4,28.5,0.0,14.4,9822.0,0.25,clear
WTH_00004085,2025-06-20,5,29.2,0.0,14.2,8092.0,0.49,clear
WTH_00004086,2025-06-20,6,28.2,0.0,10.0,10064.0,0.61,cloudy
WTH_00004087,2025-06-20,7,27.6,0.0,5.6,9979.0,0.4,clear
WTH_00004088,2025-06-20,8,27.4,0.0,5.6,6677.0,0.38,clear
WTH_00004089,2025-06-20,9,25.7,0.0,17.9,7302.0,0.07,clear
WTH_00004090,2025-06-20,10,24.4,0.0,5.2,7980.0,0.2,clear
WTH_00004091,2025-06-20,11,23.6,0.0,7.2,10490.0,0.53,clear
WTH_00004092,2025-06-20,12,22.6,0.0,7.6,11259.0,0.52,clear
WTH_00004093,2025-06-20,13,20.9,0.0,28.5,6877.0,0.36,clear
WTH_00004094,2025-06-20,14,22.5,0.0,14.6,9382.0,0.47,clear
WTH_00004095,2025-06-20,15,21.3,0.0,2.7,10308.0,0.46,clear
WTH_00004096,2025-06-20,16,22.7,0.0,1.3,6946.0,0.36,clear
WTH_00004097,2025-06-20,17,24.8,0.0,4.7,7131.0,0.38,clear
WTH_00004098,2025-06-20,18,25.7,0.0,5.0,7415.0,0.67,cloudy
WTH_00004099,2025-06-20,19,26.1,0.0,2.1,10933.0,0.57,clear
WTH_00004100,2025-06-20,20,26.9,0.0,6.2,11075.0,0.59,clear
WTH_00004101,2025-06-20,21,24.0,0.0,14.3,10806.0,0.22,clear
WTH_00004102,2025-06-20,22,26.8,0.0,9.6,10052.0,0.6,cloudy
WTH_00004103,2025-06-20,23,26.8,0.0,16.9,9678.0,0.48,clear
WTH_00004104,2025-06-21,0,28.0,0.0,6.5,9261.0,0.13,clear
WTH_00004105,2025-06-21,1,32.2,0.0,5.2,11255.0,0.2,clear
WTH_00004106,2025-06-21,2,29.9,0.0,11.9,10425.0,0.21,clear
WTH_00004107,2025-06-21,3,32.4,0.0,7.6,10372.0,0.58,clear
WTH_00004108,2025-06-21,4,30.0,0.0,13.4,10164.0,0.43,clear
WTH_00004109,2025-06-21,5,28.1,0.0,9.2,10714.0,0.5,clear
WTH_00004110,2025-06-21,6,28.4,0.0,2.2,9811.0,0.54,clear
WTH_00004111,2025-06-21,7,26.7,0.0,14.6,10291.0,0.57,clear
WTH_00004112,2025-06-21,8,27.7,0.0,6.7,11524.0,0.34,clear
WTH_00004113,2025-06-21,9,30.9,0.0,9.2,7516.0,0.26,clear
WTH_00004114,2025-06-21,10,22.2,0.0,11.1,9694.0,0.21,clear
WTH_00004115,2025-06-21,11,24.5,0.0,15.1,10099.0,0.29,clear
WTH_00004116,2025-06-21,12,26.4,0.0,27.5,8136.0,0.15,clear
WTH_00004117,2025-06-21,13,22.9,0.0,19.7,10520.0,0.18,clear
WTH_00004118,2025-06-21,14,24.9,0.0,1.2,239.0,0.23,fog
WTH_00004119,2025-06-21,15,20.8,0.0,25.4,6891.0,0.41,clear
WTH_00004120,2025-06-21,16,19.2,0.0,6.9,8171.0,0.39,clear
WTH_00004121,2025-06-21,17,23.3,0.0,9.6,11998.0,0.14,clear
WTH_00004122,2025-06-21,18,22.7,0.0,18.6,8105.0,0.29,clear
WTH_00004123,2025-06-21,19,22.0,0.0,12.5,7760.0,0.08,clear
WTH_00004124,2025-06-21,20,21.1,0.0,7.0,7724.0,0.38,clear
WTH_00004125,2025-06-21,21,27.6,0.0,11.3,7300.0,0.15,clear
WTH_00004126,2025-06-21,22,25.2,0.0,16.2,6007.0,0.31,clear
WTH_00004127,2025-06-21,23,26.8,0.0,8.4,9965.0,0.12,clear
WTH_00004128,2025-06-22,0,30.4,0.0,4.8,983.0,0.4,fog
WTH_00004129,2025-06-22,1,27.7,0.0,21.7,6757.0,0.48,clear
WTH_00004130,2025-06-22,2,31.2,0.0,8.8,7700.0,0.22,clear
WTH_00004131,2025-06-22,3,31.5,0.0,7.5,8076.0,0.63,cloudy
WTH_00004132,2025-06-22,4,31.3,0.0,2.8,6738.0,0.52,clear
WTH_00004133,2025-06-22,5,33.3,0.0,6.3,6931.0,0.31,clear
WTH_00004134,2025-06-22,6,25.6,4.75,6.0,3624.0,0.73,rain
WTH_00004135,2025-06-22,7,29.3,0.0,2.0,9529.0,0.43,clear
WTH_00004136,2025-06-22,8,27.0,0.0,17.6,9133.0,0.35,clear
WTH_00004137,2025-06-22,9,23.9,0.0,11.4,6104.0,0.58,clear
WTH_00004138,2025-06-22,10,22.1,0.0,10.2,11429.0,0.11,clear
WTH_00004139,2025-06-22,11,24.6,0.0,24.1,10689.0,0.13,clear
WTH_00004140,2025-06-22,12,22.9,0.0,10.7,9746.0,0.39,clear
WTH_00004141,2025-06-22,13,19.9,0.0,13.0,9861.0,0.09,clear
WTH_00004142,2025-06-22,14,23.5,0.0,7.2,6779.0,0.34,clear
WTH_00004143,2025-06-22,15,20.6,0.0,7.2,6143.0,0.38,clear
WTH_00004144,2025-06-22,16,22.6,0.0,6.8,10256.0,0.17,clear
WTH_00004145,2025-06-22,17,22.6,0.0,9.2,6332.0,0.14,clear
WTH_00004146,2025-06-22,18,25.5,0.0,8.8,6982.0,0.36,clear
WTH_00004147,2025-06-22,19,20.8,0.0,10.3,9194.0,0.08,clear
WTH_00004148,2025-06-22,20,25.8,0.0,2.3,6440.0,0.06,clear
WTH_00004149,2025-06-22,21,27.4,0.0,19.3,10569.0,0.3,clear
WTH_00004150,2025-06-22,22,28.2,5.15,6.3,1864.0,0.83,rain
WTH_00004151,2025-06-22,23,30.0,0.0,8.8,7059.0,0.23,clear
WTH_00004152,2025-06-23,0,32.2,0.0,1.8,11775.0,0.12,clear
WTH_00004153,2025-06-23,1,29.6,0.0,25.2,8555.0,0.14,clear
WTH_00004154,2025-06-23,2,26.3,0.0,24.0,8209.0,0.66,cloudy
WTH_00004155,2025-06-23,3,31.8,0.0,13.0,7882.0,0.16,clear
WTH_00004156,2025-06-23,4,28.0,0.0,9.1,9200.0,0.63,cloudy
WTH_00004157,2025-06-23,5,28.0,0.0,15.5,9143.0,0.53,clear
WTH_00004158,2025-06-23,6,30.0,0.0,3.8,8773.0,0.28,clear
WTH_00004159,2025-06-23,7,28.3,0.0,5.6,11269.0,0.31,clear
WTH_00004160,2025-06-23,8,28.1,0.0,7.7,6830.0,0.06,clear
WTH_00004161,2025-06-23,9,24.2,0.0,4.2,8793.0,0.18,clear
WTH_00004162,2025-06-23,10,25.1,0.0,19.9,6473.0,0.35,clear
WTH_00004163,2025-06-23,11,25.8,9.73,18.3,3120.0,0.5,rain
WTH_00004164,2025-06-23,12,28.2,0.0,3.8,10048.0,0.27,clear
WTH_00004165,2025-06-23,13,23.2,0.0,34.7,7615.0,0.09,clear
WTH_00004166,2025-06-23,14,22.1,0.0,4.1,11219.0,0.39,clear
WTH_00004167,2025-06-23,15,22.9,0.0,27.7,8374.0,0.37,clear
WTH_00004168,2025-06-23,16,21.1,0.0,11.0,8968.0,0.57,clear
WTH_00004169,2025-06-23,17,21.5,0.0,16.2,981.0,0.5,fog
WTH_00004170,2025-06-23,18,20.9,0.0,18.1,10191.0,0.34,clear
WTH_00004171,2025-06-23,19,22.4,0.0,3.0,11637.0,0.15,clear
WTH_00004172,2025-06-23,20,25.7,0.0,3.1,11368.0,0.06,clear
WTH_00004173,2025-06-23,21,26.9,0.0,8.7,7116.0,0.05,clear
WTH_00004174,2025-06-23,22,26.4,0.0,42.9,7670.0,0.17,clear
WTH_00004175,2025-06-23,23,29.7,0.0,5.9,7548.0,0.35,clear
WTH_00004176,2025-06-24,0,30.6,0.0,9.8,9091.0,0.65,cloudy
WTH_00004177,2025-06-24,1,28.9,0.0,3.4,6561.0,0.53,clear
WTH_00004178,2025-06-24,2,29.0,3.59,7.9,3649.0,0.97,rain
WTH_00004179,2025-06-24,3,31.3,0.0,13.3,7097.0,0.25,clear
WTH_00004180,2025-06-24,4,29.0,4.99,2.3,2670.0,1.0,rain
WTH_00004181,2025-06-24,5,28.7,2.01,5.5,1173.0,0.6,rain
WTH_00004182,2025-06-24,6,32.3,0.0,0.9,9108.0,0.59,clear
WTH_00004183,2025-06-24,7,29.3,0.0,8.6,9448.0,0.42,clear
WTH_00004184,2025-06-24,8,25.4,0.0,23.8,8278.0,0.2,clear
WTH_00004185,2025-06-24,9,29.2,0.0,7.4,6434.0,0.44,clear
WTH_00004186,2025-06-24,10,23.0,0.0,22.6,307.0,0.49,fog
WTH_00004187,2025-06-24,11,24.3,0.0,25.8,9895.0,0.09,clear
WTH_00004188,2025-06-24,12,24.7,0.0,14.0,6177.0,0.08,clear
WTH_00004189,2025-06-24,13,22.3,0.0,12.0,6687.0,0.53,clear
WTH_00004190,2025-06-24,14,21.8,0.0,5.4,9942.0,0.29,clear
WTH_00004191,2025-06-24,15,24.5,0.0,8.7,8040.0,0.14,clear
WTH_00004192,2025-06-24,16,23.3,0.0,9.6,11396.0,0.54,clear
WTH_00004193,2025-06-24,17,20.6,4.83,2.1,833.0,0.87,rain
WTH_00004194,2025-06-24,18,23.0,0.0,12.4,7522.0,0.32,clear
WTH_00004195,2025-06-24,19,23.2,0.0,6.1,6058.0,0.42,clear
WTH_00004196,2025-06-24,20,23.7,0.0,1.8,10473.0,0.11,clear
WTH_00004197,2025-06-24,21,25.0,0.0,4.5,8765.0,0.04,clear
WTH_00004198,2025-06-24,22,25.4,0.0,9.5,9842.0,0.22,clear
WTH_00004199,2025-06-24,23,27.9,0.0,5.7,6328.0,0.37,clear
WTH_00004200,2025-06-25,0,28.6,0.0,7.3,9538.0,0.19,clear
WTH_00004201,2025-06-25,1,29.0,0.0,12.0,8477.0,0.67,cloudy
WTH_00004202,2025-06-25,2,30.2,0.0,14.4,8451.0,0.3,clear
WTH_00004203,2025-06-25,3,29.6,0.0,2.7,8241.0,0.42,clear
WTH_00004204,2025-06-25,4,30.1,0.0,10.0,11909.0,0.1,clear
WTH_00004205,2025-06-25,5,32.3,0.0,3.4,11110.0,0.21,clear
WTH_00004206,2025-06-25,6,26.7,0.0,7.5,7134.0,0.19,clear
WTH_00004207,2025-06-25,7,28.6,0.0,22.2,6021.0,0.2,clear
WTH_00004208,2025-06-25,8,26.5,0.0,6.6,9088.0,0.36,clear
WTH_00004209,2025-06-25,9,24.7,0.0,8.5,10498.0,0.5,clear
WTH_00004210,2025-06-25,10,25.4,0.0,14.0,8695.0,0.68,cloudy
WTH_00004211,2025-06-25,11,24.7,0.0,18.5,9310.0,0.3,clear
WTH_00004212,2025-06-25,12,21.9,0.0,6.4,10442.0,0.13,clear
WTH_00004213,2025-06-25,13,21.2,0.0,6.7,8431.0,0.24,clear
WTH_00004214,2025-06-25,14,23.5,0.0,9.7,11989.0,0.75,cloudy
WTH_00004215,2025-06-25,15,22.9,0.0,22.3,11275.0,0.18,clear
WTH_00004216,2025-06-25,16,20.6,0.0,11.7,11899.0,0.38,clear
WTH_00004217,2025-06-25,17,23.2,0.0,8.9,8955.0,0.24,clear
WTH_00004218,2025-06-25,18,23.2,0.0,28.0,8783.0,0.49,clear
WTH_00004219,2025-06-25,19,23.6,0.0,16.6,8432.0,0.4,clear
WTH_00004220,2025-06-25,20,24.0,0.0,22.7,7941.0,0.5,clear
WTH_00004221,2025-06-25,21,27.5,0.0,15.2,9493.0,0.48,clear
WTH_00004222,2025-06-25,22,23.8,0.0,12.5,9386.0,0.2,clear
WTH_00004223,2025-06-25,23,26.9,0.0,7.2,7453.0,0.37,clear
WTH_00004224,2025-06-26,0,25.9,0.0,18.8,233.0,0.11,fog
WTH_00004225,2025-06-26,1,31.6,0.0,18.4,9914.0,0.07,clear
WTH_00004226,2025-06-26,2,31.2,0.0,11.1,9822.0,0.21,clear
WTH_00004227,2025-06-26,3,27.0,0.0,6.3,11172.0,0.29,clear
WTH_00004228,2025-06-26,4,26.8,0.0,2.9,11662.0,0.22,clear
WTH_00004229,2025-06-26,5,31.6,0.0,6.9,1001.0,0.21,fog
WTH_00004230,2025-06-26,6,26.9,0.0,16.8,11832.0,0.4,clear
WTH_00004231,2025-06-26,7,27.2,0.0,7.5,7619.0,0.18,clear
WTH_00004232,2025-06-26,8,25.7,0.0,3.9,8466.0,0.1,clear
WTH_00004233,2025-06-26,9,26.4,0.0,19.9,843.0,0.06,fog
WTH_00004234,2025-06-26,10,27.3,0.0,5.8,7443.0,0.42,clear
WTH_00004235,2025-06-26,11,24.2,0.0,1.9,11791.0,0.29,clear
WTH_00004236,2025-06-26,12,23.9,0.0,5.6,9949.0,0.58,clear
WTH_00004237,2025-06-26,13,24.1,0.0,7.9,11349.0,0.11,clear
WTH_00004238,2025-06-26,14,22.0,0.0,2.9,6814.0,0.27,clear
WTH_00004239,2025-06-26,15,22.3,0.0,5.8,674.0,0.1,fog
WTH_00004240,2025-06-26,16,23.0,0.0,17.6,9472.0,0.08,clear
WTH_00004241,2025-06-26,17,23.1,0.0,1.2,8605.0,0.23,clear
WTH_00004242,2025-06-26,18,26.3,0.0,3.8,10684.0,0.17,clear
WTH_00004243,2025-06-26,19,21.7,0.0,3.2,11319.0,0.21,clear
WTH_00004244,2025-06-26,20,22.5,0.0,6.7,7624.0,0.74,cloudy
WTH_00004245,2025-06-26,21,24.0,0.0,0.4,7866.0,0.46,clear
WTH_00004246,2025-06-26,22,25.3,0.0,8.9,524.0,0.24,fog
WTH_00004247,2025-06-26,23,26.7,0.0,3.8,11643.0,0.04,clear
WTH_00004248,2025-06-27,0,27.5,0.0,6.9,10914.0,0.03,clear
WTH_00004249,2025-06-27,1,28.3,0.0,8.2,10857.0,0.34,clear
WTH_00004250,2025-06-27,2,32.3,0.0,16.4,8017.0,0.16,clear
WTH_00004251,2025-06-27,3,27.5,0.0,4.9,9624.0,0.39,clear
WTH_00004252,2025-06-27,4,30.0,0.0,34.5,7074.0,0.64,cloudy
WTH_00004253,2025-06-27,5,29.4,4.16,7.9,2993.0,0.77,rain
WTH_00004254,2025-06-27,6,32.6,0.0,13.7,7272.0,0.39,clear
WTH_00004255,2025-06-27,7,29.5,0.0,1.0,6611.0,0.41,clear
WTH_00004256,2025-06-27,8,27.2,0.0,25.9,6090.0,0.38,clear
WTH_00004257,2025-06-27,9,26.5,0.0,1.6,10860.0,0.47,clear
WTH_00004258,2025-06-27,10,24.6,11.36,17.3,3017.0,0.63,rain
WTH_00004259,2025-06-27,11,25.7,0.0,26.8,8932.0,0.41,clear
WTH_00004260,2025-06-27,12,23.7,0.0,8.6,11432.0,0.52,clear
WTH_00004261,2025-06-27,13,21.2,0.0,18.2,9542.0,0.42,clear
WTH_00004262,2025-06-27,14,22.6,0.0,6.9,10266.0,0.52,clear
WTH_00004263,2025-06-27,15,23.7,0.0,5.7,6055.0,0.6,clear
WTH_00004264,2025-06-27,16,23.5,0.0,9.7,9043.0,0.15,clear
WTH_00004265,2025-06-27,17,20.3,0.0,18.0,6013.0,0.34,clear
WTH_00004266,2025-06-27,18,19.0,0.0,8.3,7711.0,0.36,clear
WTH_00004267,2025-06-27,19,27.4,0.0,15.9,8801.0,0.06,clear
WTH_00004268,2025-06-27,20,24.4,0.0,10.3,11733.0,0.4,clear
WTH_00004269,2025-06-27,21,26.6,0.0,15.0,6092.0,0.34,clear
WTH_00004270,2025-06-27,22,27.0,0.0,5.4,11542.0,0.37,clear
WTH_00004271,2025-06-27,23,31.4,0.0,8.2,9955.0,0.16,clear
WTH_00004272,2025-06-28,0,28.4,0.0,8.8,7857.0,0.1,clear
WTH_00004273,2025-06-28,1,28.9,0.0,8.8,9187.0,0.58,clear
WTH_00004274,2025-06-28,2,30.5,0.0,11.6,11348.0,0.25,clear
WTH_00004275,2025-06-28,3,33.6,0.0,4.7,11460.0,0.42,clear
WTH_00004276,2025-06-28,4,30.4,0.0,10.5,7026.0,0.07,clear
WTH_00004277,2025-06-28,5,27.9,0.0,6.1,10915.0,0.36,clear
WTH_00004278,2025-06-28,6,30.0,0.0,2.3,11020.0,0.29,clear
WTH_00004279,2025-06-28,7,29.6,0.0,0.5,9451.0,0.6,clear
WTH_00004280,2025-06-28,8,24.2,0.0,35.1,10252.0,0.52,clear
WTH_00004281,2025-06-28,9,27.1,0.0,26.6,10412.0,0.48,clear
WTH_00004282,2025-06-28,10,24.3,5.06,2.3,819.0,0.94,rain
WTH_00004283,2025-06-28,11,23.4,0.0,8.8,10621.0,0.63,cloudy
WTH_00004284,2025-06-28,12,24.3,0.0,13.4,8801.0,0.37,clear
WTH_00004285,2025-06-28,13,20.5,0.0,5.6,7232.0,0.1,clear
WTH_00004286,2025-06-28,14,19.5,0.0,31.8,9516.0,0.63,cloudy
WTH_00004287,2025-06-28,15,24.4,0.0,10.1,236.0,0.18,fog
WTH_00004288,2025-06-28,16,22.7,0.0,17.9,11342.0,0.37,clear
WTH_00004289,2025-06-28,17,21.1,0.0,6.1,7777.0,0.18,clear
WTH_00004290,2025-06-28,18,22.4,0.0,9.3,6872.0,0.49,clear
WTH_00004291,2025-06-28,19,23.6,0.0,5.5,11259.0,0.57,clear
WTH_00004292,2025-06-28,20,22.6,1.46,4.1,2762.0,0.71,rain
WTH_00004293,2025-06-28,21,27.4,0.0,5.7,9512.0,0.32,clear
WTH_00004294,2025-06-28,22,28.0,0.0,36.3,6631.0,0.21,clear
WTH_00004295,2025-06-28,23,25.7,0.0,8.3,7638.0,0.12,clear
WTH_00004296,2025-06-29,0,27.6,4.87,20.8,1274.0,0.74,rain
WTH_00004297,2025-06-29,1,32.1,4.2,19.4,2799.0,0.5,rain
WTH_00004298,2025-06-29,2,33.2,1.86,28.9,872.0,0.57,rain
WTH_00004299,2025-06-29,3,31.2,6.84,48.6,3571.0,0.59,rain
WTH_00004300,2025-06-29,4,28.1,15.79,27.2,3364.0,0.68,storm
WTH_00004301,2025-06-29,5,28.9,14.75,23.2,2570.0,0.53,storm
WTH_00004302,2025-06-29,6,28.6,15.92,23.6,2425.0,0.5,storm
WTH_00004303,2025-06-29,7,29.6,2.69,33.3,3524.0,0.5,rain
WTH_00004304,2025-06-29,8,26.5,2.58,40.5,1433.0,0.67,rain
WTH_00004305,2025-06-29,9,26.2,3.37,46.4,1965.0,0.75,rain
WTH_00004306,2025-06-29,10,23.1,3.35,15.7,1237.0,0.98,rain
WTH_00004307,2025-06-29,11,23.8,4.4,19.0,2427.0,0.56,rain
WTH_00004308,2025-06-29,12,22.3,9.5,27.7,3285.0,1.0,storm
WTH_00004309,2025-06-29,13,21.7,8.05,43.9,3985.0,0.73,storm
WTH_00004310,2025-06-29,14,23.3,2.17,37.2,3975.0,0.82,rain
WTH_00004311,2025-06-29,15,23.1,8.76,23.9,3864.0,0.56,storm
WTH_00004312,2025-06-29,16,24.6,4.96,19.8,2243.0,0.71,rain
WTH_00004313,2025-06-29,17,22.0,5.58,24.1,2157.0,0.64,rain
WTH_00004314,2025-06-29,18,20.4,6.19,18.0,2842.0,0.9,rain
WTH_00004315,2025-06-29,19,23.7,11.28,24.3,3326.0,0.59,storm
WTH_00004316,2025-06-29,20,25.5,2.68,23.9,1100.0,0.69,rain
WTH_00004317,2025-06-29,21,25.8,5.36,26.5,1536.0,0.51,rain
WTH_00004318,2025-06-29,22,31.0,10.77,18.9,3256.0,0.65,storm
WTH_00004319,2025-06-29,23,29.7,4.51,25.4,3130.0,0.57,rain
WTH_00004320,2025-06-30,0,26.3,0.0,16.4,8986.0,0.36,clear
WTH_00004321,2025-06-30,1,32.2,0.0,3.7,9847.0,0.64,cloudy
WTH_00004322,2025-06-30,2,30.0,0.0,30.4,11366.0,0.17,clear
WTH_00004323,2025-06-30,3,29.9,0.0,16.3,7280.0,0.68,cloudy
WTH_00004324,2025-06-30,4,30.4,0.0,8.0,7721.0,0.16,clear
WTH_00004325,2025-06-30,5,31.0,0.0,9.3,7575.0,0.28,clear
WTH_00004326,2025-06-30,6,30.0,0.0,17.3,6147.0,0.34,clear
WTH_00004327,2025-06-30,7,28.1,0.0,17.3,8917.0,0.4,clear
WTH_00004328,2025-06-30,8,26.9,0.0,2.4,9015.0,0.63,cloudy
WTH_00004329,2025-06-30,9,22.4,0.0,28.1,9948.0,0.19,clear
WTH_00004330,2025-06-30,10,28.7,0.0,11.2,11938.0,0.1,clear
WTH_00004331,2025-06-30,11,23.7,8.67,9.8,2910.0,0.47,rain
WTH_00004332,2025-06-30,12,21.3,0.0,36.8,6815.0,0.21,clear
WTH_00004333,2025-06-30,13,23.3,6.74,11.7,1204.0,1.0,rain
WTH_00004334,2025-06-30,14,24.7,0.0,20.2,10119.0,0.09,clear
WTH_00004335,2025-06-30,15,24.4,0.0,1.6,9024.0,0.26,clear
WTH_00004336,2025-06-30,16,20.0,0.0,9.4,9940.0,0.36,clear
WTH_00004337,2025-06-30,17,23.2,0.0,10.0,11408.0,0.31,clear
WTH_00004338,2025-06-30,18,19.4,0.0,16.9,11858.0,0.55,clear
WTH_00004339,2025-06-30,19,20.3,0.0,13.4,7081.0,0.14,clear
WTH_00004340,2025-06-30,20,23.3,0.0,7.0,11850.0,0.44,clear
WTH_00004341,2025-06-30,21,24.0,0.0,7.2,10216.0,0.39,clear
WTH_00004342,2025-06-30,22,25.3,0.0,18.2,7105.0,0.18,clear
WTH_00004343,2025-06-30,23,26.5,0.0,16.1,9049.0,0.74,cloudy
WTH_00004344,2025-07-01,0,31.3,0.0,4.5,9911.0,0.39,clear
WTH_00004345,2025-07-01,1,28.3,0.0,22.0,10277.0,0.34,clear
WTH_00004346,2025-07-01,2,32.3,0.0,14.9,10523.0,0.03,clear
WTH_00004347,2025-07-01,3,30.5,0.0,7.1,8971.0,0.33,clear
WTH_00004348,2025-07-01,4,30.3,0.0,10.1,11091.0,0.42,clear
WTH_00004349,2025-07-01,5,30.8,0.0,23.3,8129.0,0.56,clear
WTH_00004350,2025-07-01,6,27.6,0.0,24.5,11436.0,0.12,clear
WTH_00004351,2025-07-01,7,27.9,0.0,14.6,9404.0,0.07,clear
WTH_00004352,2025-07-01,8,25.2,0.0,5.3,6922.0,0.36,clear
WTH_00004353,2025-07-01,9,29.3,0.0,8.5,7349.0,0.18,clear
WTH_00004354,2025-07-01,10,24.6,0.0,10.1,6346.0,0.47,clear
WTH_00004355,2025-07-01,11,22.5,0.0,14.1,7478.0,0.37,clear
WTH_00004356,2025-07-01,12,23.2,0.0,23.4,9606.0,0.12,clear
WTH_00004357,2025-07-01,13,23.2,0.0,5.2,10739.0,0.3,clear
WTH_00004358,2025-07-01,14,19.7,0.0,3.0,9962.0,0.31,clear
WTH_00004359,2025-07-01,15,18.9,0.0,8.0,7840.0,0.37,clear
WTH_00004360,2025-07-01,16,18.3,0.0,10.0,9818.0,0.28,clear
WTH_00004361,2025-07-01,17,23.2,0.0,8.7,11825.0,0.53,clear
WTH_00004362,2025-07-01,18,24.1,0.0,19.8,6844.0,0.21,clear
WTH_00004363,2025-07-01,19,24.1,0.0,1.6,7409.0,0.42,clear
WTH_00004364,2025-07-01,20,25.6,0.0,5.4,9292.0,0.24,clear
WTH_00004365,2025-07-01,21,25.0,0.0,3.4,11889.0,0.24,clear
WTH_00004366,2025-07-01,22,32.2,0.0,26.8,6321.0,0.13,clear
WTH_00004367,2025-07-01,23,30.7,0.0,4.2,10373.0,0.52,clear
WTH_00004368,2025-07-02,0,26.9,0.0,15.8,7740.0,0.09,clear
WTH_00004369,2025-07-02,1,28.6,0.0,4.5,927.0,0.39,fog
WTH_00004370,2025-07-02,2,29.0,0.0,11.5,6987.0,0.55,clear
WTH_00004371,2025-07-02,3,29.6,0.0,19.2,10513.0,0.52,clear
WTH_00004372,2025-07-02,4,29.7,0.0,32.3,6383.0,0.15,clear
WTH_00004373,2025-07-02,5,26.8,0.0,19.7,10820.0,0.3,clear
WTH_00004374,2025-07-02,6,28.7,0.0,30.5,9323.0,0.14,clear
WTH_00004375,2025-07-02,7,27.9,0.0,9.1,7656.0,0.31,clear
WTH_00004376,2025-07-02,8,26.3,0.0,34.6,7011.0,0.14,clear
WTH_00004377,2025-07-02,9,26.0,0.0,4.4,10033.0,0.43,clear
WTH_00004378,2025-07-02,10,25.4,0.0,10.0,11247.0,0.16,clear
WTH_00004379,2025-07-02,11,26.5,0.0,7.3,388.0,0.36,fog
WTH_00004380,2025-07-02,12,24.0,0.0,19.2,7447.0,0.23,clear
WTH_00004381,2025-07-02,13,19.6,0.0,31.1,7480.0,0.2,clear
WTH_00004382,2025-07-02,14,22.5,0.0,6.0,7667.0,0.34,clear
WTH_00004383,2025-07-02,15,19.4,0.0,7.2,6933.0,0.43,clear
WTH_00004384,2025-07-02,16,20.2,0.0,7.6,7073.0,0.54,clear
WTH_00004385,2025-07-02,17,22.9,0.0,6.5,8845.0,0.56,clear
WTH_00004386,2025-07-02,18,23.0,0.0,32.7,10117.0,0.66,cloudy
WTH_00004387,2025-07-02,19,24.1,0.0,17.3,7979.0,0.21,clear
WTH_00004388,2025-07-02,20,21.0,0.0,11.0,10179.0,0.51,clear
WTH_00004389,2025-07-02,21,29.4,3.13,9.1,1487.0,0.97,rain
WTH_00004390,2025-07-02,22,27.3,0.0,11.6,9797.0,0.34,clear
WTH_00004391,2025-07-02,23,29.3,0.0,11.6,9684.0,0.34,clear
WTH_00004392,2025-07-03,0,30.3,0.0,7.0,8931.0,0.45,clear
WTH_00004393,2025-07-03,1,28.1,0.0,6.9,10466.0,0.14,clear
WTH_00004394,2025-07-03,2,30.3,0.0,8.2,10277.0,0.32,clear
WTH_00004395,2025-07-03,3,32.8,0.0,17.8,6744.0,0.59,clear
WTH_00004396,2025-07-03,4,26.4,0.0,18.2,9437.0,0.24,clear
WTH_00004397,2025-07-03,5,31.1,0.0,33.5,6293.0,0.15,clear
WTH_00004398,2025-07-03,6,28.2,0.0,5.3,10736.0,0.25,clear
WTH_00004399,2025-07-03,7,27.1,0.0,24.5,8544.0,0.31,clear
WTH_00004400,2025-07-03,8,27.4,0.0,11.4,9271.0,0.35,clear
WTH_00004401,2025-07-03,9,28.3,0.0,14.4,10696.0,0.39,clear
WTH_00004402,2025-07-03,10,23.2,0.0,6.2,7739.0,0.24,clear
WTH_00004403,2025-07-03,11,22.2,0.0,2.6,9117.0,0.57,clear
WTH_00004404,2025-07-03,12,24.3,1.63,3.9,3467.0,0.96,rain
WTH_00004405,2025-07-03,13,20.3,0.0,23.2,11106.0,0.87,cloudy
WTH_00004406,2025-07-03,14,21.5,0.0,29.6,8013.0,0.2,clear
WTH_00004407,2025-07-03,15,18.1,0.0,13.8,9364.0,0.07,clear
WTH_00004408,2025-07-03,16,24.3,0.0,4.7,10408.0,0.41,clear
WTH_00004409,2025-07-03,17,20.9,0.0,20.2,10628.0,0.08,clear
WTH_00004410,2025-07-03,18,21.9,0.0,22.8,8114.0,0.21,clear
WTH_00004411,2025-07-03,19,25.6,0.0,12.0,6236.0,0.36,clear
WTH_00004412,2025-07-03,20,26.0,0.0,9.7,9097.0,0.48,clear
WTH_00004413,2025-07-03,21,28.0,0.0,25.3,7263.0,0.26,clear
WTH_00004414,2025-07-03,22,27.6,0.0,5.1,1080.0,0.34,fog
WTH_00004415,2025-07-03,23,25.7,0.0,1.4,10590.0,0.53,clear
WTH_00004416,2025-07-04,0,32.3,0.0,14.3,7524.0,0.02,clear
WTH_00004417,2025-07-04,1,31.9,0.0,11.4,9006.0,0.1,clear
WTH_00004418,2025-07-04,2,26.4,0.0,11.3,7274.0,0.72,cloudy
WTH_00004419,2025-07-04,3,30.4,0.0,12.2,8313.0,0.45,clear
WTH_00004420,2025-07-04,4,31.4,0.0,21.5,11189.0,0.29,clear
WTH_00004421,2025-07-04,5,28.1,0.0,19.0,7424.0,0.24,clear
WTH_00004422,2025-07-04,6,30.1,0.0,4.2,10735.0,0.43,clear
WTH_00004423,2025-07-04,7,31.6,0.0,6.9,8317.0,0.35,clear
WTH_00004424,2025-07-04,8,27.9,0.0,12.9,7651.0,0.21,clear
WTH_00004425,2025-07-04,9,28.4,0.0,3.3,10032.0,0.44,clear
WTH_00004426,2025-07-04,10,23.2,0.0,17.7,11065.0,0.21,clear
WTH_00004427,2025-07-04,11,23.6,0.0,9.9,9208.0,0.36,clear
WTH_00004428,2025-07-04,12,25.1,0.0,1.3,575.0,0.55,fog
WTH_00004429,2025-07-04,13,23.0,0.0,13.6,7975.0,0.33,clear
WTH_00004430,2025-07-04,14,19.9,0.0,14.2,9797.0,0.23,clear
WTH_00004431,2025-07-04,15,24.1,0.0,17.2,6261.0,0.57,clear
WTH_00004432,2025-07-04,16,21.3,0.0,3.4,11791.0,0.04,clear
WTH_00004433,2025-07-04,17,26.5,0.0,7.6,7870.0,0.21,clear
WTH_00004434,2025-07-04,18,26.4,4.55,11.4,1100.0,0.72,rain
WTH_00004435,2025-07-04,19,24.4,0.0,14.6,7168.0,0.24,clear
WTH_00004436,2025-07-04,20,27.3,0.0,15.5,9365.0,0.23,clear
WTH_00004437,2025-07-04,21,25.4,0.0,12.3,6502.0,0.56,clear
WTH_00004438,2025-07-04,22,26.9,0.0,15.0,10366.0,0.43,clear
WTH_00004439,2025-07-04,23,29.0,0.0,20.0,8852.0,0.57,clear
WTH_00004440,2025-07-05,0,29.8,0.0,20.1,8717.0,0.43,clear
WTH_00004441,2025-07-05,1,28.6,0.0,5.1,11711.0,0.17,clear
WTH_00004442,2025-07-05,2,28.2,0.0,9.3,11846.0,0.32,clear
WTH_00004443,2025-07-05,3,31.0,0.0,15.4,11058.0,0.22,clear
WTH_00004444,2025-07-05,4,30.8,0.0,3.2,11707.0,0.48,clear
WTH_00004445,2025-07-05,5,27.1,17.99,13.1,2543.0,0.72,rain
WTH_00004446,2025-07-05,6,26.0,0.0,2.0,8538.0,0.29,clear
WTH_00004447,2025-07-05,7,27.6,0.0,17.7,6884.0,0.32,clear
WTH_00004448,2025-07-05,8,27.6,0.0,12.8,7374.0,0.69,cloudy
WTH_00004449,2025-07-05,9,24.7,0.0,9.4,6019.0,0.12,clear
WTH_00004450,2025-07-05,10,23.8,0.0,0.6,7044.0,0.15,clear
WTH_00004451,2025-07-05,11,21.5,0.0,28.0,11378.0,0.23,clear
WTH_00004452,2025-07-05,12,20.7,0.0,23.6,8617.0,0.32,clear
WTH_00004453,2025-07-05,13,22.7,0.0,4.2,7324.0,0.05,clear
WTH_00004454,2025-07-05,14,21.8,0.0,8.4,7128.0,0.68,cloudy
WTH_00004455,2025-07-05,15,21.0,8.54,10.2,3114.0,0.87,rain
WTH_00004456,2025-07-05,16,22.4,0.0,14.6,9449.0,0.53,clear
WTH_00004457,2025-07-05,17,20.4,0.0,18.3,10047.0,0.65,cloudy
WTH_00004458,2025-07-05,18,25.3,7.04,22.9,1410.0,0.66,rain
WTH_00004459,2025-07-05,19,22.9,0.0,6.6,9326.0,0.38,clear
WTH_00004460,2025-07-05,20,22.8,0.0,4.5,6258.0,0.37,clear
WTH_00004461,2025-07-05,21,24.3,6.3,6.5,2342.0,0.74,rain
WTH_00004462,2025-07-05,22,30.7,0.0,24.3,8159.0,0.21,clear
WTH_00004463,2025-07-05,23,23.4,0.0,1.8,6198.0,0.51,clear
WTH_00004464,2025-07-06,0,32.8,0.0,7.6,8552.0,0.28,clear
WTH_00004465,2025-07-06,1,28.7,0.0,14.3,10600.0,0.35,clear
WTH_00004466,2025-07-06,2,23.3,0.0,5.3,10499.0,0.31,clear
WTH_00004467,2025-07-06,3,29.2,0.0,19.2,9039.0,0.24,clear
WTH_00004468,2025-07-06,4,31.5,0.0,2.5,9777.0,0.46,clear
WTH_00004469,2025-07-06,5,27.5,0.0,19.6,8845.0,0.48,clear
WTH_00004470,2025-07-06,6,31.1,0.0,6.3,9491.0,0.08,clear
WTH_00004471,2025-07-06,7,27.8,9.88,17.7,2556.0,0.9,rain
WTH_00004472,2025-07-06,8,24.4,0.0,22.9,7767.0,0.35,clear
WTH_00004473,2025-07-06,9,27.6,0.0,23.8,8460.0,0.16,clear
WTH_00004474,2025-07-06,10,22.9,0.0,17.1,9679.0,0.56,clear
WTH_00004475,2025-07-06,11,26.2,0.0,3.1,11503.0,0.39,clear
WTH_00004476,2025-07-06,12,18.3,0.0,35.9,10879.0,0.37,clear
WTH_00004477,2025-07-06,13,24.7,0.0,9.3,6970.0,0.31,clear
WTH_00004478,2025-07-06,14,22.8,0.0,9.3,8767.0,0.15,clear
WTH_00004479,2025-07-06,15,20.4,0.0,11.2,9418.0,0.04,clear
WTH_00004480,2025-07-06,16,22.2,0.0,12.6,9924.0,0.11,clear
WTH_00004481,2025-07-06,17,24.9,0.0,12.3,7332.0,0.13,clear
WTH_00004482,2025-07-06,18,24.1,0.0,10.6,11359.0,0.33,clear
WTH_00004483,2025-07-06,19,24.2,0.0,4.6,10467.0,0.76,cloudy
WTH_00004484,2025-07-06,20,28.8,0.0,24.8,9556.0,0.42,clear
WTH_00004485,2025-07-06,21,28.1,0.0,14.0,11184.0,0.15,clear
WTH_00004486,2025-07-06,22,26.3,0.0,4.6,6602.0,0.55,clear
WTH_00004487,2025-07-06,23,26.7,1.49,2.4,3271.0,0.94,rain
WTH_00004488,2025-07-07,0,31.6,0.0,5.3,9568.0,0.3,clear
WTH_00004489,2025-07-07,1,32.8,0.0,5.4,10499.0,0.3,clear
WTH_00004490,2025-07-07,2,29.5,5.71,2.7,1406.0,0.73,rain
WTH_00004491,2025-07-07,3,31.7,0.0,2.7,6597.0,0.2,clear
WTH_00004492,2025-07-07,4,25.4,0.0,10.4,10369.0,0.24,clear
WTH_00004493,2025-07-07,5,30.4,0.0,7.2,9860.0,0.57,clear
WTH_00004494,2025-07-07,6,30.8,0.0,30.0,10717.0,0.19,clear
WTH_00004495,2025-07-07,7,25.5,0.0,2.6,7288.0,0.43,clear
WTH_00004496,2025-07-07,8,30.1,0.0,22.9,11869.0,0.44,clear
WTH_00004497,2025-07-07,9,30.3,0.0,4.8,11256.0,0.26,clear
WTH_00004498,2025-07-07,10,22.4,0.0,4.1,10850.0,0.28,clear
WTH_00004499,2025-07-07,11,24.1,0.0,2.2,6149.0,0.3,clear
WTH_00004500,2025-07-07,12,23.6,0.0,4.2,10966.0,0.48,clear
WTH_00004501,2025-07-07,13,20.3,0.0,12.8,11134.0,0.6,cloudy
WTH_00004502,2025-07-07,14,18.4,0.0,5.6,7470.0,0.31,clear
WTH_00004503,2025-07-07,15,23.8,0.0,13.5,10166.0,0.51,clear
WTH_00004504,2025-07-07,16,19.0,14.59,19.4,1797.0,0.74,rain
WTH_00004505,2025-07-07,17,22.6,0.0,8.9,9231.0,0.38,clear
WTH_00004506,2025-07-07,18,20.6,0.0,14.1,10418.0,0.39,clear
WTH_00004507,2025-07-07,19,23.6,0.0,9.9,9647.0,0.1,clear
WTH_00004508,2025-07-07,20,20.1,0.0,16.9,7310.0,0.13,clear
WTH_00004509,2025-07-07,21,26.3,0.0,8.1,11252.0,0.48,clear
WTH_00004510,2025-07-07,22,27.8,0.0,1.1,1080.0,0.12,fog
WTH_00004511,2025-07-07,23,29.2,0.0,3.5,6027.0,0.52,clear
WTH_00004512,2025-07-08,0,27.8,0.0,6.6,8516.0,0.4,clear
WTH_00004513,2025-07-08,1,29.6,0.0,12.1,11846.0,0.4,clear
WTH_00004514,2025-07-08,2,32.5,0.0,16.6,11609.0,0.2,clear
WTH_00004515,2025-07-08,3,29.4,0.0,9.3,9242.0,0.45,clear
WTH_00004516,2025-07-08,4,31.7,0.0,20.1,9634.0,0.43,clear
WTH_00004517,2025-07-08,5,28.3,2.87,14.5,3023.0,0.89,rain
WTH_00004518,2025-07-08,6,28.5,0.0,16.9,8260.0,0.38,clear
WTH_00004519,2025-07-08,7,28.4,0.0,4.4,8880.0,0.26,clear
WTH_00004520,2025-07-08,8,28.6,0.0,12.3,7134.0,0.15,clear
WTH_00004521,2025-07-08,9,27.5,0.0,5.6,8430.0,0.39,clear
WTH_00004522,2025-07-08,10,25.6,0.0,17.8,10543.0,0.46,clear
WTH_00004523,2025-07-08,11,26.3,0.0,28.5,6511.0,0.53,clear
WTH_00004524,2025-07-08,12,22.9,0.0,9.2,11150.0,0.4,clear
WTH_00004525,2025-07-08,13,20.3,0.0,4.4,7660.0,0.33,clear
WTH_00004526,2025-07-08,14,20.8,0.0,3.9,9112.0,0.18,clear
WTH_00004527,2025-07-08,15,20.1,0.0,29.4,10098.0,0.36,clear
WTH_00004528,2025-07-08,16,22.3,0.0,18.1,8202.0,0.38,clear
WTH_00004529,2025-07-08,17,22.3,0.0,5.5,10193.0,0.31,clear
WTH_00004530,2025-07-08,18,24.7,0.0,12.4,8180.0,0.63,cloudy
WTH_00004531,2025-07-08,19,28.9,0.0,5.5,8553.0,0.44,clear
WTH_00004532,2025-07-08,20,23.0,0.0,18.9,9681.0,0.24,clear
WTH_00004533,2025-07-08,21,28.2,0.0,12.3,10779.0,0.22,clear
WTH_00004534,2025-07-08,22,25.4,0.0,1.0,9986.0,0.07,clear
WTH_00004535,2025-07-08,23,28.2,0.0,25.6,11326.0,0.26,clear
WTH_00004536,2025-07-09,0,29.4,2.07,27.9,3308.0,0.47,rain
WTH_00004537,2025-07-09,1,28.8,7.22,25.6,1843.0,0.69,rain
WTH_00004538,2025-07-09,2,31.8,0.87,24.1,2268.0,0.47,rain
WTH_00004539,2025-07-09,3,31.6,3.0,20.2,2960.0,1.0,rain
WTH_00004540,2025-07-09,4,27.6,2.34,21.7,2257.0,0.71,rain
WTH_00004541,2025-07-09,5,29.6,10.8,21.4,2697.0,0.51,storm
WTH_00004542,2025-07-09,6,25.4,0.75,26.1,2529.0,1.0,rain
WTH_00004543,2025-07-09,7,30.5,11.05,20.5,2692.0,0.57,storm
WTH_00004544,2025-07-09,8,25.2,1.92,36.4,816.0,0.84,rain
WTH_00004545,2025-07-09,9,28.9,2.64,17.6,2747.0,0.64,rain
WTH_00004546,2025-07-09,10,25.8,12.69,22.8,3881.0,0.66,storm
WTH_00004547,2025-07-09,11,23.5,1.54,28.0,3371.0,0.85,rain
WTH_00004548,2025-07-09,12,28.3,3.65,22.9,2912.0,0.67,rain
WTH_00004549,2025-07-09,13,26.1,1.46,46.8,3849.0,0.55,rain
WTH_00004550,2025-07-09,14,22.4,1.11,26.1,3050.0,0.58,rain
WTH_00004551,2025-07-09,15,22.0,7.06,21.5,2877.0,0.54,rain
WTH_00004552,2025-07-09,16,24.0,4.77,22.4,1601.0,0.63,rain
WTH_00004553,2025-07-09,17,24.0,2.81,26.2,3807.0,0.65,rain
WTH_00004554,2025-07-09,18,21.2,2.59,21.2,1090.0,0.95,rain
WTH_00004555,2025-07-09,19,23.9,4.45,22.3,1941.0,0.57,rain
WTH_00004556,2025-07-09,20,25.9,6.77,34.0,2378.0,0.82,rain
WTH_00004557,2025-07-09,21,26.7,1.25,18.4,2157.0,0.68,rain
WTH_00004558,2025-07-09,22,27.9,9.59,31.1,1165.0,0.72,storm
WTH_00004559,2025-07-09,23,30.0,13.02,19.9,837.0,0.92,storm
WTH_00004560,2025-07-10,0,29.2,0.0,3.8,8730.0,0.23,clear
WTH_00004561,2025-07-10,1,29.5,0.0,7.2,7854.0,0.25,clear
WTH_00004562,2025-07-10,2,30.0,0.0,15.5,11138.0,0.08,clear
WTH_00004563,2025-07-10,3,30.8,0.0,20.9,10523.0,0.24,clear
WTH_00004564,2025-07-10,4,31.0,0.0,6.7,6464.0,0.35,clear
WTH_00004565,2025-07-10,5,27.4,0.0,10.0,8531.0,0.28,clear
WTH_00004566,2025-07-10,6,28.5,0.0,8.0,6935.0,0.22,clear
WTH_00004567,2025-07-10,7,28.0,0.0,27.6,11395.0,0.62,cloudy
WTH_00004568,2025-07-10,8,30.7,0.0,1.4,7974.0,0.35,clear
WTH_00004569,2025-07-10,9,27.4,0.0,8.0,7403.0,0.21,clear
WTH_00004570,2025-07-10,10,24.9,0.0,7.8,6655.0,0.67,cloudy
WTH_00004571,2025-07-10,11,23.7,0.0,7.0,8326.0,0.43,clear
WTH_00004572,2025-07-10,12,20.5,0.0,4.4,8184.0,0.46,clear
WTH_00004573,2025-07-10,13,21.3,0.0,0.9,10211.0,0.31,clear
WTH_00004574,2025-07-10,14,24.0,0.0,7.4,7309.0,0.06,clear
WTH_00004575,2025-07-10,15,25.5,0.0,3.6,9570.0,0.68,cloudy
WTH_00004576,2025-07-10,16,21.5,0.0,6.4,11566.0,0.08,clear
WTH_00004577,2025-07-10,17,22.6,0.0,29.7,8249.0,0.26,clear
WTH_00004578,2025-07-10,18,23.4,0.0,32.2,7000.0,0.11,clear
WTH_00004579,2025-07-10,19,22.7,0.0,6.2,9514.0,0.48,clear
WTH_00004580,2025-07-10,20,24.3,7.8,13.1,2294.0,0.64,rain
WTH_00004581,2025-07-10,21,26.7,0.0,5.2,11548.0,0.46,clear
WTH_00004582,2025-07-10,22,27.3,0.0,10.5,9382.0,0.17,clear
WTH_00004583,2025-07-10,23,27.6,0.0,39.8,9686.0,0.43,clear
WTH_00004584,2025-07-11,0,28.8,0.0,13.3,6785.0,0.33,clear
WTH_00004585,2025-07-11,1,32.6,0.0,11.2,10015.0,0.27,clear
WTH_00004586,2025-07-11,2,29.2,5.87,3.3,1301.0,1.0,rain
WTH_00004587,2025-07-11,3,31.1,0.0,12.1,6479.0,0.12,clear
WTH_00004588,2025-07-11,4,26.7,0.0,8.2,8407.0,0.31,clear
WTH_00004589,2025-07-11,5,29.6,0.0,19.2,9428.0,0.4,clear
WTH_00004590,2025-07-11,6,27.9,0.0,18.5,10213.0,0.22,clear
WTH_00004591,2025-07-11,7,26.9,0.0,9.4,10467.0,0.47,clear
WTH_00004592,2025-07-11,8,25.4,0.0,16.6,7008.0,0.18,clear
WTH_00004593,2025-07-11,9,24.3,0.0,22.5,8871.0,0.48,clear
WTH_00004594,2025-07-11,10,25.4,0.0,19.4,9821.0,0.04,clear
WTH_00004595,2025-07-11,11,21.1,0.0,29.8,6672.0,0.37,clear
WTH_00004596,2025-07-11,12,24.5,0.0,9.3,9892.0,0.24,clear
WTH_00004597,2025-07-11,13,21.7,0.0,2.4,10412.0,0.12,clear
WTH_00004598,2025-07-11,14,21.8,0.0,33.5,8650.0,0.39,clear
WTH_00004599,2025-07-11,15,22.4,0.0,3.3,11776.0,0.34,clear
WTH_00004600,2025-07-11,16,21.7,0.0,10.7,6803.0,0.24,clear
WTH_00004601,2025-07-11,17,20.4,0.0,4.7,9218.0,0.21,clear
WTH_00004602,2025-07-11,18,25.6,0.0,13.6,10255.0,0.25,clear
WTH_00004603,2025-07-11,19,27.3,0.0,11.5,10709.0,0.22,clear
WTH_00004604,2025-07-11,20,26.6,0.0,4.1,10798.0,0.14,clear
WTH_00004605,2025-07-11,21,25.5,0.0,10.3,9016.0,0.2,clear
WTH_00004606,2025-07-11,22,31.5,0.0,9.7,11264.0,0.35,clear
WTH_00004607,2025-07-11,23,31.1,0.0,11.8,8061.0,0.15,clear
WTH_00004608,2025-07-12,0,30.8,0.43,14.0,3951.0,0.47,rain
WTH_00004609,2025-07-12,1,29.3,0.0,12.4,8873.0,0.55,clear
WTH_00004610,2025-07-12,2,27.5,0.0,4.5,6594.0,0.29,clear
WTH_00004611,2025-07-12,3,30.9,0.0,26.8,6560.0,0.33,clear
WTH_00004612,2025-07-12,4,27.0,6.66,19.1,1459.0,0.96,rain
WTH_00004613,2025-07-12,5,31.7,0.0,6.7,9104.0,0.46,clear
WTH_00004614,2025-07-12,6,27.6,0.0,6.8,6471.0,0.05,clear
WTH_00004615,2025-07-12,7,29.3,0.0,11.2,9749.0,0.36,clear
WTH_00004616,2025-07-12,8,25.9,0.0,9.4,9510.0,0.51,clear
WTH_00004617,2025-07-12,9,24.8,0.0,14.1,9610.0,0.7,cloudy
WTH_00004618,2025-07-12,10,25.3,0.0,38.8,11384.0,0.29,clear
WTH_00004619,2025-07-12,11,24.7,0.0,1.8,9017.0,0.03,clear
WTH_00004620,2025-07-12,12,22.8,0.0,5.0,7248.0,0.34,clear
WTH_00004621,2025-07-12,13,23.9,0.0,8.0,190.0,0.58,fog
WTH_00004622,2025-07-12,14,22.4,0.0,13.3,10508.0,0.22,clear
WTH_00004623,2025-07-12,15,21.4,0.0,10.9,6626.0,0.17,clear
WTH_00004624,2025-07-12,16,23.3,0.0,13.2,6766.0,0.12,clear
WTH_00004625,2025-07-12,17,24.2,0.0,2.5,7501.0,0.25,clear
WTH_00004626,2025-07-12,18,21.8,0.0,2.6,10831.0,0.17,clear
WTH_00004627,2025-07-12,19,22.5,0.0,20.4,11651.0,0.26,clear
WTH_00004628,2025-07-12,20,24.8,0.0,3.1,6723.0,0.72,cloudy
WTH_00004629,2025-07-12,21,25.0,0.0,2.7,7441.0,0.21,clear
WTH_00004630,2025-07-12,22,24.9,0.0,8.5,7904.0,0.19,clear
WTH_00004631,2025-07-12,23,25.3,0.0,24.3,7115.0,0.47,clear
WTH_00004632,2025-07-13,0,26.1,0.0,4.9,6809.0,0.13,clear
WTH_00004633,2025-07-13,1,30.1,0.0,4.6,11155.0,0.37,clear
WTH_00004634,2025-07-13,2,27.4,0.0,21.2,7978.0,0.28,clear
WTH_00004635,2025-07-13,3,30.6,0.0,6.9,10525.0,0.09,clear
WTH_00004636,2025-07-13,4,27.8,0.0,29.4,11906.0,0.17,clear
WTH_00004637,2025-07-13,5,30.0,0.0,7.1,9060.0,0.74,cloudy
WTH_00004638,2025-07-13,6,25.6,0.0,7.1,9156.0,0.22,clear
WTH_00004639,2025-07-13,7,23.9,0.0,19.2,6875.0,0.18,clear
WTH_00004640,2025-07-13,8,26.8,0.0,2.7,7793.0,0.32,clear
WTH_00004641,2025-07-13,9,26.8,0.0,4.8,8437.0,0.34,clear
WTH_00004642,2025-07-13,10,25.1,1.23,17.8,2293.0,0.45,rain
WTH_00004643,2025-07-13,11,25.1,0.0,3.1,8411.0,0.15,clear
WTH_00004644,2025-07-13,12,20.9,0.0,6.1,10237.0,0.13,clear
WTH_00004645,2025-07-13,13,22.5,0.0,10.2,8408.0,0.17,clear
WTH_00004646,2025-07-13,14,19.5,7.01,26.5,908.0,0.6,rain
WTH_00004647,2025-07-13,15,21.6,0.0,13.2,7004.0,0.59,clear
WTH_00004648,2025-07-13,16,20.8,0.0,9.9,6019.0,0.18,clear
WTH_00004649,2025-07-13,17,20.6,0.0,17.1,10058.0,0.43,clear
WTH_00004650,2025-07-13,18,24.0,0.0,13.0,7099.0,0.13,clear
WTH_00004651,2025-07-13,19,20.7,0.0,22.0,6888.0,0.42,clear
WTH_00004652,2025-07-13,20,23.8,0.0,1.3,6858.0,0.09,clear
WTH_00004653,2025-07-13,21,25.8,0.0,3.4,10401.0,0.37,clear
WTH_00004654,2025-07-13,22,27.0,0.0,5.8,10267.0,0.47,clear
WTH_00004655,2025-07-13,23,27.9,8.01,18.4,3466.0,0.89,rain
WTH_00004656,2025-07-14,0,27.0,0.0,32.0,8939.0,0.63,cloudy
WTH_00004657,2025-07-14,1,32.9,7.94,9.9,3394.0,0.81,rain
WTH_00004658,2025-07-14,2,27.2,0.0,11.0,7274.0,0.2,clear
WTH_00004659,2025-07-14,3,25.7,0.0,5.1,11822.0,0.19,clear
WTH_00004660,2025-07-14,4,27.5,0.0,2.4,8980.0,0.56,clear
WTH_00004661,2025-07-14,5,31.3,0.0,24.1,9949.0,0.15,clear
WTH_00004662,2025-07-14,6,28.6,0.0,6.0,8224.0,0.2,clear
WTH_00004663,2025-07-14,7,28.1,0.0,4.6,6505.0,0.26,clear
WTH_00004664,2025-07-14,8,28.8,0.0,0.6,8965.0,0.48,clear
WTH_00004665,2025-07-14,9,24.4,0.0,9.2,7756.0,0.24,clear
WTH_00004666,2025-07-14,10,25.2,4.19,13.1,3254.0,0.57,rain
WTH_00004667,2025-07-14,11,25.5,0.0,2.8,7916.0,0.09,clear
WTH_00004668,2025-07-14,12,23.5,0.0,4.4,10110.0,0.37,clear
WTH_00004669,2025-07-14,13,23.5,0.0,21.2,7979.0,0.57,clear
WTH_00004670,2025-07-14,14,19.4,0.0,6.5,10645.0,0.1,clear
WTH_00004671,2025-07-14,15,20.2,0.0,9.6,7490.0,0.23,clear
WTH_00004672,2025-07-14,16,22.8,0.0,8.4,8047.0,0.35,clear
WTH_00004673,2025-07-14,17,22.5,0.0,8.5,6924.0,0.44,clear
WTH_00004674,2025-07-14,18,21.5,0.0,8.3,10377.0,0.25,clear
WTH_00004675,2025-07-14,19,28.6,0.0,8.9,10078.0,0.07,clear
WTH_00004676,2025-07-14,20,24.7,0.0,25.9,10643.0,0.23,clear
WTH_00004677,2025-07-14,21,24.2,0.0,4.2,9485.0,0.46,clear
WTH_00004678,2025-07-14,22,26.5,0.0,10.3,7494.0,0.26,clear
WTH_00004679,2025-07-14,23,30.5,0.0,3.0,11055.0,0.14,clear
WTH_00004680,2025-07-15,0,29.0,0.0,8.2,7101.0,0.28,clear
WTH_00004681,2025-07-15,1,30.6,0.0,6.5,8208.0,0.1,clear
WTH_00004682,2025-07-15,2,29.6,0.0,19.3,11595.0,0.68,cloudy
WTH_00004683,2025-07-15,3,31.4,0.0,7.4,10402.0,0.53,clear
WTH_00004684,2025-07-15,4,30.8,0.0,16.9,10151.0,0.62,cloudy
WTH_00004685,2025-07-15,5,28.4,0.0,4.2,7531.0,0.55,clear
WTH_00004686,2025-07-15,6,28.0,0.0,13.1,11452.0,0.61,cloudy
WTH_00004687,2025-07-15,7,29.2,0.0,15.7,7417.0,0.24,clear
WTH_00004688,2025-07-15,8,26.6,0.0,4.5,11933.0,0.61,cloudy
WTH_00004689,2025-07-15,9,23.7,0.0,5.0,8322.0,0.41,clear
WTH_00004690,2025-07-15,10,25.1,0.0,11.4,7738.0,0.23,clear
WTH_00004691,2025-07-15,11,24.6,0.0,10.4,6333.0,0.39,clear
WTH_00004692,2025-07-15,12,23.2,0.0,40.7,11184.0,0.3,clear
WTH_00004693,2025-07-15,13,20.5,0.0,12.5,9858.0,0.03,clear
WTH_00004694,2025-07-15,14,20.2,0.0,9.5,10684.0,0.28,clear
WTH_00004695,2025-07-15,15,22.1,0.0,23.4,6519.0,0.75,cloudy
WTH_00004696,2025-07-15,16,25.8,0.0,0.3,6647.0,0.05,clear
WTH_00004697,2025-07-15,17,22.6,0.0,18.9,8027.0,0.31,clear
WTH_00004698,2025-07-15,18,26.9,0.0,18.8,7207.0,0.33,clear
WTH_00004699,2025-07-15,19,27.7,0.0,5.1,8399.0,0.23,clear
WTH_00004700,2025-07-15,20,23.4,0.0,40.0,9811.0,0.43,clear
WTH_00004701,2025-07-15,21,26.7,0.0,10.5,8442.0,0.63,cloudy
WTH_00004702,2025-07-15,22,25.6,0.0,16.7,9619.0,0.36,clear
WTH_00004703,2025-07-15,23,30.1,0.0,4.6,11070.0,0.39,clear
WTH_00004704,2025-07-16,0,30.9,0.0,16.2,11266.0,0.45,clear
WTH_00004705,2025-07-16,1,29.9,0.0,3.9,7260.0,0.45,clear
WTH_00004706,2025-07-16,2,28.9,0.0,12.8,7381.0,0.18,clear
WTH_00004707,2025-07-16,3,34.6,0.0,7.8,10354.0,0.52,clear
WTH_00004708,2025-07-16,4,32.5,0.0,2.0,11731.0,0.33,clear
WTH_00004709,2025-07-16,5,28.9,0.0,19.1,7697.0,0.09,clear
WTH_00004710,2025-07-16,6,28.2,0.0,7.9,11975.0,0.25,clear
WTH_00004711,2025-07-16,7,29.8,0.0,10.4,6577.0,0.54,clear
WTH_00004712,2025-07-16,8,29.7,0.0,17.5,8751.0,0.18,clear
WTH_00004713,2025-07-16,9,26.6,0.0,8.9,11148.0,0.5,clear
WTH_00004714,2025-07-16,10,22.9,0.0,21.3,7453.0,0.1,clear
WTH_00004715,2025-07-16,11,21.7,0.0,11.5,10571.0,0.25,clear
WTH_00004716,2025-07-16,12,24.1,0.0,6.1,8426.0,0.38,clear
WTH_00004717,2025-07-16,13,23.0,0.0,4.8,8104.0,0.58,clear
WTH_00004718,2025-07-16,14,23.7,0.0,21.2,7968.0,0.67,cloudy
WTH_00004719,2025-07-16,15,20.2,0.0,16.5,10644.0,0.08,clear
WTH_00004720,2025-07-16,16,21.1,0.0,8.4,10082.0,0.32,clear
WTH_00004721,2025-07-16,17,18.2,0.0,10.2,11802.0,0.31,clear
WTH_00004722,2025-07-16,18,22.6,0.0,7.9,7957.0,0.56,clear
WTH_00004723,2025-07-16,19,22.9,0.0,30.5,8115.0,0.34,clear
WTH_00004724,2025-07-16,20,27.1,0.0,14.4,7084.0,0.36,clear
WTH_00004725,2025-07-16,21,23.6,0.0,1.7,11578.0,0.1,clear
WTH_00004726,2025-07-16,22,29.1,0.0,40.1,8483.0,0.18,clear
WTH_00004727,2025-07-16,23,26.3,0.0,7.7,11616.0,0.05,clear
WTH_00004728,2025-07-17,0,31.7,0.0,9.3,11572.0,0.42,clear
WTH_00004729,2025-07-17,1,30.6,0.0,8.4,9513.0,0.37,clear
WTH_00004730,2025-07-17,2,25.3,0.0,5.7,10692.0,0.05,clear
WTH_00004731,2025-07-17,3,28.3,0.0,13.5,6784.0,0.41,clear
WTH_00004732,2025-07-17,4,30.3,0.0,34.6,8442.0,0.53,clear
WTH_00004733,2025-07-17,5,30.0,1.94,13.0,3173.0,0.88,rain
WTH_00004734,2025-07-17,6,28.3,0.0,26.4,8667.0,0.42,clear
WTH_00004735,2025-07-17,7,30.3,0.0,21.5,8475.0,0.02,clear
WTH_00004736,2025-07-17,8,30.3,0.0,41.7,6961.0,0.55,clear
WTH_00004737,2025-07-17,9,29.5,0.0,6.9,8055.0,0.04,clear
WTH_00004738,2025-07-17,10,26.8,0.0,11.9,9487.0,0.13,clear
WTH_00004739,2025-07-17,11,28.1,0.0,5.2,6236.0,0.2,clear
WTH_00004740,2025-07-17,12,23.5,0.0,13.7,9160.0,0.33,clear
WTH_00004741,2025-07-17,13,22.6,0.0,17.0,9208.0,0.24,clear
WTH_00004742,2025-07-17,14,21.6,0.0,12.7,9432.0,0.5,clear
WTH_00004743,2025-07-17,15,22.5,3.36,5.7,1258.0,0.49,rain
WTH_00004744,2025-07-17,16,20.4,0.0,9.9,7948.0,0.38,clear
WTH_00004745,2025-07-17,17,24.1,0.0,3.9,1069.0,0.27,fog
WTH_00004746,2025-07-17,18,22.2,0.0,4.1,6835.0,0.11,clear
WTH_00004747,2025-07-17,19,23.4,0.0,28.9,8817.0,0.21,clear
WTH_00004748,2025-07-17,20,25.6,0.0,32.4,8567.0,0.21,clear
WTH_00004749,2025-07-17,21,24.1,0.0,28.9,9278.0,0.46,clear
WTH_00004750,2025-07-17,22,27.3,0.0,8.0,9259.0,0.34,clear
WTH_00004751,2025-07-17,23,30.0,0.0,18.5,6292.0,0.29,clear
WTH_00004752,2025-07-18,0,32.4,9.64,28.7,2910.0,0.78,storm
WTH_00004753,2025-07-18,1,31.2,7.2,30.2,2864.0,0.82,rain
WTH_00004754,2025-07-18,2,28.2,4.54,39.6,814.0,0.71,rain
WTH_00004755,2025-07-18,3,30.7,2.95,36.6,2763.0,0.71,rain
WTH_00004756,2025-07-18,4,29.1,6.21,16.4,1370.0,1.0,rain
WTH_00004757,2025-07-18,5,31.2,5.26,21.9,2190.0,0.81,rain
WTH_00004758,2025-07-18,6,28.0,2.2,27.1,2449.0,0.93,rain
WTH_00004759,2025-07-18,7,31.0,2.47,21.5,1218.0,0.94,rain
WTH_00004760,2025-07-18,8,28.1,2.16,42.2,3056.0,0.86,rain
WTH_00004761,2025-07-18,9,26.0,10.11,30.5,2858.0,0.87,storm
WTH_00004762,2025-07-18,10,26.1,8.85,43.9,1184.0,0.71,storm
WTH_00004763,2025-07-18,11,25.7,8.42,20.7,3340.0,0.95,storm
WTH_00004764,2025-07-18,12,24.7,7.9,28.6,3681.0,0.75,rain
WTH_00004765,2025-07-18,13,22.6,8.62,39.1,1029.0,0.68,storm
WTH_00004766,2025-07-18,14,22.2,2.69,26.5,2850.0,0.63,rain
WTH_00004767,2025-07-18,15,22.4,3.76,15.8,3721.0,0.89,rain
WTH_00004768,2025-07-18,16,21.1,11.1,31.2,1010.0,0.92,storm
WTH_00004769,2025-07-18,17,20.5,1.81,31.4,2748.0,0.61,rain
WTH_00004770,2025-07-18,18,25.0,6.94,28.4,3159.0,1.0,rain
WTH_00004771,2025-07-18,19,20.9,0.98,19.6,1196.0,0.63,rain
WTH_00004772,2025-07-18,20,28.6,4.35,21.7,2764.0,0.69,rain
WTH_00004773,2025-07-18,21,23.8,6.06,20.1,3657.0,0.57,rain
WTH_00004774,2025-07-18,22,29.2,8.62,22.5,2267.0,0.61,storm
WTH_00004775,2025-07-18,23,28.1,6.02,22.1,2224.0,0.55,rain
WTH_00004776,2025-07-19,0,29.2,0.0,43.4,8005.0,0.11,clear
WTH_00004777,2025-07-19,1,30.2,0.0,3.7,6475.0,0.48,clear
WTH_00004778,2025-07-19,2,31.7,0.0,5.1,11820.0,0.13,clear
WTH_00004779,2025-07-19,3,33.4,0.0,8.6,8723.0,0.64,cloudy
WTH_00004780,2025-07-19,4,30.1,0.0,19.1,7312.0,0.11,clear
WTH_00004781,2025-07-19,5,30.4,0.0,8.8,7362.0,0.68,cloudy
WTH_00004782,2025-07-19,6,28.6,0.0,5.2,10719.0,0.16,clear
WTH_00004783,2025-07-19,7,28.3,0.0,14.5,9666.0,0.26,clear
WTH_00004784,2025-07-19,8,26.6,0.0,33.8,330.0,0.19,fog
WTH_00004785,2025-07-19,9,24.6,0.0,23.5,6593.0,0.25,clear
WTH_00004786,2025-07-19,10,24.4,0.0,17.6,6501.0,0.39,clear
WTH_00004787,2025-07-19,11,21.8,0.0,25.7,6650.0,0.23,clear
WTH_00004788,2025-07-19,12,22.3,0.0,10.3,11653.0,0.06,clear
WTH_00004789,2025-07-19,13,24.0,0.0,26.9,8780.0,0.01,clear
WTH_00004790,2025-07-19,14,19.6,0.0,9.1,6312.0,0.13,clear
WTH_00004791,2025-07-19,15,21.4,0.0,8.7,8312.0,0.12,clear
WTH_00004792,2025-07-19,16,20.6,0.0,2.6,10890.0,0.11,clear
WTH_00004793,2025-07-19,17,22.1,0.0,0.9,7045.0,0.11,clear
WTH_00004794,2025-07-19,18,26.0,0.0,7.5,9543.0,0.12,clear
WTH_00004795,2025-07-19,19,22.8,0.0,3.4,7038.0,0.04,clear
WTH_00004796,2025-07-19,20,26.6,0.0,20.3,10053.0,0.19,clear
WTH_00004797,2025-07-19,21,23.1,0.0,18.2,8826.0,0.14,clear
WTH_00004798,2025-07-19,22,23.8,0.0,5.8,11367.0,0.58,clear
WTH_00004799,2025-07-19,23,27.8,0.0,13.4,7334.0,0.34,clear
WTH_00004800,2025-07-20,0,33.2,0.0,13.3,11614.0,0.39,clear
WTH_00004801,2025-07-20,1,27.2,0.0,8.8,11811.0,0.15,clear
WTH_00004802,2025-07-20,2,26.9,0.0,7.5,10620.0,0.25,clear
WTH_00004803,2025-07-20,3,32.2,0.0,9.9,8735.0,0.29,clear
WTH_00004804,2025-07-20,4,29.2,0.0,9.2,7706.0,0.41,clear
WTH_00004805,2025-07-20,5,31.5,0.0,10.1,10096.0,0.65,cloudy
WTH_00004806,2025-07-20,6,30.1,0.0,19.0,8097.0,0.44,clear
WTH_00004807,2025-07-20,7,27.6,0.0,9.6,10650.0,0.15,clear
WTH_00004808,2025-07-20,8,24.8,0.0,21.4,6310.0,0.25,clear
WTH_00004809,2025-07-20,9,23.8,0.0,14.4,10487.0,0.2,clear
WTH_00004810,2025-07-20,10,23.9,0.0,4.3,9757.0,0.28,clear
WTH_00004811,2025-07-20,11,24.3,0.0,13.0,6138.0,0.35,clear
WTH_00004812,2025-07-20,12,22.8,0.0,38.3,10321.0,0.34,clear
WTH_00004813,2025-07-20,13,21.4,0.0,5.8,7637.0,0.58,clear
WTH_00004814,2025-07-20,14,24.6,0.0,4.1,9223.0,0.49,clear
WTH_00004815,2025-07-20,15,22.3,0.0,7.7,7761.0,0.46,clear
WTH_00004816,2025-07-20,16,24.4,0.0,24.4,9047.0,0.27,clear
WTH_00004817,2025-07-20,17,22.8,0.0,10.3,8856.0,0.77,cloudy
WTH_00004818,2025-07-20,18,24.3,0.0,12.3,445.0,0.29,fog
WTH_00004819,2025-07-20,19,22.3,0.0,8.4,10175.0,0.17,clear
WTH_00004820,2025-07-20,20,23.1,0.0,19.9,6968.0,0.21,clear
WTH_00004821,2025-07-20,21,26.4,0.0,10.9,7026.0,0.15,clear
WTH_00004822,2025-07-20,22,26.1,0.0,3.2,9395.0,0.15,clear
WTH_00004823,2025-07-20,23,31.4,0.0,10.3,6952.0,0.21,clear
WTH_00004824,2025-07-21,0,27.0,2.21,14.8,3917.0,0.97,rain
WTH_00004825,2025-07-21,1,28.0,0.0,6.2,9308.0,0.3,clear
WTH_00004826,2025-07-21,2,33.7,0.0,8.7,11818.0,0.22,clear
WTH_00004827,2025-07-21,3,32.9,0.0,10.6,10886.0,0.19,clear
WTH_00004828,2025-07-21,4,29.7,0.0,2.9,10925.0,0.42,clear
WTH_00004829,2025-07-21,5,27.4,0.0,25.3,7549.0,0.53,clear
WTH_00004830,2025-07-21,6,26.3,0.0,7.8,11743.0,0.28,clear
WTH_00004831,2025-07-21,7,24.9,0.0,13.1,7253.0,0.41,clear
WTH_00004832,2025-07-21,8,27.5,0.0,22.2,9978.0,0.22,clear
WTH_00004833,2025-07-21,9,25.5,0.0,4.8,6805.0,0.38,clear
WTH_00004834,2025-07-21,10,24.5,0.0,11.8,11316.0,0.08,clear
WTH_00004835,2025-07-21,11,26.3,0.0,0.8,7600.0,0.31,clear
WTH_00004836,2025-07-21,12,23.0,0.0,6.1,8428.0,0.37,clear
WTH_00004837,2025-07-21,13,23.4,0.0,16.1,9743.0,0.47,clear
WTH_00004838,2025-07-21,14,25.1,0.0,14.1,6638.0,0.2,clear
WTH_00004839,2025-07-21,15,23.5,0.0,29.6,452.0,0.36,fog
WTH_00004840,2025-07-21,16,25.8,0.0,5.7,10268.0,0.17,clear
WTH_00004841,2025-07-21,17,18.4,0.0,10.3,10825.0,0.3,clear
WTH_00004842,2025-07-21,18,23.1,0.0,1.5,7308.0,0.22,clear
WTH_00004843,2025-07-21,19,24.5,0.0,23.9,9417.0,0.36,clear
WTH_00004844,2025-07-21,20,24.6,0.0,21.1,10311.0,0.35,clear
WTH_00004845,2025-07-21,21,22.5,0.0,4.2,6142.0,0.24,clear
WTH_00004846,2025-07-21,22,27.4,0.0,23.5,7145.0,0.31,clear
WTH_00004847,2025-07-21,23,25.1,9.11,14.2,3788.0,0.59,rain
WTH_00004848,2025-07-22,0,27.0,0.0,10.3,7948.0,0.16,clear
WTH_00004849,2025-07-22,1,30.9,0.0,24.0,7859.0,0.55,clear
WTH_00004850,2025-07-22,2,28.5,0.0,11.8,7336.0,0.51,clear
WTH_00004851,2025-07-22,3,31.8,0.0,5.1,8590.0,0.75,cloudy
WTH_00004852,2025-07-22,4,33.8,0.0,2.4,11810.0,0.09,clear
WTH_00004853,2025-07-22,5,29.1,0.0,18.1,9838.0,0.4,clear
WTH_00004854,2025-07-22,6,28.7,0.0,5.1,6145.0,0.36,clear
WTH_00004855,2025-07-22,7,29.4,0.0,6.2,7113.0,0.54,clear
WTH_00004856,2025-07-22,8,28.7,0.0,5.8,7856.0,0.31,clear
WTH_00004857,2025-07-22,9,27.3,0.0,18.4,11652.0,0.19,clear
WTH_00004858,2025-07-22,10,21.0,0.0,18.6,7920.0,0.05,clear
WTH_00004859,2025-07-22,11,26.0,0.0,14.8,11186.0,0.49,clear
WTH_00004860,2025-07-22,12,22.7,0.0,7.6,9218.0,0.08,clear
WTH_00004861,2025-07-22,13,22.3,0.0,5.0,8320.0,0.25,clear
WTH_00004862,2025-07-22,14,22.3,0.0,8.3,10744.0,0.09,clear
WTH_00004863,2025-07-22,15,20.7,0.0,18.6,9589.0,0.32,clear
WTH_00004864,2025-07-22,16,23.1,0.0,4.3,10646.0,0.42,clear
WTH_00004865,2025-07-22,17,23.9,0.0,28.2,8874.0,0.28,clear
WTH_00004866,2025-07-22,18,25.3,0.0,3.5,11523.0,0.11,clear
WTH_00004867,2025-07-22,19,25.7,0.0,7.8,8173.0,0.18,clear
WTH_00004868,2025-07-22,20,24.2,8.78,12.7,3756.0,0.92,rain
WTH_00004869,2025-07-22,21,24.5,0.0,7.1,8944.0,0.2,clear
WTH_00004870,2025-07-22,22,27.4,0.0,6.4,6122.0,0.34,clear
WTH_00004871,2025-07-22,23,29.0,0.73,19.6,2791.0,0.47,rain
WTH_00004872,2025-07-23,0,27.8,0.0,19.4,7554.0,0.04,clear
WTH_00004873,2025-07-23,1,28.9,0.0,6.3,7062.0,0.31,clear
WTH_00004874,2025-07-23,2,31.2,0.0,22.5,6688.0,0.46,clear
WTH_00004875,2025-07-23,3,28.5,0.0,12.6,8014.0,0.13,clear
WTH_00004876,2025-07-23,4,31.9,0.0,10.1,10889.0,0.65,cloudy
WTH_00004877,2025-07-23,5,29.2,0.0,7.1,7143.0,0.24,clear
WTH_00004878,2025-07-23,6,28.4,0.0,7.2,7751.0,0.32,clear
WTH_00004879,2025-07-23,7,26.3,0.0,6.5,6728.0,0.38,clear
WTH_00004880,2025-07-23,8,27.2,0.0,4.2,6551.0,0.27,clear
WTH_00004881,2025-07-23,9,25.6,0.0,8.2,6893.0,0.17,clear
WTH_00004882,2025-07-23,10,24.4,0.0,16.3,7689.0,0.11,clear
WTH_00004883,2025-07-23,11,23.3,0.0,20.7,6092.0,0.25,clear
WTH_00004884,2025-07-23,12,22.0,0.0,8.9,11035.0,0.47,clear
WTH_00004885,2025-07-23,13,23.4,0.0,12.2,9914.0,0.26,clear
WTH_00004886,2025-07-23,14,20.5,0.0,15.1,11743.0,0.39,clear
WTH_00004887,2025-07-23,15,24.2,0.0,5.2,10291.0,0.14,clear
WTH_00004888,2025-07-23,16,19.7,0.0,7.0,8459.0,0.15,clear
WTH_00004889,2025-07-23,17,23.8,0.0,26.3,11720.0,0.7,cloudy
WTH_00004890,2025-07-23,18,24.2,0.0,14.0,11235.0,0.34,clear
WTH_00004891,2025-07-23,19,24.8,0.0,6.9,11779.0,0.26,clear
WTH_00004892,2025-07-23,20,24.4,1.18,25.4,880.0,0.78,rain
WTH_00004893,2025-07-23,21,31.5,0.0,11.1,8630.0,0.45,clear
WTH_00004894,2025-07-23,22,24.9,0.0,4.2,11322.0,0.8,cloudy
WTH_00004895,2025-07-23,23,26.0,0.0,20.5,10455.0,0.62,cloudy
WTH_00004896,2025-07-24,0,31.8,0.0,19.8,9133.0,0.34,clear
WTH_00004897,2025-07-24,1,29.2,0.0,18.3,8729.0,0.23,clear
WTH_00004898,2025-07-24,2,30.5,0.0,7.9,6502.0,0.4,clear
WTH_00004899,2025-07-24,3,29.9,0.0,3.3,9861.0,0.24,clear
WTH_00004900,2025-07-24,4,31.5,0.0,6.2,6372.0,0.35,clear
WTH_00004901,2025-07-24,5,29.9,0.0,4.0,6501.0,0.18,clear
WTH_00004902,2025-07-24,6,29.4,0.0,9.6,11150.0,0.28,clear
WTH_00004903,2025-07-24,7,30.1,0.0,7.9,8465.0,0.37,clear
WTH_00004904,2025-07-24,8,27.5,0.0,27.6,11514.0,0.13,clear
WTH_00004905,2025-07-24,9,23.7,0.0,7.4,8027.0,0.55,clear
WTH_00004906,2025-07-24,10,25.8,0.0,6.6,9410.0,0.53,clear
WTH_00004907,2025-07-24,11,20.1,0.0,12.3,7332.0,0.38,clear
WTH_00004908,2025-07-24,12,21.1,0.0,15.7,8742.0,0.38,clear
WTH_00004909,2025-07-24,13,20.5,0.0,12.1,6222.0,0.04,clear
WTH_00004910,2025-07-24,14,18.6,0.0,8.1,7744.0,0.39,clear
WTH_00004911,2025-07-24,15,22.8,0.0,10.1,11345.0,0.17,clear
WTH_00004912,2025-07-24,16,25.7,0.0,10.4,11036.0,0.76,cloudy
WTH_00004913,2025-07-24,17,22.1,0.0,8.6,9559.0,0.18,clear
WTH_00004914,2025-07-24,18,25.4,0.0,18.4,8137.0,0.19,clear
WTH_00004915,2025-07-24,19,20.7,0.0,24.5,6618.0,0.01,clear
WTH_00004916,2025-07-24,20,26.3,0.0,8.7,9173.0,0.58,clear
WTH_00004917,2025-07-24,21,25.2,0.0,9.5,9367.0,0.07,clear
WTH_00004918,2025-07-24,22,27.8,0.0,8.6,11958.0,0.02,clear
WTH_00004919,2025-07-24,23,29.2,0.0,6.7,7219.0,0.33,clear
WTH_00004920,2025-07-25,0,24.6,9.36,27.0,2965.0,0.84,storm
WTH_00004921,2025-07-25,1,31.4,7.01,24.8,2950.0,0.84,rain
WTH_00004922,2025-07-25,2,35.5,5.19,21.2,3898.0,1.0,rain
WTH_00004923,2025-07-25,3,30.2,2.65,34.0,2543.0,0.65,rain
WTH_00004924,2025-07-25,4,26.9,1.01,28.6,3402.0,0.57,rain
WTH_00004925,2025-07-25,5,25.4,5.56,18.1,1394.0,0.55,rain
WTH_00004926,2025-07-25,6,31.0,2.22,21.0,3979.0,0.89,rain
WTH_00004927,2025-07-25,7,26.7,8.0,25.3,1583.0,1.0,rain
WTH_00004928,2025-07-25,8,27.5,3.92,17.9,3733.0,0.78,rain
WTH_00004929,2025-07-25,9,24.6,4.4,19.7,3368.0,0.5,rain
WTH_00004930,2025-07-25,10,25.5,1.65,32.6,3669.0,0.51,rain
WTH_00004931,2025-07-25,11,22.9,4.99,22.1,1855.0,1.0,rain
WTH_00004932,2025-07-25,12,24.4,2.48,38.9,2987.0,0.7,rain
WTH_00004933,2025-07-25,13,23.9,5.4,20.1,3714.0,0.71,rain
WTH_00004934,2025-07-25,14,20.8,7.05,35.2,2622.0,0.57,rain
WTH_00004935,2025-07-25,15,16.2,1.93,19.8,3274.0,0.7,rain
WTH_00004936,2025-07-25,16,24.2,1.66,23.4,919.0,0.51,rain
WTH_00004937,2025-07-25,17,25.4,5.81,23.7,3188.0,0.79,rain
WTH_00004938,2025-07-25,18,24.5,5.1,30.8,3551.0,1.0,rain
WTH_00004939,2025-07-25,19,25.5,14.68,59.5,2773.0,1.0,storm
WTH_00004940,2025-07-25,20,25.8,2.29,38.2,2465.0,0.51,rain
WTH_00004941,2025-07-25,21,25.7,2.58,20.5,2083.0,0.66,rain
WTH_00004942,2025-07-25,22,28.7,16.13,19.1,2503.0,1.0,storm
WTH_00004943,2025-07-25,23,27.2,5.18,18.8,1395.0,0.93,rain
WTH_00004944,2025-07-26,0,28.7,5.66,27.8,2247.0,0.71,rain
WTH_00004945,2025-07-26,1,29.5,12.21,22.4,1921.0,0.9,storm
WTH_00004946,2025-07-26,2,26.6,2.83,43.8,3656.0,0.53,rain
WTH_00004947,2025-07-26,3,29.0,0.61,26.4,1785.0,1.0,rain
WTH_00004948,2025-07-26,4,27.6,9.66,20.5,2082.0,0.53,storm
WTH_00004949,2025-07-26,5,30.9,4.45,33.2,1923.0,0.83,rain
WTH_00004950,2025-07-26,6,29.1,14.35,20.9,1769.0,0.59,storm
WTH_00004951,2025-07-26,7,25.7,17.48,19.1,3564.0,0.82,storm
WTH_00004952,2025-07-26,8,27.2,8.33,43.4,2835.0,0.8,storm
WTH_00004953,2025-07-26,9,23.2,3.89,28.2,2840.0,0.84,rain
WTH_00004954,2025-07-26,10,27.0,7.18,18.1,843.0,0.93,rain
WTH_00004955,2025-07-26,11,22.9,8.69,20.9,2669.0,0.54,storm
WTH_00004956,2025-07-26,12,23.3,1.92,27.5,1749.0,1.0,rain
WTH_00004957,2025-07-26,13,20.7,6.9,26.0,3696.0,0.63,rain
WTH_00004958,2025-07-26,14,21.2,2.1,47.7,2108.0,0.91,rain
WTH_00004959,2025-07-26,15,21.6,9.48,19.1,3388.0,0.53,storm
WTH_00004960,2025-07-26,16,19.3,4.09,20.9,3692.0,0.43,rain
WTH_00004961,2025-07-26,17,25.4,1.05,31.8,3400.0,0.7,rain
WTH_00004962,2025-07-26,18,21.1,2.9,19.3,3650.0,0.74,rain
WTH_00004963,2025-07-26,19,26.1,5.32,23.8,2216.0,0.99,rain
WTH_00004964,2025-07-26,20,26.5,13.29,22.2,3975.0,0.52,storm
WTH_00004965,2025-07-26,21,25.2,4.1,32.3,2445.0,0.72,rain
WTH_00004966,2025-07-26,22,25.7,4.4,51.9,1277.0,0.77,rain
WTH_00004967,2025-07-26,23,26.1,5.16,28.8,1150.0,0.74,rain
WTH_00004968,2025-07-27,0,25.4,0.0,5.8,7122.0,0.39,clear
WTH_00004969,2025-07-27,1,31.4,0.0,18.2,6856.0,0.43,clear
WTH_00004970,2025-07-27,2,31.8,0.0,22.1,7544.0,0.23,clear
WTH_00004971,2025-07-27,3,31.2,0.0,6.7,10090.0,0.26,clear
WTH_00004972,2025-07-27,4,25.9,0.0,8.7,10078.0,0.4,clear
WTH_00004973,2025-07-27,5,31.1,0.0,7.8,11902.0,0.3,clear
WTH_00004974,2025-07-27,6,29.0,0.0,7.3,9922.0,0.42,clear
WTH_00004975,2025-07-27,7,25.9,0.0,2.2,8440.0,0.43,clear
WTH_00004976,2025-07-27,8,27.0,0.0,37.3,7457.0,0.25,clear
WTH_00004977,2025-07-27,9,26.7,0.0,13.0,7592.0,0.25,clear
WTH_00004978,2025-07-27,10,21.7,0.0,16.0,9425.0,0.2,clear
WTH_00004979,2025-07-27,11,23.9,0.0,9.2,6756.0,0.44,clear
WTH_00004980,2025-07-27,12,22.4,0.0,16.5,9034.0,0.18,clear
WTH_00004981,2025-07-27,13,20.3,0.0,9.3,9245.0,0.62,cloudy
WTH_00004982,2025-07-27,14,23.0,0.0,15.6,11704.0,0.51,clear
WTH_00004983,2025-07-27,15,19.6,0.0,7.0,9419.0,0.14,clear
WTH_00004984,2025-07-27,16,24.5,0.0,11.2,9200.0,0.14,clear
WTH_00004985,2025-07-27,17,17.9,0.0,12.1,9299.0,0.17,clear
WTH_00004986,2025-07-27,18,20.6,0.0,10.2,6646.0,0.19,clear
WTH_00004987,2025-07-27,19,22.5,0.0,9.2,6121.0,0.38,clear
WTH_00004988,2025-07-27,20,23.2,0.0,31.3,7381.0,0.35,clear
WTH_00004989,2025-07-27,21,24.4,0.0,13.8,11277.0,0.51,clear
WTH_00004990,2025-07-27,22,27.2,0.0,17.4,9026.0,0.2,clear
WTH_00004991,2025-07-27,23,28.7,0.0,6.6,10539.0,0.36,clear
WTH_00004992,2025-07-28,0,28.1,0.0,25.6,8836.0,0.36,clear
WTH_00004993,2025-07-28,1,31.1,0.0,21.8,7920.0,0.36,clear
WTH_00004994,2025-07-28,2,32.6,0.0,9.5,11783.0,0.08,clear
WTH_00004995,2025-07-28,3,31.5,0.0,3.7,6147.0,0.5,clear
WTH_00004996,2025-07-28,4,30.6,0.0,13.9,7635.0,0.14,clear
WTH_00004997,2025-07-28,5,27.8,17.57,2.5,1688.0,0.85,rain
WTH_00004998,2025-07-28,6,29.3,0.0,13.7,9114.0,0.07,clear
WTH_00004999,2025-07-28,7,27.1,0.0,11.7,10548.0,0.09,clear
WTH_00005000,2025-07-28,8,27.1,0.0,12.8,11681.0,0.25,clear
WTH_00005001,2025-07-28,9,26.0,0.0,13.5,7364.0,0.4,clear
WTH_00005002,2025-07-28,10,22.9,0.0,22.5,6952.0,0.37,clear
WTH_00005003,2025-07-28,11,25.3,3.57,14.1,3148.0,0.56,rain
WTH_00005004,2025-07-28,12,24.9,0.0,15.2,6721.0,0.45,clear
WTH_00005005,2025-07-28,13,19.7,0.0,19.6,7413.0,0.55,clear
WTH_00005006,2025-07-28,14,24.0,0.0,3.9,6074.0,0.44,clear
WTH_00005007,2025-07-28,15,23.2,0.0,5.0,9547.0,0.04,clear
WTH_00005008,2025-07-28,16,24.1,0.0,13.4,9416.0,0.31,clear
WTH_00005009,2025-07-28,17,22.9,0.0,22.9,10134.0,0.36,clear
WTH_00005010,2025-07-28,18,26.2,0.0,11.5,7929.0,0.43,clear
WTH_00005011,2025-07-28,19,25.0,0.0,12.2,10238.0,0.41,clear
WTH_00005012,2025-07-28,20,22.5,0.0,3.1,8265.0,0.1,clear
WTH_00005013,2025-07-28,21,24.1,0.0,5.7,10633.0,0.37,clear
WTH_00005014,2025-07-28,22,29.5,8.48,5.4,993.0,0.87,rain
WTH_00005015,2025-07-28,23,25.1,0.0,6.1,6289.0,0.3,clear
WTH_00005016,2025-07-29,0,29.4,0.0,25.5,8336.0,0.62,cloudy
WTH_00005017,2025-07-29,1,28.4,0.0,13.9,6663.0,0.46,clear
WTH_00005018,2025-07-29,2,29.2,0.0,26.3,7619.0,0.14,clear
WTH_00005019,2025-07-29,3,28.2,0.0,8.6,6605.0,0.08,clear
WTH_00005020,2025-07-29,4,31.0,0.0,34.3,6479.0,0.13,clear
WTH_00005021,2025-07-29,5,30.5,0.0,15.6,8340.0,0.36,clear
WTH_00005022,2025-07-29,6,31.3,0.0,4.3,7612.0,0.12,clear
WTH_00005023,2025-07-29,7,25.8,0.0,10.6,6999.0,0.41,clear
WTH_00005024,2025-07-29,8,25.9,0.0,1.8,11462.0,0.15,clear
WTH_00005025,2025-07-29,9,25.0,0.0,5.6,9503.0,0.21,clear
WTH_00005026,2025-07-29,10,25.2,0.0,3.3,6083.0,0.06,clear
WTH_00005027,2025-07-29,11,21.9,0.0,3.6,8215.0,0.04,clear
WTH_00005028,2025-07-29,12,21.0,0.0,7.4,11111.0,0.02,clear
WTH_00005029,2025-07-29,13,22.3,0.0,10.7,6239.0,0.3,clear
WTH_00005030,2025-07-29,14,20.4,0.0,7.9,8569.0,0.1,clear
WTH_00005031,2025-07-29,15,23.6,0.0,20.8,10808.0,0.08,clear
WTH_00005032,2025-07-29,16,24.0,0.0,12.9,9867.0,0.18,clear
WTH_00005033,2025-07-29,17,22.9,0.0,7.9,11461.0,0.51,clear
WTH_00005034,2025-07-29,18,25.1,0.0,6.8,7651.0,0.45,clear
WTH_00005035,2025-07-29,19,28.5,6.04,16.3,2454.0,0.71,rain
WTH_00005036,2025-07-29,20,23.9,0.0,34.1,9301.0,0.37,clear
WTH_00005037,2025-07-29,21,27.6,0.0,7.8,10815.0,0.8,cloudy
WTH_00005038,2025-07-29,22,29.1,0.0,1.9,9895.0,0.22,clear
WTH_00005039,2025-07-29,23,24.3,15.68,25.5,1786.0,0.81,rain
WTH_00005040,2025-07-30,0,24.2,6.76,38.3,3165.0,0.74,rain
WTH_00005041,2025-07-30,1,29.1,5.84,27.3,2782.0,0.63,rain
WTH_00005042,2025-07-30,2,28.3,7.92,20.7,3522.0,0.54,rain
WTH_00005043,2025-07-30,3,30.0,2.42,35.5,2337.0,0.77,rain
WTH_00005044,2025-07-30,4,29.5,3.84,17.5,3216.0,0.65,rain
WTH_00005045,2025-07-30,5,31.7,7.18,27.9,3208.0,0.5,rain
WTH_00005046,2025-07-30,6,29.3,5.74,53.1,3070.0,0.91,rain
WTH_00005047,2025-07-30,7,28.3,5.39,35.6,2157.0,0.76,rain
WTH_00005048,2025-07-30,8,25.7,5.72,32.0,1930.0,0.74,rain
WTH_00005049,2025-07-30,9,25.5,1.42,37.8,2967.0,0.95,rain
WTH_00005050,2025-07-30,10,21.2,6.22,17.1,1492.0,0.88,rain
WTH_00005051,2025-07-30,11,24.1,5.61,22.7,2218.0,0.83,rain
WTH_00005052,2025-07-30,12,23.6,6.75,21.8,3028.0,0.87,rain
WTH_00005053,2025-07-30,13,26.0,13.91,27.9,1895.0,0.98,storm
WTH_00005054,2025-07-30,14,23.4,2.46,29.3,3015.0,0.75,rain
WTH_00005055,2025-07-30,15,23.4,12.24,22.3,3027.0,0.73,storm
WTH_00005056,2025-07-30,16,22.8,14.83,26.3,3645.0,0.73,storm
WTH_00005057,2025-07-30,17,22.5,4.95,16.6,3470.0,0.62,rain
WTH_00005058,2025-07-30,18,21.1,3.83,26.3,2144.0,0.76,rain
WTH_00005059,2025-07-30,19,23.9,5.11,24.6,2849.0,1.0,rain
WTH_00005060,2025-07-30,20,26.5,2.19,16.4,3664.0,0.58,rain
WTH_00005061,2025-07-30,21,25.9,6.98,38.6,1630.0,0.65,rain
WTH_00005062,2025-07-30,22,27.3,3.37,42.7,1131.0,0.56,rain
WTH_00005063,2025-07-30,23,24.7,7.13,17.4,3929.0,0.45,rain
WTH_00005064,2025-07-31,0,27.3,0.0,14.8,11441.0,0.3,clear
WTH_00005065,2025-07-31,1,29.1,0.0,6.8,8745.0,0.32,clear
WTH_00005066,2025-07-31,2,28.2,0.0,22.8,7249.0,0.27,clear
WTH_00005067,2025-07-31,3,28.2,0.0,6.1,11202.0,0.1,clear
WTH_00005068,2025-07-31,4,29.8,0.0,6.9,11401.0,0.18,clear
WTH_00005069,2025-07-31,5,27.6,0.0,20.6,10085.0,0.13,clear
WTH_00005070,2025-07-31,6,25.8,0.0,3.1,6903.0,0.67,cloudy
WTH_00005071,2025-07-31,7,28.3,0.0,34.4,7719.0,0.32,clear
WTH_00005072,2025-07-31,8,26.1,0.0,13.2,10695.0,0.14,clear
WTH_00005073,2025-07-31,9,26.8,0.0,8.3,11076.0,0.35,clear
WTH_00005074,2025-07-31,10,24.2,0.0,4.0,6897.0,0.37,clear
WTH_00005075,2025-07-31,11,26.1,0.0,15.2,8109.0,0.48,clear
WTH_00005076,2025-07-31,12,20.3,0.0,29.2,9581.0,0.17,clear
WTH_00005077,2025-07-31,13,20.7,0.0,13.3,10121.0,0.31,clear
WTH_00005078,2025-07-31,14,22.1,0.0,3.7,11730.0,0.13,clear
WTH_00005079,2025-07-31,15,20.1,0.0,14.3,11491.0,0.31,clear
WTH_00005080,2025-07-31,16,25.2,0.0,6.4,10490.0,0.47,clear
WTH_00005081,2025-07-31,17,23.0,4.75,7.5,1915.0,0.95,rain
WTH_00005082,2025-07-31,18,21.7,0.0,22.3,9310.0,0.12,clear
WTH_00005083,2025-07-31,19,27.1,0.0,11.9,8296.0,0.77,cloudy
WTH_00005084,2025-07-31,20,21.4,0.0,4.1,8813.0,0.19,clear
WTH_00005085,2025-07-31,21,27.6,0.0,17.9,6133.0,0.21,clear
WTH_00005086,2025-07-31,22,25.5,0.0,14.4,7041.0,0.39,clear
WTH_00005087,2025-07-31,23,25.3,4.02,3.6,1894.0,0.72,rain
WTH_00005088,2025-08-01,0,31.1,0.0,7.3,9266.0,0.58,clear
WTH_00005089,2025-08-01,1,30.7,0.0,13.1,6124.0,0.24,clear
WTH_00005090,2025-08-01,2,31.3,0.0,6.8,6230.0,0.31,clear
WTH_00005091,2025-08-01,3,28.4,0.0,36.8,6970.0,0.77,cloudy
WTH_00005092,2025-08-01,4,30.5,0.0,34.9,11789.0,0.14,clear
WTH_00005093,2025-08-01,5,26.0,0.0,19.3,11152.0,0.13,clear
WTH_00005094,2025-08-01,6,29.8,0.0,6.6,11894.0,0.28,clear
WTH_00005095,2025-08-01,7,25.7,0.0,6.2,11798.0,0.33,clear
WTH_00005096,2025-08-01,8,31.5,0.0,0.4,10803.0,0.43,clear
WTH_00005097,2025-08-01,9,28.0,0.0,11.0,8700.0,0.21,clear
WTH_00005098,2025-08-01,10,21.8,0.0,10.3,6326.0,0.58,clear
WTH_00005099,2025-08-01,11,24.1,0.0,5.6,10455.0,0.27,clear
WTH_00005100,2025-08-01,12,19.5,0.0,8.4,6591.0,0.35,clear
WTH_00005101,2025-08-01,13,21.7,0.0,11.7,6065.0,0.29,clear
WTH_00005102,2025-08-01,14,18.5,0.0,11.1,7446.0,0.43,clear
WTH_00005103,2025-08-01,15,25.1,0.0,13.0,11218.0,0.35,clear
WTH_00005104,2025-08-01,16,19.4,0.0,10.4,6687.0,0.9,cloudy
WTH_00005105,2025-08-01,17,25.9,0.0,2.9,11037.0,0.43,clear
WTH_00005106,2025-08-01,18,23.3,0.0,6.7,8694.0,0.13,clear
WTH_00005107,2025-08-01,19,24.9,0.0,9.1,7963.0,0.21,clear
WTH_00005108,2025-08-01,20,23.1,0.0,8.0,9108.0,0.45,clear
WTH_00005109,2025-08-01,21,26.1,0.0,5.3,6466.0,0.25,clear
WTH_00005110,2025-08-01,22,26.5,0.0,25.0,10594.0,0.09,clear
WTH_00005111,2025-08-01,23,29.7,0.0,4.4,11398.0,0.2,clear
WTH_00005112,2025-08-02,0,30.3,0.0,3.7,11623.0,0.45,clear
WTH_00005113,2025-08-02,1,31.6,0.0,3.6,8746.0,0.02,clear
WTH_00005114,2025-08-02,2,28.6,6.77,5.3,868.0,0.6,rain
WTH_00005115,2025-08-02,3,29.7,2.55,26.2,3043.0,0.69,rain
WTH_00005116,2025-08-02,4,30.4,0.0,10.7,6609.0,0.13,clear
WTH_00005117,2025-08-02,5,31.0,0.0,6.5,10240.0,0.18,clear
WTH_00005118,2025-08-02,6,26.9,0.0,5.0,6443.0,0.22,clear
WTH_00005119,2025-08-02,7,30.5,0.0,18.8,7434.0,0.41,clear
WTH_00005120,2025-08-02,8,28.6,0.0,4.8,6951.0,0.71,cloudy
WTH_00005121,2025-08-02,9,22.9,0.0,4.1,6751.0,0.53,clear
WTH_00005122,2025-08-02,10,28.1,0.0,13.4,7865.0,0.49,clear
WTH_00005123,2025-08-02,11,24.5,0.0,23.6,10337.0,0.26,clear
WTH_00005124,2025-08-02,12,21.0,0.0,9.6,934.0,0.28,fog
WTH_00005125,2025-08-02,13,20.9,0.0,8.6,9844.0,0.09,clear
WTH_00005126,2025-08-02,14,22.9,0.0,10.4,6473.0,0.37,clear
WTH_00005127,2025-08-02,15,20.1,0.0,10.2,7851.0,0.44,clear
WTH_00005128,2025-08-02,16,21.6,0.0,17.5,6593.0,0.66,cloudy
WTH_00005129,2025-08-02,17,24.4,0.0,6.6,10512.0,0.22,clear
WTH_00005130,2025-08-02,18,23.1,0.0,6.4,11642.0,0.5,clear
WTH_00005131,2025-08-02,19,21.8,0.0,13.8,7184.0,0.28,clear
WTH_00005132,2025-08-02,20,23.5,0.0,2.4,7758.0,0.51,clear
WTH_00005133,2025-08-02,21,23.9,0.0,1.8,7679.0,0.29,clear
WTH_00005134,2025-08-02,22,24.3,0.0,23.4,617.0,0.2,fog
WTH_00005135,2025-08-02,23,28.7,0.0,14.5,6160.0,0.21,clear
WTH_00005136,2025-08-03,0,29.8,3.71,43.8,1006.0,0.78,rain
WTH_00005137,2025-08-03,1,30.4,12.08,18.6,2254.0,0.81,storm
WTH_00005138,2025-08-03,2,26.8,3.78,30.2,1721.0,0.6,rain
WTH_00005139,2025-08-03,3,27.3,2.86,36.1,1550.0,0.89,rain
WTH_00005140,2025-08-03,4,30.1,9.19,18.5,1730.0,0.78,storm
WTH_00005141,2025-08-03,5,28.8,2.3,15.9,2317.0,0.65,rain
WTH_00005142,2025-08-03,6,28.2,4.34,34.7,3641.0,0.78,rain
WTH_00005143,2025-08-03,7,24.8,6.33,18.2,1657.0,0.79,rain
WTH_00005144,2025-08-03,8,27.2,7.79,27.5,2780.0,0.47,rain
WTH_00005145,2025-08-03,9,24.1,15.15,19.1,1816.0,0.99,storm
WTH_00005146,2025-08-03,10,23.2,2.94,33.7,3501.0,0.99,rain
WTH_00005147,2025-08-03,11,23.2,9.76,26.2,1252.0,0.56,storm
WTH_00005148,2025-08-03,12,22.8,0.81,22.3,1573.0,0.86,rain
WTH_00005149,2025-08-03,13,21.3,2.57,42.8,2547.0,0.5,rain
WTH_00005150,2025-08-03,14,21.3,3.99,19.5,1505.0,0.46,rain
WTH_00005151,2025-08-03,15,24.1,12.78,30.0,2363.0,0.77,storm
WTH_00005152,2025-08-03,16,20.4,6.8,22.9,2084.0,0.79,rain
WTH_00005153,2025-08-03,17,23.7,5.51,35.9,2206.0,0.86,rain
WTH_00005154,2025-08-03,18,25.2,5.15,22.4,3090.0,0.63,rain
WTH_00005155,2025-08-03,19,21.8,5.4,23.8,3676.0,0.75,rain
WTH_00005156,2025-08-03,20,22.9,3.23,24.8,1078.0,0.58,rain
WTH_00005157,2025-08-03,21,26.4,8.3,35.1,1005.0,0.61,storm
WTH_00005158,2025-08-03,22,25.3,3.38,24.2,2588.0,0.44,rain
WTH_00005159,2025-08-03,23,29.1,5.47,26.7,1396.0,0.8,rain
WTH_00005160,2025-08-04,0,31.2,0.0,31.5,6013.0,0.52,clear
WTH_00005161,2025-08-04,1,26.8,0.0,11.2,1160.0,0.05,fog
WTH_00005162,2025-08-04,2,31.1,0.0,10.7,10477.0,0.12,clear
WTH_00005163,2025-08-04,3,26.9,0.0,29.2,9196.0,0.08,clear
WTH_00005164,2025-08-04,4,29.7,0.0,2.4,9808.0,0.14,clear
WTH_00005165,2025-08-04,5,29.9,0.0,21.6,1071.0,0.28,fog
WTH_00005166,2025-08-04,6,30.2,0.0,8.7,10999.0,0.5,clear
WTH_00005167,2025-08-04,7,30.6,0.0,19.2,10755.0,0.04,clear
WTH_00005168,2025-08-04,8,26.5,0.0,4.3,9801.0,0.23,clear
WTH_00005169,2025-08-04,9,25.2,0.0,15.6,10402.0,0.16,clear
WTH_00005170,2025-08-04,10,24.4,0.0,17.9,9531.0,0.39,clear
WTH_00005171,2025-08-04,11,25.4,0.0,18.1,8335.0,0.41,clear
WTH_00005172,2025-08-04,12,22.6,0.0,5.9,9347.0,0.23,clear
WTH_00005173,2025-08-04,13,22.8,0.0,10.2,7264.0,0.08,clear
WTH_00005174,2025-08-04,14,20.7,0.0,28.7,8178.0,0.16,clear
WTH_00005175,2025-08-04,15,24.1,0.0,14.6,7971.0,0.39,clear
WTH_00005176,2025-08-04,16,21.7,0.0,6.6,9626.0,0.12,clear
WTH_00005177,2025-08-04,17,20.2,0.0,14.5,8522.0,0.32,clear
WTH_00005178,2025-08-04,18,24.7,0.0,8.0,6904.0,0.29,clear
WTH_00005179,2025-08-04,19,27.7,0.0,2.7,10866.0,0.17,clear
WTH_00005180,2025-08-04,20,22.1,0.0,16.4,11160.0,0.49,clear
WTH_00005181,2025-08-04,21,23.3,0.0,13.5,10884.0,0.38,clear
WTH_00005182,2025-08-04,22,29.6,0.0,22.6,7499.0,0.18,clear
WTH_00005183,2025-08-04,23,27.6,0.0,6.6,8311.0,0.24,clear
WTH_00005184,2025-08-05,0,24.5,0.0,3.5,11730.0,0.26,clear
WTH_00005185,2025-08-05,1,32.9,0.0,11.4,8677.0,0.36,clear
WTH_00005186,2025-08-05,2,27.0,0.0,20.8,10362.0,0.42,clear
WTH_00005187,2025-08-05,3,30.3,0.0,4.4,9848.0,0.24,clear
WTH_00005188,2025-08-05,4,26.9,0.0,1.3,8549.0,0.24,clear
WTH_00005189,2025-08-05,5,29.6,0.0,3.2,9830.0,0.34,clear
WTH_00005190,2025-08-05,6,29.9,0.0,15.2,11238.0,0.38,clear
WTH_00005191,2025-08-05,7,27.9,0.0,20.4,8458.0,0.05,clear
WTH_00005192,2025-08-05,8,27.0,0.0,6.2,6605.0,0.34,clear
WTH_00005193,2025-08-05,9,24.5,0.0,12.2,6624.0,0.17,clear
WTH_00005194,2025-08-05,10,24.2,0.0,15.9,6288.0,0.35,clear
WTH_00005195,2025-08-05,11,25.8,0.0,15.0,10455.0,0.25,clear
WTH_00005196,2025-08-05,12,21.5,0.0,14.1,9797.0,0.32,clear
WTH_00005197,2025-08-05,13,22.2,0.0,19.4,7253.0,0.37,clear
WTH_00005198,2025-08-05,14,22.5,0.0,24.7,11059.0,0.42,clear
WTH_00005199,2025-08-05,15,24.4,0.0,3.0,8097.0,0.25,clear
WTH_00005200,2025-08-05,16,22.7,0.0,19.6,8474.0,0.08,clear
WTH_00005201,2025-08-05,17,25.0,0.0,19.9,6458.0,0.28,clear
WTH_00005202,2025-08-05,18,23.1,0.0,22.1,6566.0,0.43,clear
WTH_00005203,2025-08-05,19,26.1,0.0,30.9,10197.0,0.45,clear
WTH_00005204,2025-08-05,20,25.8,0.0,17.4,7494.0,0.38,clear
WTH_00005205,2025-08-05,21,23.4,0.0,21.6,6303.0,0.25,clear
WTH_00005206,2025-08-05,22,26.8,0.0,9.2,6773.0,0.14,clear
WTH_00005207,2025-08-05,23,27.8,0.0,4.1,10924.0,0.46,clear
WTH_00005208,2025-08-06,0,27.2,0.0,14.3,11005.0,0.44,clear
WTH_00005209,2025-08-06,1,28.8,0.0,17.0,8165.0,0.33,clear
WTH_00005210,2025-08-06,2,28.6,0.0,16.3,8925.0,0.57,clear
WTH_00005211,2025-08-06,3,35.0,0.0,4.7,9961.0,0.75,cloudy
WTH_00005212,2025-08-06,4,32.4,0.0,13.5,9088.0,0.11,clear
WTH_00005213,2025-08-06,5,28.3,0.0,3.5,8485.0,0.29,clear
WTH_00005214,2025-08-06,6,28.7,0.0,1.7,10871.0,0.72,cloudy
WTH_00005215,2025-08-06,7,27.6,0.0,10.1,9373.0,0.32,clear
WTH_00005216,2025-08-06,8,24.6,0.0,6.2,8926.0,0.66,cloudy
WTH_00005217,2025-08-06,9,25.4,0.0,3.1,6006.0,0.2,clear
WTH_00005218,2025-08-06,10,25.3,0.0,12.2,6523.0,0.41,clear
WTH_00005219,2025-08-06,11,24.2,0.0,26.2,9669.0,0.53,clear
WTH_00005220,2025-08-06,12,20.5,0.0,25.5,9461.0,0.36,clear
WTH_00005221,2025-08-06,13,20.6,0.0,10.1,334.0,0.48,fog
WTH_00005222,2025-08-06,14,20.4,0.0,1.9,10889.0,0.4,clear
WTH_00005223,2025-08-06,15,23.2,0.0,8.2,8623.0,0.38,clear
WTH_00005224,2025-08-06,16,21.3,0.0,7.5,11764.0,0.25,clear
WTH_00005225,2025-08-06,17,19.6,0.0,12.7,9723.0,0.29,clear
WTH_00005226,2025-08-06,18,23.1,0.0,2.3,9482.0,0.33,clear
WTH_00005227,2025-08-06,19,24.8,0.0,10.5,461.0,0.28,fog
WTH_00005228,2025-08-06,20,26.6,0.0,6.9,10084.0,0.09,clear
WTH_00005229,2025-08-06,21,26.9,0.0,11.2,9403.0,0.64,cloudy
WTH_00005230,2025-08-06,22,27.4,0.0,10.5,10473.0,0.37,clear
WTH_00005231,2025-08-06,23,31.3,0.0,9.2,10816.0,0.55,clear
WTH_00005232,2025-08-07,0,28.5,0.0,4.2,8249.0,0.49,clear
WTH_00005233,2025-08-07,1,27.3,0.0,7.5,10968.0,0.4,clear
WTH_00005234,2025-08-07,2,29.5,0.0,11.7,8549.0,0.08,clear
WTH_00005235,2025-08-07,3,30.8,0.0,11.2,8427.0,0.27,clear
WTH_00005236,2025-08-07,4,32.2,0.0,12.6,6369.0,0.13,clear
WTH_00005237,2025-08-07,5,29.1,0.0,11.5,11667.0,0.51,clear
WTH_00005238,2025-08-07,6,28.2,0.0,22.1,11846.0,0.39,clear
WTH_00005239,2025-08-07,7,27.3,0.0,9.4,8896.0,0.72,cloudy
WTH_00005240,2025-08-07,8,29.4,0.0,1.6,7019.0,0.38,clear
WTH_00005241,2025-08-07,9,26.4,0.0,7.3,8650.0,0.23,clear
WTH_00005242,2025-08-07,10,20.7,0.0,7.1,9551.0,0.28,clear
WTH_00005243,2025-08-07,11,23.7,8.27,3.8,2129.0,0.46,rain
WTH_00005244,2025-08-07,12,23.2,0.0,8.9,10307.0,0.26,clear
WTH_00005245,2025-08-07,13,26.2,0.0,7.6,9615.0,0.31,clear
WTH_00005246,2025-08-07,14,19.1,0.0,23.9,10923.0,0.43,clear
WTH_00005247,2025-08-07,15,19.7,0.0,7.4,9540.0,0.23,clear
WTH_00005248,2025-08-07,16,22.8,0.0,8.8,7179.0,0.77,cloudy
WTH_00005249,2025-08-07,17,18.3,0.0,9.9,10867.0,0.16,clear
WTH_00005250,2025-08-07,18,27.6,0.0,2.5,8482.0,0.34,clear
WTH_00005251,2025-08-07,19,26.4,0.0,0.6,9048.0,0.1,clear
WTH_00005252,2025-08-07,20,25.0,0.0,11.3,9361.0,0.74,cloudy
WTH_00005253,2025-08-07,21,23.9,0.0,5.5,6892.0,0.61,cloudy
WTH_00005254,2025-08-07,22,26.6,0.0,3.4,6672.0,0.55,clear
WTH_00005255,2025-08-07,23,30.3,0.0,34.5,10213.0,0.58,clear
WTH_00005256,2025-08-08,0,32.9,0.0,2.0,9074.0,0.15,clear
WTH_00005257,2025-08-08,1,29.0,0.0,4.4,6684.0,0.51,clear
WTH_00005258,2025-08-08,2,29.3,0.0,4.4,10093.0,0.45,clear
WTH_00005259,2025-08-08,3,26.5,0.0,10.5,9934.0,0.15,clear
WTH_00005260,2025-08-08,4,28.0,0.0,8.8,8388.0,0.21,clear
WTH_00005261,2025-08-08,5,30.4,0.0,8.0,11743.0,0.27,clear
WTH_00005262,2025-08-08,6,27.1,0.0,16.0,8637.0,0.25,clear
WTH_00005263,2025-08-08,7,28.8,11.49,3.5,2091.0,0.86,rain
WTH_00005264,2025-08-08,8,25.5,0.0,9.5,10360.0,0.25,clear
WTH_00005265,2025-08-08,9,25.6,0.0,8.9,6834.0,0.29,clear
WTH_00005266,2025-08-08,10,27.0,0.0,1.6,10627.0,0.39,clear
WTH_00005267,2025-08-08,11,27.4,0.0,27.0,236.0,0.11,fog
WTH_00005268,2025-08-08,12,22.5,0.0,20.7,11900.0,0.26,clear
WTH_00005269,2025-08-08,13,22.3,0.0,8.6,11178.0,0.25,clear
WTH_00005270,2025-08-08,14,23.4,0.0,2.5,10956.0,0.14,clear
WTH_00005271,2025-08-08,15,20.4,0.0,31.0,9487.0,0.72,cloudy
WTH_00005272,2025-08-08,16,20.8,0.0,11.7,6888.0,0.12,clear
WTH_00005273,2025-08-08,17,21.9,0.0,9.1,6292.0,0.08,clear
WTH_00005274,2025-08-08,18,22.0,0.0,21.1,7140.0,0.12,clear
WTH_00005275,2025-08-08,19,21.5,0.0,14.9,11191.0,0.17,clear
WTH_00005276,2025-08-08,20,25.6,0.0,7.0,7276.0,0.15,clear
WTH_00005277,2025-08-08,21,26.5,0.0,17.6,6639.0,0.34,clear
WTH_00005278,2025-08-08,22,28.2,0.0,11.2,8469.0,0.32,clear
WTH_00005279,2025-08-08,23,26.7,0.0,2.2,10478.0,0.37,clear
WTH_00005280,2025-08-09,0,27.5,0.0,6.0,6557.0,0.59,clear
WTH_00005281,2025-08-09,1,28.6,10.64,7.5,1179.0,1.0,rain
WTH_00005282,2025-08-09,2,27.5,0.0,8.2,7048.0,0.09,clear
WTH_00005283,2025-08-09,3,28.7,0.0,8.3,10233.0,0.28,clear
WTH_00005284,2025-08-09,4,28.3,0.0,7.8,10550.0,0.43,clear
WTH_00005285,2025-08-09,5,27.8,0.0,5.9,10272.0,0.69,cloudy
WTH_00005286,2025-08-09,6,33.1,0.0,6.5,10982.0,0.07,clear
WTH_00005287,2025-08-09,7,27.7,0.0,8.2,6822.0,0.42,clear
WTH_00005288,2025-08-09,8,28.9,0.0,3.6,6210.0,0.61,cloudy
WTH_00005289,2025-08-09,9,26.0,0.0,2.0,11117.0,0.11,clear
WTH_00005290,2025-08-09,10,25.0,0.0,4.1,11317.0,0.43,clear
WTH_00005291,2025-08-09,11,19.6,0.0,12.6,11447.0,0.87,cloudy
WTH_00005292,2025-08-09,12,24.5,0.0,7.5,10370.0,0.58,clear
WTH_00005293,2025-08-09,13,23.6,0.0,12.6,7584.0,0.22,clear
WTH_00005294,2025-08-09,14,27.6,0.0,19.0,7199.0,0.16,clear
WTH_00005295,2025-08-09,15,23.3,0.0,10.2,9197.0,0.59,clear
WTH_00005296,2025-08-09,16,23.6,0.0,0.9,11689.0,0.31,clear
WTH_00005297,2025-08-09,17,24.5,0.0,8.8,8149.0,0.54,clear
WTH_00005298,2025-08-09,18,24.3,0.0,1.5,6698.0,0.42,clear
WTH_00005299,2025-08-09,19,21.3,0.0,5.0,10576.0,0.39,clear
WTH_00005300,2025-08-09,20,27.4,0.0,4.5,6235.0,0.13,clear
WTH_00005301,2025-08-09,21,27.3,0.0,9.4,6306.0,0.23,clear
WTH_00005302,2025-08-09,22,29.8,0.0,6.6,11682.0,0.5,clear
WTH_00005303,2025-08-09,23,26.0,0.0,3.5,6645.0,0.42,clear
WTH_00005304,2025-08-10,0,29.6,0.0,4.3,9186.0,0.24,clear
WTH_00005305,2025-08-10,1,29.0,0.0,27.6,8200.0,0.43,clear
WTH_00005306,2025-08-10,2,30.6,0.0,1.5,11378.0,0.16,clear
WTH_00005307,2025-08-10,3,31.3,0.0,1.3,11360.0,0.03,clear
WTH_00005308,2025-08-10,4,34.7,0.0,15.8,8399.0,0.33,clear
WTH_00005309,2025-08-10,5,28.8,0.0,11.6,10743.0,0.12,clear
WTH_00005310,2025-08-10,6,28.2,0.0,6.9,6545.0,0.03,clear
WTH_00005311,2025-08-10,7,29.1,0.0,8.3,9975.0,0.1,clear
WTH_00005312,2025-08-10,8,24.9,0.0,37.0,10268.0,0.57,clear
WTH_00005313,2025-08-10,9,27.4,0.0,6.4,11469.0,0.28,clear
WTH_00005314,2025-08-10,10,24.2,0.0,8.8,10350.0,0.29,clear
WTH_00005315,2025-08-10,11,23.8,0.0,31.8,11081.0,0.2,clear
WTH_00005316,2025-08-10,12,23.8,0.0,14.5,7467.0,0.75,cloudy
WTH_00005317,2025-08-10,13,23.8,0.0,14.6,11870.0,0.3,clear
WTH_00005318,2025-08-10,14,21.0,0.0,8.1,9651.0,0.56,clear
WTH_00005319,2025-08-10,15,22.0,0.0,18.3,8662.0,0.37,clear
WTH_00005320,2025-08-10,16,23.1,0.0,7.3,10884.0,0.38,clear
WTH_00005321,2025-08-10,17,18.5,0.0,13.5,10570.0,0.33,clear
WTH_00005322,2025-08-10,18,25.2,0.0,7.7,7656.0,0.3,clear
WTH_00005323,2025-08-10,19,25.9,0.0,15.3,8404.0,0.19,clear
WTH_00005324,2025-08-10,20,24.3,0.0,15.0,8609.0,0.4,clear
WTH_00005325,2025-08-10,21,30.3,0.0,18.1,6498.0,0.47,clear
WTH_00005326,2025-08-10,22,28.0,0.0,39.0,9731.0,0.19,clear
WTH_00005327,2025-08-10,23,28.0,0.0,21.8,9217.0,0.45,clear
WTH_00005328,2025-08-11,0,30.9,0.0,6.9,7490.0,0.09,clear
WTH_00005329,2025-08-11,1,25.8,0.0,6.1,9156.0,0.15,clear
WTH_00005330,2025-08-11,2,28.7,0.0,8.8,10856.0,0.16,clear
WTH_00005331,2025-08-11,3,30.4,0.0,10.7,11531.0,0.09,clear
WTH_00005332,2025-08-11,4,28.4,0.0,9.1,7285.0,0.43,clear
WTH_00005333,2025-08-11,5,33.2,0.0,8.2,11698.0,0.52,clear
WTH_00005334,2025-08-11,6,29.9,0.0,6.5,10371.0,0.25,clear
WTH_00005335,2025-08-11,7,28.5,0.0,3.3,11587.0,0.34,clear
WTH_00005336,2025-08-11,8,25.5,0.0,13.8,10089.0,0.46,clear
WTH_00005337,2025-08-11,9,26.3,0.0,15.6,10425.0,0.33,clear
WTH_00005338,2025-08-11,10,23.5,0.0,8.5,6606.0,0.17,clear
WTH_00005339,2025-08-11,11,25.2,0.0,5.1,8655.0,0.58,clear
WTH_00005340,2025-08-11,12,23.9,0.0,6.4,10599.0,0.42,clear
WTH_00005341,2025-08-11,13,21.0,0.0,7.7,11977.0,0.48,clear
WTH_00005342,2025-08-11,14,23.1,0.0,5.5,10328.0,0.25,clear
WTH_00005343,2025-08-11,15,22.8,0.0,4.4,10692.0,0.44,clear
WTH_00005344,2025-08-11,16,21.5,0.0,33.8,10901.0,0.19,clear
WTH_00005345,2025-08-11,17,22.8,0.0,10.8,6464.0,0.08,clear
WTH_00005346,2025-08-11,18,26.0,0.0,17.5,11869.0,0.35,clear
WTH_00005347,2025-08-11,19,23.4,0.0,5.0,6024.0,0.6,cloudy
WTH_00005348,2025-08-11,20,25.7,0.0,20.3,8184.0,0.06,clear
WTH_00005349,2025-08-11,21,26.9,0.0,34.3,8087.0,0.35,clear
WTH_00005350,2025-08-11,22,27.5,0.0,26.7,8039.0,0.28,clear
WTH_00005351,2025-08-11,23,26.5,0.0,8.8,8072.0,0.38,clear
WTH_00005352,2025-08-12,0,29.8,0.0,5.3,9388.0,0.57,clear
WTH_00005353,2025-08-12,1,28.7,0.0,19.6,10176.0,0.1,clear
WTH_00005354,2025-08-12,2,26.6,0.0,10.4,8509.0,0.15,clear
WTH_00005355,2025-08-12,3,33.5,0.0,6.1,8000.0,0.14,clear
WTH_00005356,2025-08-12,4,32.5,1.46,5.4,2557.0,0.89,rain
WTH_00005357,2025-08-12,5,33.1,10.12,5.3,1698.0,0.65,rain
WTH_00005358,2025-08-12,6,27.9,0.0,2.0,11770.0,0.18,clear
WTH_00005359,2025-08-12,7,30.8,0.0,7.6,7751.0,0.31,clear
WTH_00005360,2025-08-12,8,25.7,0.0,25.4,7954.0,0.44,clear
WTH_00005361,2025-08-12,9,26.5,0.0,10.0,11985.0,0.03,clear
WTH_00005362,2025-08-12,10,24.0,0.0,12.9,11252.0,0.54,clear
WTH_00005363,2025-08-12,11,31.3,0.0,12.4,7824.0,0.1,clear
WTH_00005364,2025-08-12,12,23.6,0.0,1.9,6888.0,0.08,clear
WTH_00005365,2025-08-12,13,20.5,0.0,7.6,11997.0,0.51,clear
WTH_00005366,2025-08-12,14,19.2,0.0,8.0,7202.0,0.64,cloudy
WTH_00005367,2025-08-12,15,21.1,0.0,3.5,10065.0,0.32,clear
WTH_00005368,2025-08-12,16,19.2,1.44,4.9,2533.0,0.74,rain
WTH_00005369,2025-08-12,17,24.6,0.0,5.5,10957.0,0.21,clear
WTH_00005370,2025-08-12,18,22.4,0.0,10.3,6021.0,0.37,clear
WTH_00005371,2025-08-12,19,22.8,0.0,13.1,6672.0,0.46,clear
WTH_00005372,2025-08-12,20,24.7,0.0,20.9,700.0,0.31,fog
WTH_00005373,2025-08-12,21,28.3,0.0,6.2,7555.0,0.46,clear
WTH_00005374,2025-08-12,22,25.2,0.0,3.2,8481.0,0.31,clear
WTH_00005375,2025-08-12,23,25.8,0.0,5.0,6484.0,0.17,clear
WTH_00005376,2025-08-13,0,26.2,0.0,16.5,6413.0,0.09,clear
WTH_00005377,2025-08-13,1,28.0,0.0,13.1,8875.0,0.43,clear
WTH_00005378,2025-08-13,2,29.7,0.0,17.0,9325.0,0.21,clear
WTH_00005379,2025-08-13,3,27.9,0.0,2.5,10386.0,0.5,clear
WTH_00005380,2025-08-13,4,28.0,4.79,20.4,829.0,0.71,rain
WTH_00005381,2025-08-13,5,29.6,0.0,7.8,10793.0,0.25,clear
WTH_00005382,2025-08-13,6,30.4,0.0,6.4,10494.0,0.39,clear
WTH_00005383,2025-08-13,7,26.9,0.0,12.8,11385.0,0.82,cloudy
WTH_00005384,2025-08-13,8,29.1,0.0,23.9,10785.0,0.34,clear
WTH_00005385,2025-08-13,9,26.8,0.0,7.4,11876.0,0.54,clear
WTH_00005386,2025-08-13,10,25.2,0.0,5.2,7251.0,0.16,clear
WTH_00005387,2025-08-13,11,22.4,0.0,10.3,6842.0,0.45,clear
WTH_00005388,2025-08-13,12,23.6,0.0,5.4,9828.0,0.23,clear
WTH_00005389,2025-08-13,13,21.7,0.0,11.1,328.0,0.23,fog
WTH_00005390,2025-08-13,14,22.9,0.0,22.1,7565.0,0.21,clear
WTH_00005391,2025-08-13,15,20.4,3.14,5.5,3098.0,0.65,rain
WTH_00005392,2025-08-13,16,23.4,0.0,0.3,10862.0,0.17,clear
WTH_00005393,2025-08-13,17,21.7,0.0,8.0,10088.0,0.24,clear
WTH_00005394,2025-08-13,18,22.9,0.0,32.5,7331.0,0.43,clear
WTH_00005395,2025-08-13,19,23.0,0.0,5.6,7838.0,0.55,clear
WTH_00005396,2025-08-13,20,24.5,0.0,19.5,9989.0,0.68,cloudy
WTH_00005397,2025-08-13,21,24.2,0.0,9.5,6719.0,0.39,clear
WTH_00005398,2025-08-13,22,28.1,0.0,1.6,8910.0,0.14,clear
WTH_00005399,2025-08-13,23,28.7,0.0,2.8,9578.0,0.3,clear
WTH_00005400,2025-08-14,0,28.3,2.42,31.3,1670.0,0.85,rain
WTH_00005401,2025-08-14,1,28.1,3.29,27.6,3126.0,0.65,rain
WTH_00005402,2025-08-14,2,30.9,1.95,55.3,1207.0,0.5,rain
WTH_00005403,2025-08-14,3,35.9,16.39,18.5,2915.0,0.93,storm
WTH_00005404,2025-08-14,4,28.2,4.44,19.0,1660.0,0.5,rain
WTH_00005405,2025-08-14,5,28.4,6.7,26.6,1592.0,0.83,rain
WTH_00005406,2025-08-14,6,27.8,9.64,30.8,1643.0,0.57,storm
WTH_00005407,2025-08-14,7,26.3,4.69,20.6,2619.0,0.6,rain
WTH_00005408,2025-08-14,8,25.3,6.96,22.4,3306.0,0.7,rain
WTH_00005409,2025-08-14,9,25.2,7.98,39.0,3442.0,0.7,rain
WTH_00005410,2025-08-14,10,24.0,11.8,18.4,1088.0,0.73,storm
WTH_00005411,2025-08-14,11,25.3,4.15,17.7,1990.0,0.88,rain
WTH_00005412,2025-08-14,12,22.8,4.96,45.3,1402.0,1.0,rain
WTH_00005413,2025-08-14,13,20.5,7.41,29.2,3447.0,0.75,rain
WTH_00005414,2025-08-14,14,19.1,7.24,44.8,1012.0,0.87,rain
WTH_00005415,2025-08-14,15,20.7,7.88,31.5,995.0,0.65,rain
WTH_00005416,2025-08-14,16,21.0,4.66,16.4,2180.0,0.71,rain
WTH_00005417,2025-08-14,17,22.3,5.13,40.3,3808.0,0.73,rain
WTH_00005418,2025-08-14,18,21.8,3.77,24.6,2738.0,0.71,rain
WTH_00005419,2025-08-14,19,21.5,1.04,21.0,2356.0,0.87,rain
WTH_00005420,2025-08-14,20,24.4,2.69,22.6,2486.0,0.64,rain
WTH_00005421,2025-08-14,21,28.9,6.54,30.6,3230.0,0.85,rain
WTH_00005422,2025-08-14,22,28.2,3.0,24.0,3228.0,0.64,rain
WTH_00005423,2025-08-14,23,32.7,8.35,19.6,1607.0,0.61,storm
WTH_00005424,2025-08-15,0,25.4,0.0,22.8,11331.0,0.32,clear
WTH_00005425,2025-08-15,1,30.5,0.0,9.3,9075.0,0.73,cloudy
WTH_00005426,2025-08-15,2,28.5,0.0,9.4,9428.0,0.36,clear
WTH_00005427,2025-08-15,3,30.8,0.0,23.8,11299.0,0.42,clear
WTH_00005428,2025-08-15,4,31.4,0.0,9.1,6606.0,0.38,clear
WTH_00005429,2025-08-15,5,30.7,0.0,3.7,11692.0,0.25,clear
WTH_00005430,2025-08-15,6,26.5,0.0,14.0,7936.0,0.07,clear
WTH_00005431,2025-08-15,7,29.4,0.0,0.9,8581.0,0.15,clear
WTH_00005432,2025-08-15,8,26.1,0.0,7.3,9194.0,0.27,clear
WTH_00005433,2025-08-15,9,24.6,0.0,12.4,9650.0,0.12,clear
WTH_00005434,2025-08-15,10,23.4,0.0,5.4,9844.0,0.46,clear
WTH_00005435,2025-08-15,11,25.3,0.0,3.3,6704.0,0.27,clear
WTH_00005436,2025-08-15,12,24.0,0.0,10.2,10766.0,0.42,clear
WTH_00005437,2025-08-15,13,21.5,0.0,20.5,9265.0,0.72,cloudy
WTH_00005438,2025-08-15,14,20.5,0.0,14.1,6810.0,0.25,clear
WTH_00005439,2025-08-15,15,21.9,0.0,35.0,6848.0,0.08,clear
WTH_00005440,2025-08-15,16,22.8,0.0,11.2,8458.0,0.73,cloudy
WTH_00005441,2025-08-15,17,24.0,0.0,3.0,10462.0,0.29,clear
WTH_00005442,2025-08-15,18,22.8,0.0,13.1,11543.0,0.29,clear
WTH_00005443,2025-08-15,19,24.3,0.0,6.7,7956.0,0.42,clear
WTH_00005444,2025-08-15,20,25.1,0.0,5.0,9700.0,0.3,clear
WTH_00005445,2025-08-15,21,28.4,0.0,65.9,9135.0,0.39,clear
WTH_00005446,2025-08-15,22,28.4,0.0,34.9,6590.0,0.36,clear
WTH_00005447,2025-08-15,23,27.9,0.0,3.4,8669.0,0.04,clear
WTH_00005448,2025-08-16,0,33.3,0.0,15.3,8562.0,0.44,clear
WTH_00005449,2025-08-16,1,26.9,0.0,7.2,11909.0,0.25,clear
WTH_00005450,2025-08-16,2,26.8,5.81,10.5,3282.0,0.7,rain
WTH_00005451,2025-08-16,3,30.5,0.0,23.9,9115.0,0.1,clear
WTH_00005452,2025-08-16,4,31.0,0.0,23.1,8581.0,0.1,clear
WTH_00005453,2025-08-16,5,30.7,0.0,13.9,10501.0,0.15,clear
WTH_00005454,2025-08-16,6,30.5,0.0,18.3,10703.0,0.16,clear
WTH_00005455,2025-08-16,7,27.8,0.0,7.2,9968.0,0.27,clear
WTH_00005456,2025-08-16,8,25.1,0.0,3.9,8050.0,0.43,clear
WTH_00005457,2025-08-16,9,25.0,0.0,17.0,11549.0,0.55,clear
WTH_00005458,2025-08-16,10,25.7,0.0,6.3,10497.0,0.45,clear
WTH_00005459,2025-08-16,11,22.6,0.0,38.7,8974.0,0.51,clear
WTH_00005460,2025-08-16,12,24.7,0.0,4.0,8284.0,0.65,cloudy
WTH_00005461,2025-08-16,13,22.6,0.0,1.8,8708.0,0.45,clear
WTH_00005462,2025-08-16,14,22.2,0.0,16.5,6414.0,0.11,clear
WTH_00005463,2025-08-16,15,20.4,10.56,12.1,2771.0,0.88,rain
WTH_00005464,2025-08-16,16,20.6,0.0,10.5,10618.0,0.63,cloudy
WTH_00005465,2025-08-16,17,22.5,0.0,8.9,6749.0,0.4,clear
WTH_00005466,2025-08-16,18,23.8,0.0,13.9,6790.0,0.53,clear
WTH_00005467,2025-08-16,19,23.7,0.0,10.2,6184.0,0.36,clear
WTH_00005468,2025-08-16,20,24.2,0.0,9.3,10167.0,0.55,clear
WTH_00005469,2025-08-16,21,29.6,0.0,4.8,9271.0,0.41,clear
WTH_00005470,2025-08-16,22,26.4,0.0,33.4,6997.0,0.43,clear
WTH_00005471,2025-08-16,23,29.7,0.0,10.0,8149.0,0.37,clear
WTH_00005472,2025-08-17,0,26.8,0.0,18.4,9598.0,0.32,clear
WTH_00005473,2025-08-17,1,30.7,0.0,10.0,11440.0,0.75,cloudy
WTH_00005474,2025-08-17,2,28.6,0.0,1.0,9104.0,0.03,clear
WTH_00005475,2025-08-17,3,31.9,0.0,6.9,9609.0,0.3,clear
WTH_00005476,2025-08-17,4,32.3,0.0,7.4,7227.0,0.25,clear
WTH_00005477,2025-08-17,5,25.4,0.0,25.3,6624.0,0.51,clear
WTH_00005478,2025-08-17,6,27.6,0.0,12.1,9364.0,0.05,clear
WTH_00005479,2025-08-17,7,31.3,0.0,13.0,264.0,0.33,fog
WTH_00005480,2025-08-17,8,27.9,0.0,8.3,11771.0,0.32,clear
WTH_00005481,2025-08-17,9,24.3,0.0,11.6,10725.0,0.23,clear
WTH_00005482,2025-08-17,10,24.7,0.0,23.6,10867.0,0.41,clear
WTH_00005483,2025-08-17,11,24.3,0.0,26.5,8535.0,0.39,clear
WTH_00005484,2025-08-17,12,21.9,0.0,11.1,10172.0,0.22,clear
WTH_00005485,2025-08-17,13,23.5,0.0,7.2,10889.0,0.56,clear
WTH_00005486,2025-08-17,14,20.9,0.0,9.2,8914.0,0.03,clear
WTH_00005487,2025-08-17,15,21.6,0.0,3.2,11711.0,0.06,clear
WTH_00005488,2025-08-17,16,17.9,0.0,3.3,9626.0,0.3,clear
WTH_00005489,2025-08-17,17,24.8,0.0,6.0,9662.0,0.45,clear
WTH_00005490,2025-08-17,18,23.5,0.0,8.9,11973.0,0.64,cloudy
WTH_00005491,2025-08-17,19,25.7,0.0,3.8,8796.0,0.74,cloudy
WTH_00005492,2025-08-17,20,27.2,0.0,8.0,11552.0,0.14,clear
WTH_00005493,2025-08-17,21,22.8,0.0,8.4,7780.0,0.11,clear
WTH_00005494,2025-08-17,22,31.1,0.0,4.5,8673.0,0.19,clear
WTH_00005495,2025-08-17,23,26.2,0.0,8.9,10088.0,0.55,clear
WTH_00005496,2025-08-18,0,28.8,0.0,0.4,10223.0,0.13,clear
WTH_00005497,2025-08-18,1,30.3,0.0,11.7,6710.0,0.11,clear
WTH_00005498,2025-08-18,2,31.6,0.0,26.0,7342.0,0.15,clear
WTH_00005499,2025-08-18,3,27.9,0.0,2.8,7007.0,0.5,clear
WTH_00005500,2025-08-18,4,28.3,0.0,23.7,9410.0,0.32,clear
WTH_00005501,2025-08-18,5,28.4,0.0,2.7,9620.0,0.37,clear
WTH_00005502,2025-08-18,6,28.9,4.03,7.2,3948.0,0.75,rain
WTH_00005503,2025-08-18,7,25.4,8.12,17.0,1878.0,0.42,rain
WTH_00005504,2025-08-18,8,26.3,0.0,4.3,11868.0,0.35,clear
WTH_00005505,2025-08-18,9,25.4,0.0,7.9,6476.0,0.23,clear
WTH_00005506,2025-08-18,10,24.9,4.46,21.6,2242.0,0.56,rain
WTH_00005507,2025-08-18,11,25.3,0.0,8.2,6800.0,0.4,clear
WTH_00005508,2025-08-18,12,22.9,0.0,13.4,8267.0,0.19,clear
WTH_00005509,2025-08-18,13,23.0,0.0,6.6,9302.0,0.03,clear
WTH_00005510,2025-08-18,14,19.5,0.0,11.9,6502.0,0.24,clear
WTH_00005511,2025-08-18,15,22.9,0.0,15.4,9229.0,0.26,clear
WTH_00005512,2025-08-18,16,24.1,0.0,11.9,11148.0,0.42,clear
WTH_00005513,2025-08-18,17,22.5,0.0,6.6,10082.0,0.13,clear
WTH_00005514,2025-08-18,18,26.7,0.0,8.2,9434.0,0.52,clear
WTH_00005515,2025-08-18,19,24.3,0.0,13.8,7663.0,0.63,cloudy
WTH_00005516,2025-08-18,20,23.6,0.0,5.1,7813.0,0.76,cloudy
WTH_00005517,2025-08-18,21,23.0,0.0,6.5,7598.0,0.37,clear
WTH_00005518,2025-08-18,22,26.0,0.0,2.9,7245.0,0.22,clear
WTH_00005519,2025-08-18,23,26.9,0.0,4.7,9831.0,0.36,clear
WTH_00005520,2025-08-19,0,31.0,1.78,13.0,2564.0,0.45,rain
WTH_00005521,2025-08-19,1,30.6,0.0,16.6,6177.0,0.18,clear
WTH_00005522,2025-08-19,2,29.7,0.0,4.7,11647.0,0.43,clear
WTH_00005523,2025-08-19,3,30.8,0.0,5.5,11164.0,0.24,clear
WTH_00005524,2025-08-19,4,27.7,0.0,14.1,10642.0,0.22,clear
WTH_00005525,2025-08-19,5,29.4,0.0,4.3,7527.0,0.48,clear
WTH_00005526,2025-08-19,6,29.2,0.0,6.5,8494.0,0.23,clear
WTH_00005527,2025-08-19,7,30.8,0.0,3.5,8137.0,0.16,clear
WTH_00005528,2025-08-19,8,28.8,0.0,22.1,9478.0,0.26,clear
WTH_00005529,2025-08-19,9,26.2,0.0,12.5,7948.0,0.18,clear
WTH_00005530,2025-08-19,10,22.3,0.0,8.8,7463.0,0.07,clear
WTH_00005531,2025-08-19,11,25.1,0.0,4.8,9693.0,0.17,clear
WTH_00005532,2025-08-19,12,18.4,0.0,7.0,8124.0,0.17,clear
WTH_00005533,2025-08-19,13,24.1,0.0,40.5,10824.0,0.39,clear
WTH_00005534,2025-08-19,14,20.3,0.0,5.8,10975.0,0.33,clear
WTH_00005535,2025-08-19,15,20.4,0.0,7.7,10736.0,0.33,clear
WTH_00005536,2025-08-19,16,28.4,0.0,8.8,8941.0,0.16,clear
WTH_00005537,2025-08-19,17,20.5,0.0,3.4,10648.0,0.3,clear
WTH_00005538,2025-08-19,18,22.0,0.0,14.5,6424.0,0.13,clear
WTH_00005539,2025-08-19,19,25.3,0.0,21.6,7724.0,0.33,clear
WTH_00005540,2025-08-19,20,26.4,0.0,7.5,6348.0,0.47,clear
WTH_00005541,2025-08-19,21,27.3,0.0,22.8,7921.0,0.19,clear
WTH_00005542,2025-08-19,22,27.6,0.0,10.5,8294.0,0.33,clear
WTH_00005543,2025-08-19,23,28.7,0.0,8.7,8632.0,0.67,cloudy
WTH_00005544,2025-08-20,0,31.3,0.0,20.6,7062.0,0.01,clear
WTH_00005545,2025-08-20,1,29.5,0.0,0.5,10159.0,0.76,cloudy
WTH_00005546,2025-08-20,2,30.4,0.0,12.9,11192.0,0.42,clear
WTH_00005547,2025-08-20,3,31.2,0.0,10.1,6459.0,0.49,clear
WTH_00005548,2025-08-20,4,30.4,0.0,6.9,8550.0,0.55,clear
WTH_00005549,2025-08-20,5,27.7,0.0,11.7,8335.0,0.23,clear
WTH_00005550,2025-08-20,6,28.4,0.0,8.3,11739.0,0.14,clear
WTH_00005551,2025-08-20,7,27.2,0.0,9.2,10047.0,0.22,clear
WTH_00005552,2025-08-20,8,25.9,0.0,4.5,9134.0,0.52,clear
WTH_00005553,2025-08-20,9,28.8,0.0,2.6,11645.0,0.56,clear
WTH_00005554,2025-08-20,10,27.0,0.0,8.6,7811.0,0.3,clear
WTH_00005555,2025-08-20,11,22.1,0.0,9.0,11688.0,0.49,clear
WTH_00005556,2025-08-20,12,22.8,0.0,16.5,8118.0,0.14,clear
WTH_00005557,2025-08-20,13,23.8,0.0,4.7,11318.0,0.18,clear
WTH_00005558,2025-08-20,14,23.8,0.0,7.2,10780.0,0.46,clear
WTH_00005559,2025-08-20,15,22.2,0.0,19.7,9965.0,0.65,cloudy
WTH_00005560,2025-08-20,16,21.5,0.0,7.2,6834.0,0.19,clear
WTH_00005561,2025-08-20,17,25.5,0.0,5.9,249.0,0.11,fog
WTH_00005562,2025-08-20,18,23.6,0.0,17.5,8618.0,0.17,clear
WTH_00005563,2025-08-20,19,26.3,0.0,10.4,9258.0,0.23,clear
WTH_00005564,2025-08-20,20,27.0,0.0,13.0,10657.0,0.48,clear
WTH_00005565,2025-08-20,21,28.4,0.0,23.6,10402.0,0.39,clear
WTH_00005566,2025-08-20,22,29.6,0.0,4.9,10724.0,0.1,clear
WTH_00005567,2025-08-20,23,27.9,0.0,6.3,7799.0,0.37,clear
WTH_00005568,2025-08-21,0,29.7,4.92,22.8,2311.0,0.66,rain
WTH_00005569,2025-08-21,1,27.3,6.5,33.6,1809.0,0.88,rain
WTH_00005570,2025-08-21,2,30.4,3.69,18.2,3300.0,0.56,rain
WTH_00005571,2025-08-21,3,30.9,4.0,15.9,3841.0,0.46,rain
WTH_00005572,2025-08-21,4,34.4,3.16,15.8,3409.0,0.92,rain
WTH_00005573,2025-08-21,5,29.6,7.48,23.2,2869.0,0.42,rain
WTH_00005574,2025-08-21,6,30.7,4.29,19.6,2793.0,1.0,rain
WTH_00005575,2025-08-21,7,29.3,4.47,29.1,1395.0,0.74,rain
WTH_00005576,2025-08-21,8,29.1,2.62,33.2,2601.0,0.97,rain
WTH_00005577,2025-08-21,9,23.6,2.32,17.2,2228.0,1.0,rain
WTH_00005578,2025-08-21,10,24.9,18.26,22.3,3813.0,0.59,storm
WTH_00005579,2025-08-21,11,24.4,5.83,27.7,1835.0,0.61,rain
WTH_00005580,2025-08-21,12,21.1,1.8,37.4,2841.0,0.41,rain
WTH_00005581,2025-08-21,13,22.3,7.9,17.2,1287.0,1.0,rain
WTH_00005582,2025-08-21,14,20.0,4.18,25.0,1959.0,0.8,rain
WTH_00005583,2025-08-21,15,22.1,19.43,25.3,3585.0,0.84,storm
WTH_00005584,2025-08-21,16,21.6,2.39,24.3,3252.0,0.96,rain
WTH_00005585,2025-08-21,17,21.7,5.31,20.5,3951.0,0.63,rain
WTH_00005586,2025-08-21,18,24.0,4.48,21.3,1372.0,0.45,rain
WTH_00005587,2025-08-21,19,24.1,8.09,28.0,1297.0,0.79,storm
WTH_00005588,2025-08-21,20,20.5,1.79,39.5,2076.0,0.69,rain
WTH_00005589,2025-08-21,21,27.0,2.5,25.5,3844.0,1.0,rain
WTH_00005590,2025-08-21,22,26.8,4.34,32.6,1532.0,0.63,rain
WTH_00005591,2025-08-21,23,28.8,13.97,22.2,943.0,0.55,storm
WTH_00005592,2025-08-22,0,30.9,0.0,3.3,9188.0,0.38,clear
WTH_00005593,2025-08-22,1,27.7,0.0,7.5,6866.0,0.63,cloudy
WTH_00005594,2025-08-22,2,27.0,0.0,10.1,7222.0,0.47,clear
WTH_00005595,2025-08-22,3,30.3,0.0,7.6,8257.0,0.46,clear
WTH_00005596,2025-08-22,4,28.7,0.0,28.4,10527.0,0.45,clear
WTH_00005597,2025-08-22,5,26.0,5.89,7.7,2238.0,1.0,rain
WTH_00005598,2025-08-22,6,27.4,0.0,3.9,7248.0,0.16,clear
WTH_00005599,2025-08-22,7,33.1,0.0,27.3,9375.0,0.21,clear
WTH_00005600,2025-08-22,8,28.8,0.0,8.3,9500.0,0.52,clear
WTH_00005601,2025-08-22,9,26.8,0.0,2.6,7906.0,0.01,clear
WTH_00005602,2025-08-22,10,28.4,5.65,7.2,2638.0,0.81,rain
WTH_00005603,2025-08-22,11,25.9,0.0,12.7,8123.0,0.11,clear
WTH_00005604,2025-08-22,12,25.6,0.0,32.8,8869.0,0.15,clear
WTH_00005605,2025-08-22,13,21.0,0.0,21.9,11411.0,0.31,clear
WTH_00005606,2025-08-22,14,21.5,0.0,15.3,11936.0,0.35,clear
WTH_00005607,2025-08-22,15,24.1,0.0,16.2,9370.0,0.54,clear
WTH_00005608,2025-08-22,16,20.5,0.0,8.0,8436.0,0.4,clear
WTH_00005609,2025-08-22,17,21.5,0.0,11.0,6520.0,0.53,clear
WTH_00005610,2025-08-22,18,25.2,0.0,19.0,11451.0,0.27,clear
WTH_00005611,2025-08-22,19,23.9,0.0,29.1,6259.0,0.7,cloudy
WTH_00005612,2025-08-22,20,26.2,0.0,5.7,6210.0,0.17,clear
WTH_00005613,2025-08-22,21,27.4,0.0,4.8,7722.0,0.35,clear
WTH_00005614,2025-08-22,22,29.9,0.0,13.1,7026.0,0.33,clear
WTH_00005615,2025-08-22,23,25.5,0.0,10.0,10545.0,0.42,clear
WTH_00005616,2025-08-23,0,27.5,0.0,1.2,9324.0,0.17,clear
WTH_00005617,2025-08-23,1,32.2,0.0,18.5,11598.0,0.54,clear
WTH_00005618,2025-08-23,2,31.1,0.0,2.1,6135.0,0.19,clear
WTH_00005619,2025-08-23,3,29.9,0.0,10.2,8891.0,0.37,clear
WTH_00005620,2025-08-23,4,28.8,2.43,15.4,2750.0,0.8,rain
WTH_00005621,2025-08-23,5,27.4,0.0,6.5,6863.0,0.37,clear
WTH_00005622,2025-08-23,6,26.5,0.0,12.9,7237.0,0.15,clear
WTH_00005623,2025-08-23,7,30.3,0.0,11.9,10580.0,0.58,clear
WTH_00005624,2025-08-23,8,28.7,0.0,12.6,6838.0,0.29,clear
WTH_00005625,2025-08-23,9,26.9,0.0,7.3,11102.0,0.17,clear
WTH_00005626,2025-08-23,10,25.7,0.0,5.6,9432.0,0.74,cloudy
WTH_00005627,2025-08-23,11,21.2,0.0,11.0,8641.0,0.64,cloudy
WTH_00005628,2025-08-23,12,24.6,0.0,5.2,8321.0,0.34,clear
WTH_00005629,2025-08-23,13,18.1,0.0,5.9,10427.0,0.68,cloudy
WTH_00005630,2025-08-23,14,25.1,0.0,12.7,6300.0,0.28,clear
WTH_00005631,2025-08-23,15,23.7,0.0,2.3,11364.0,0.41,clear
WTH_00005632,2025-08-23,16,20.2,0.0,0.4,9317.0,0.67,cloudy
WTH_00005633,2025-08-23,17,23.0,0.0,9.8,10398.0,0.23,clear
WTH_00005634,2025-08-23,18,23.7,0.0,8.6,8986.0,0.46,clear
WTH_00005635,2025-08-23,19,27.4,5.69,15.7,2600.0,0.82,rain
WTH_00005636,2025-08-23,20,22.5,0.0,9.0,10976.0,0.17,clear
WTH_00005637,2025-08-23,21,24.9,1.5,16.7,3987.0,0.89,rain
WTH_00005638,2025-08-23,22,25.0,0.0,12.3,8576.0,0.39,clear
WTH_00005639,2025-08-23,23,27.5,0.0,1.9,11952.0,0.48,clear
WTH_00005640,2025-08-24,0,27.7,13.48,29.4,996.0,0.74,storm
WTH_00005641,2025-08-24,1,32.4,6.34,21.0,1078.0,0.86,rain
WTH_00005642,2025-08-24,2,28.9,4.09,26.2,2083.0,0.98,rain
WTH_00005643,2025-08-24,3,26.7,1.44,28.8,2780.0,0.61,rain
WTH_00005644,2025-08-24,4,31.0,5.38,15.3,2263.0,0.67,rain
WTH_00005645,2025-08-24,5,33.2,13.68,24.9,959.0,0.94,storm
WTH_00005646,2025-08-24,6,27.7,3.36,27.1,1351.0,0.88,rain
WTH_00005647,2025-08-24,7,25.7,6.3,23.3,3703.0,0.94,rain
WTH_00005648,2025-08-24,8,25.8,11.27,33.1,2225.0,0.64,storm
WTH_00005649,2025-08-24,9,25.9,5.79,32.1,3311.0,0.59,rain
WTH_00005650,2025-08-24,10,25.2,11.39,58.2,1357.0,0.75,storm
WTH_00005651,2025-08-24,11,25.9,7.27,39.7,2524.0,0.44,rain
WTH_00005652,2025-08-24,12,25.3,5.15,21.8,1925.0,0.73,rain
WTH_00005653,2025-08-24,13,24.0,8.82,27.7,1224.0,0.75,storm
WTH_00005654,2025-08-24,14,20.7,3.85,18.6,1876.0,0.83,rain
WTH_00005655,2025-08-24,15,22.5,12.22,22.4,2550.0,0.9,storm
WTH_00005656,2025-08-24,16,19.2,3.74,24.4,2801.0,0.84,rain
WTH_00005657,2025-08-24,17,18.4,4.87,21.3,3028.0,0.71,rain
WTH_00005658,2025-08-24,18,23.7,3.45,18.2,3401.0,0.51,rain
WTH_00005659,2025-08-24,19,22.8,3.63,16.5,2224.0,0.98,rain
WTH_00005660,2025-08-24,20,24.6,6.03,25.0,3974.0,0.7,rain
WTH_00005661,2025-08-24,21,22.7,1.65,44.3,1993.0,0.51,rain
WTH_00005662,2025-08-24,22,25.8,4.89,27.3,1245.0,0.88,rain
WTH_00005663,2025-08-24,23,28.4,11.94,26.9,1365.0,0.57,storm
WTH_00005664,2025-08-25,0,26.8,0.0,12.5,8885.0,0.28,clear
WTH_00005665,2025-08-25,1,27.7,0.0,6.1,11530.0,0.07,clear
WTH_00005666,2025-08-25,2,32.5,0.0,10.0,7651.0,0.32,clear
WTH_00005667,2025-08-25,3,30.4,0.0,11.7,11149.0,0.35,clear
WTH_00005668,2025-08-25,4,29.3,0.0,10.4,6805.0,0.55,clear
WTH_00005669,2025-08-25,5,30.7,0.0,24.6,6200.0,0.42,clear
WTH_00005670,2025-08-25,6,27.2,0.0,3.2,11360.0,0.3,clear
WTH_00005671,2025-08-25,7,26.0,0.0,19.3,7297.0,0.32,clear
WTH_00005672,2025-08-25,8,24.7,0.0,13.3,8079.0,0.15,clear
WTH_00005673,2025-08-25,9,29.6,0.0,0.5,9994.0,0.41,clear
WTH_00005674,2025-08-25,10,26.3,0.0,6.7,10869.0,0.19,clear
WTH_00005675,2025-08-25,11,19.6,0.0,15.6,11661.0,0.31,clear
WTH_00005676,2025-08-25,12,24.3,0.0,2.5,9069.0,0.22,clear
WTH_00005677,2025-08-25,13,25.2,0.0,16.4,8246.0,0.34,clear
WTH_00005678,2025-08-25,14,21.0,0.0,5.1,9624.0,0.47,clear
WTH_00005679,2025-08-25,15,24.0,0.0,9.4,7189.0,0.56,clear
WTH_00005680,2025-08-25,16,24.4,0.0,11.7,11596.0,0.39,clear
WTH_00005681,2025-08-25,17,20.6,0.0,4.6,9072.0,0.4,clear
WTH_00005682,2025-08-25,18,24.0,0.0,7.2,9752.0,0.38,clear
WTH_00005683,2025-08-25,19,24.6,0.0,2.3,6968.0,0.29,clear
WTH_00005684,2025-08-25,20,28.1,0.0,6.3,9569.0,0.6,clear
WTH_00005685,2025-08-25,21,25.6,0.0,12.7,8302.0,0.25,clear
WTH_00005686,2025-08-25,22,28.2,0.0,3.1,7472.0,0.7,cloudy
WTH_00005687,2025-08-25,23,29.3,0.0,20.4,10593.0,0.35,clear
WTH_00005688,2025-08-26,0,29.3,0.0,30.8,8312.0,0.31,clear
WTH_00005689,2025-08-26,1,29.5,0.0,19.7,8010.0,0.64,cloudy
WTH_00005690,2025-08-26,2,31.2,0.0,1.3,10840.0,0.44,clear
WTH_00005691,2025-08-26,3,30.2,3.58,14.2,2649.0,0.44,rain
WTH_00005692,2025-08-26,4,31.8,0.0,1.8,8743.0,0.68,cloudy
WTH_00005693,2025-08-26,5,28.4,0.0,17.9,10121.0,0.39,clear
WTH_00005694,2025-08-26,6,28.1,0.0,6.2,8736.0,0.42,clear
WTH_00005695,2025-08-26,7,24.4,0.0,8.8,8932.0,0.12,clear
WTH_00005696,2025-08-26,8,25.2,0.0,21.5,7937.0,0.21,clear
WTH_00005697,2025-08-26,9,24.1,0.0,10.5,10914.0,0.21,clear
WTH_00005698,2025-08-26,10,24.5,0.0,4.1,11793.0,0.52,clear
WTH_00005699,2025-08-26,11,21.2,0.0,4.0,8633.0,0.3,clear
WTH_00005700,2025-08-26,12,24.3,0.0,31.7,8979.0,0.54,clear
WTH_00005701,2025-08-26,13,25.9,0.0,9.6,10066.0,0.37,clear
WTH_00005702,2025-08-26,14,25.2,0.0,22.6,7444.0,0.42,clear
WTH_00005703,2025-08-26,15,21.0,7.07,15.0,2025.0,0.78,rain
WTH_00005704,2025-08-26,16,20.4,0.0,3.2,10963.0,0.15,clear
WTH_00005705,2025-08-26,17,21.8,0.0,7.1,8915.0,0.76,cloudy
WTH_00005706,2025-08-26,18,24.8,0.0,13.9,10563.0,0.3,clear
WTH_00005707,2025-08-26,19,26.3,0.0,5.6,8553.0,0.05,clear
WTH_00005708,2025-08-26,20,26.1,0.0,7.4,9665.0,0.29,clear
WTH_00005709,2025-08-26,21,26.0,0.0,6.6,6544.0,0.27,clear
WTH_00005710,2025-08-26,22,24.2,0.0,11.2,7301.0,0.48,clear
WTH_00005711,2025-08-26,23,26.2,0.0,13.4,9933.0,0.23,clear
WTH_00005712,2025-08-27,0,25.9,0.0,6.5,11010.0,0.23,clear
WTH_00005713,2025-08-27,1,28.0,0.0,3.6,11767.0,0.18,clear
WTH_00005714,2025-08-27,2,30.1,0.0,20.2,9534.0,0.77,cloudy
WTH_00005715,2025-08-27,3,30.7,0.0,12.9,9762.0,0.28,clear
WTH_00005716,2025-08-27,4,28.8,0.0,35.8,7522.0,0.46,clear
WTH_00005717,2025-08-27,5,29.9,0.0,14.9,11084.0,0.58,clear
WTH_00005718,2025-08-27,6,29.7,0.0,11.3,7088.0,0.21,clear
WTH_00005719,2025-08-27,7,24.9,0.0,14.9,11877.0,0.19,clear
WTH_00005720,2025-08-27,8,24.8,0.0,1.8,11747.0,0.47,clear
WTH_00005721,2025-08-27,9,25.4,0.0,9.1,7890.0,0.29,clear
WTH_00005722,2025-08-27,10,26.2,0.0,36.8,7379.0,0.25,clear
WTH_00005723,2025-08-27,11,21.8,0.0,28.0,10534.0,0.7,cloudy
WTH_00005724,2025-08-27,12,24.1,0.0,8.9,6288.0,0.39,clear
WTH_00005725,2025-08-27,13,24.1,0.0,7.9,7502.0,0.29,clear
WTH_00005726,2025-08-27,14,21.7,0.0,16.7,11226.0,0.23,clear
WTH_00005727,2025-08-27,15,25.1,0.0,14.4,6181.0,0.49,clear
WTH_00005728,2025-08-27,16,19.9,0.0,15.2,10711.0,0.31,clear
WTH_00005729,2025-08-27,17,20.6,0.0,8.3,9112.0,0.24,clear
WTH_00005730,2025-08-27,18,22.0,0.0,8.6,10639.0,0.09,clear
WTH_00005731,2025-08-27,19,24.4,0.0,30.2,9494.0,0.35,clear
WTH_00005732,2025-08-27,20,23.9,0.0,6.9,9794.0,0.38,clear
WTH_00005733,2025-08-27,21,23.3,0.0,6.5,7902.0,0.67,cloudy
WTH_00005734,2025-08-27,22,29.8,0.0,17.0,8427.0,0.37,clear
WTH_00005735,2025-08-27,23,28.8,0.0,13.7,6303.0,0.34,clear
WTH_00005736,2025-08-28,0,30.1,0.0,26.6,8229.0,0.22,clear
WTH_00005737,2025-08-28,1,32.9,0.0,11.8,8573.0,0.33,clear
WTH_00005738,2025-08-28,2,29.1,0.0,9.1,6759.0,0.42,clear
WTH_00005739,2025-08-28,3,30.3,0.0,8.4,11797.0,0.56,clear
WTH_00005740,2025-08-28,4,27.4,0.0,8.7,6282.0,0.12,clear
WTH_00005741,2025-08-28,5,28.8,0.0,5.6,8027.0,0.69,cloudy
WTH_00005742,2025-08-28,6,26.5,0.0,40.2,8632.0,0.35,clear
WTH_00005743,2025-08-28,7,29.4,0.0,6.7,10135.0,0.19,clear
WTH_00005744,2025-08-28,8,26.7,0.0,7.4,7023.0,0.03,clear
WTH_00005745,2025-08-28,9,25.5,0.0,4.2,8155.0,0.48,clear
WTH_00005746,2025-08-28,10,20.9,0.0,14.1,6299.0,0.48,clear
WTH_00005747,2025-08-28,11,22.1,0.0,8.3,10939.0,0.39,clear
WTH_00005748,2025-08-28,12,22.0,0.0,5.6,8123.0,0.53,clear
WTH_00005749,2025-08-28,13,22.4,0.0,2.3,8428.0,0.33,clear
WTH_00005750,2025-08-28,14,20.4,0.0,9.0,8650.0,0.08,clear
WTH_00005751,2025-08-28,15,21.9,0.0,25.7,8361.0,0.27,clear
WTH_00005752,2025-08-28,16,20.2,0.0,1.0,7412.0,0.21,clear
WTH_00005753,2025-08-28,17,21.4,0.0,22.5,6138.0,0.11,clear
WTH_00005754,2025-08-28,18,22.6,0.0,3.5,10489.0,0.54,clear
WTH_00005755,2025-08-28,19,21.5,0.0,17.4,6139.0,0.21,clear
WTH_00005756,2025-08-28,20,23.6,0.0,2.9,7967.0,0.6,cloudy
WTH_00005757,2025-08-28,21,25.7,0.0,12.0,11043.0,0.2,clear
WTH_00005758,2025-08-28,22,26.8,13.37,11.5,3414.0,0.47,rain
WTH_00005759,2025-08-28,23,30.4,0.0,10.2,9639.0,0.45,clear
WTH_00005760,2025-08-29,0,28.1,0.0,15.4,9822.0,0.55,clear
WTH_00005761,2025-08-29,1,30.9,0.0,6.3,10573.0,0.72,cloudy
WTH_00005762,2025-08-29,2,29.9,0.0,16.7,8692.0,0.16,clear
WTH_00005763,2025-08-29,3,29.2,0.0,8.2,7536.0,0.62,cloudy
WTH_00005764,2025-08-29,4,30.7,0.0,6.2,7829.0,0.34,clear
WTH_00005765,2025-08-29,5,31.2,0.0,14.6,10822.0,0.02,clear
WTH_00005766,2025-08-29,6,27.6,0.0,4.3,7367.0,0.17,clear
WTH_00005767,2025-08-29,7,26.5,0.0,23.7,7373.0,0.47,clear
WTH_00005768,2025-08-29,8,29.1,0.0,4.4,7006.0,0.67,cloudy
WTH_00005769,2025-08-29,9,30.0,0.0,10.7,8241.0,0.53,clear
WTH_00005770,2025-08-29,10,22.3,0.0,12.2,6331.0,0.46,clear
WTH_00005771,2025-08-29,11,24.5,0.0,6.9,7654.0,0.29,clear
WTH_00005772,2025-08-29,12,21.0,0.0,19.3,9160.0,0.49,clear
WTH_00005773,2025-08-29,13,20.9,0.0,14.5,8417.0,0.77,cloudy
WTH_00005774,2025-08-29,14,15.5,0.0,12.4,7190.0,0.07,clear
WTH_00005775,2025-08-29,15,17.3,0.0,14.4,6908.0,0.21,clear
WTH_00005776,2025-08-29,16,24.3,0.0,6.2,9158.0,0.03,clear
WTH_00005777,2025-08-29,17,23.9,0.0,15.5,11525.0,0.35,clear
WTH_00005778,2025-08-29,18,24.5,0.38,4.0,1209.0,0.64,rain
WTH_00005779,2025-08-29,19,23.5,0.0,17.9,7940.0,0.47,clear
WTH_00005780,2025-08-29,20,28.2,0.0,7.8,9229.0,0.34,clear
WTH_00005781,2025-08-29,21,28.3,0.0,6.9,11960.0,0.48,clear
WTH_00005782,2025-08-29,22,24.6,0.0,9.3,9005.0,0.25,clear
WTH_00005783,2025-08-29,23,29.3,0.0,12.5,8286.0,0.46,clear
WTH_00005784,2025-08-30,0,33.8,0.36,3.2,2429.0,0.87,rain
WTH_00005785,2025-08-30,1,29.6,10.24,6.3,3445.0,1.0,rain
WTH_00005786,2025-08-30,2,28.7,0.0,9.6,8427.0,0.2,clear
WTH_00005787,2025-08-30,3,29.1,0.0,10.1,11132.0,0.27,clear
WTH_00005788,2025-08-30,4,29.7,0.0,18.9,6881.0,0.2,clear
WTH_00005789,2025-08-30,5,26.3,0.0,5.7,9542.0,0.47,clear
WTH_00005790,2025-08-30,6,24.0,0.0,12.7,6567.0,0.28,clear
WTH_00005791,2025-08-30,7,30.8,0.0,15.4,8290.0,0.15,clear
WTH_00005792,2025-08-30,8,26.2,0.0,6.5,8145.0,0.18,clear
WTH_00005793,2025-08-30,9,23.2,0.0,7.0,11456.0,0.15,clear
WTH_00005794,2025-08-30,10,25.8,0.0,4.7,10158.0,0.1,clear
WTH_00005795,2025-08-30,11,23.9,0.0,6.0,11321.0,0.16,clear
WTH_00005796,2025-08-30,12,20.5,0.0,12.2,10765.0,0.23,clear
WTH_00005797,2025-08-30,13,28.9,1.49,13.0,1571.0,0.62,rain
WTH_00005798,2025-08-30,14,21.3,0.0,5.3,11456.0,0.19,clear
WTH_00005799,2025-08-30,15,25.1,0.0,3.2,10893.0,0.18,clear
WTH_00005800,2025-08-30,16,22.9,0.0,2.7,9054.0,0.28,clear
WTH_00005801,2025-08-30,17,22.5,0.0,1.9,10285.0,0.2,clear
WTH_00005802,2025-08-30,18,25.2,0.0,19.4,9641.0,0.37,clear
WTH_00005803,2025-08-30,19,22.9,0.0,13.3,6573.0,0.52,clear
WTH_00005804,2025-08-30,20,26.8,0.0,2.3,8427.0,0.43,clear
WTH_00005805,2025-08-30,21,29.2,0.0,9.2,11178.0,0.41,clear
WTH_00005806,2025-08-30,22,28.3,0.0,2.8,6115.0,0.13,clear
WTH_00005807,2025-08-30,23,27.5,0.0,6.1,10903.0,0.57,clear
WTH_00005808,2025-08-31,0,28.3,0.0,1.7,6118.0,0.33,clear
WTH_00005809,2025-08-31,1,30.9,0.0,13.8,10859.0,0.2,clear
WTH_00005810,2025-08-31,2,30.2,0.0,12.9,7748.0,0.09,clear
WTH_00005811,2025-08-31,3,29.8,1.79,12.0,1488.0,0.6,rain
WTH_00005812,2025-08-31,4,26.3,0.0,13.0,9918.0,0.19,clear
WTH_00005813,2025-08-31,5,27.6,0.0,30.4,10677.0,0.16,clear
WTH_00005814,2025-08-31,6,27.0,6.78,17.8,2399.0,0.81,rain
WTH_00005815,2025-08-31,7,24.9,0.0,20.0,10046.0,0.22,clear
WTH_00005816,2025-08-31,8,25.2,0.0,7.0,7963.0,0.31,clear
WTH_00005817,2025-08-31,9,26.0,0.0,11.0,9093.0,0.73,cloudy
WTH_00005818,2025-08-31,10,25.8,0.0,18.5,7307.0,0.29,clear
WTH_00005819,2025-08-31,11,25.2,0.0,7.5,6462.0,0.21,clear
WTH_00005820,2025-08-31,12,25.1,0.0,4.7,9155.0,0.32,clear
WTH_00005821,2025-08-31,13,22.6,0.0,13.0,6774.0,0.3,clear
WTH_00005822,2025-08-31,14,26.0,0.0,10.4,6586.0,0.43,clear
WTH_00005823,2025-08-31,15,21.4,0.0,14.4,10171.0,0.35,clear
WTH_00005824,2025-08-31,16,23.7,0.0,11.6,479.0,0.55,fog
WTH_00005825,2025-08-31,17,22.7,0.0,4.6,10187.0,0.62,cloudy
WTH_00005826,2025-08-31,18,21.6,0.0,5.4,9535.0,0.36,clear
WTH_00005827,2025-08-31,19,20.8,0.0,8.1,9050.0,0.54,clear
WTH_00005828,2025-08-31,20,24.2,0.0,14.6,6737.0,0.35,clear
WTH_00005829,2025-08-31,21,27.4,0.0,26.2,7430.0,0.37,clear
WTH_00005830,2025-08-31,22,26.4,0.0,5.7,9833.0,0.5,clear
WTH_00005831,2025-08-31,23,28.8,0.0,14.5,8212.0,0.2,clear
WTH_00005832,2025-09-01,0,16.4,0.0,3.8,7111.0,0.31,clear
WTH_00005833,2025-09-01,1,13.4,0.0,11.5,8561.0,0.34,clear
WTH_00005834,2025-09-01,2,19.3,0.0,3.3,10929.0,0.22,clear
WTH_00005835,2025-09-01,3,18.9,0.0,14.2,6553.0,0.3,clear
WTH_00005836,2025-09-01,4,17.3,0.0,33.2,9076.0,0.55,clear
WTH_00005837,2025-09-01,5,18.6,0.0,3.1,7106.0,0.24,clear
WTH_00005838,2025-09-01,6,20.7,0.0,1.3,8475.0,0.15,clear
WTH_00005839,2025-09-01,7,14.5,0.0,9.6,7510.0,0.2,clear
WTH_00005840,2025-09-01,8,12.8,0.0,16.9,10320.0,0.44,clear
WTH_00005841,2025-09-01,9,13.3,0.0,3.5,6940.0,0.19,clear
WTH_00005842,2025-09-01,10,14.0,0.0,4.1,8744.0,0.85,cloudy
WTH_00005843,2025-09-01,11,12.6,0.0,10.6,10850.0,0.03,clear
WTH_00005844,2025-09-01,12,10.0,0.0,24.9,6131.0,0.51,clear
WTH_00005845,2025-09-01,13,8.4,0.0,26.0,8321.0,0.44,clear
WTH_00005846,2025-09-01,14,7.4,0.0,20.5,11212.0,0.36,clear
WTH_00005847,2025-09-01,15,14.0,0.0,2.3,7661.0,0.16,clear
WTH_00005848,2025-09-01,16,10.2,0.0,8.4,11906.0,0.43,clear
WTH_00005849,2025-09-01,17,10.0,0.0,5.2,6996.0,0.17,clear
WTH_00005850,2025-09-01,18,14.0,0.0,18.4,9773.0,0.11,clear
WTH_00005851,2025-09-01,19,12.4,0.0,16.4,6031.0,0.54,clear
WTH_00005852,2025-09-01,20,15.4,0.0,6.1,11615.0,0.26,clear
WTH_00005853,2025-09-01,21,12.4,0.0,14.0,6766.0,0.46,clear
WTH_00005854,2025-09-01,22,14.8,8.2,11.0,3881.0,0.95,rain
WTH_00005855,2025-09-01,23,18.9,6.15,9.3,2890.0,0.77,rain
WTH_00005856,2025-09-02,0,15.6,0.0,8.1,10969.0,0.47,clear
WTH_00005857,2025-09-02,1,16.3,0.0,10.2,8166.0,0.33,clear
WTH_00005858,2025-09-02,2,17.7,6.9,13.4,815.0,0.6,rain
WTH_00005859,2025-09-02,3,15.9,0.0,3.7,11143.0,0.11,clear
WTH_00005860,2025-09-02,4,16.8,0.0,24.9,6988.0,0.27,clear
WTH_00005861,2025-09-02,5,17.1,0.0,3.1,8030.0,0.38,clear
WTH_00005862,2025-09-02,6,18.1,0.0,2.3,9699.0,0.25,clear
WTH_00005863,2025-09-02,7,16.4,0.0,7.9,9621.0,0.22,clear
WTH_00005864,2025-09-02,8,13.4,0.0,12.5,11811.0,0.17,clear
WTH_00005865,2025-09-02,9,13.3,0.0,8.1,10029.0,0.3,clear
WTH_00005866,2025-09-02,10,12.3,0.0,24.7,11901.0,0.43,clear
WTH_00005867,2025-09-02,11,13.6,0.0,4.6,8426.0,0.47,clear
WTH_00005868,2025-09-02,12,9.5,0.0,8.2,7673.0,0.35,clear
WTH_00005869,2025-09-02,13,10.4,0.0,11.6,10788.0,0.4,clear
WTH_00005870,2025-09-02,14,8.3,0.0,11.5,9274.0,0.2,clear
WTH_00005871,2025-09-02,15,12.4,0.0,35.1,11090.0,0.2,clear
WTH_00005872,2025-09-02,16,12.4,0.0,20.9,9965.0,0.25,clear
WTH_00005873,2025-09-02,17,12.5,0.0,27.9,8785.0,0.16,clear
WTH_00005874,2025-09-02,18,10.9,0.0,19.2,10371.0,0.41,clear
WTH_00005875,2025-09-02,19,13.0,0.0,9.1,6154.0,0.47,clear
WTH_00005876,2025-09-02,20,11.8,0.0,10.3,7829.0,0.18,clear
WTH_00005877,2025-09-02,21,12.3,0.0,4.3,11944.0,0.04,clear
WTH_00005878,2025-09-02,22,17.1,0.0,5.8,10518.0,0.32,clear
WTH_00005879,2025-09-02,23,16.9,0.0,22.2,10954.0,0.19,clear
WTH_00005880,2025-09-03,0,17.1,0.0,3.4,952.0,0.44,fog
WTH_00005881,2025-09-03,1,17.3,0.0,7.4,11103.0,0.16,clear
WTH_00005882,2025-09-03,2,16.4,0.0,10.5,10016.0,0.49,clear
WTH_00005883,2025-09-03,3,17.3,0.0,8.4,11507.0,0.49,clear
WTH_00005884,2025-09-03,4,16.7,0.0,12.8,6603.0,0.73,cloudy
WTH_00005885,2025-09-03,5,17.4,0.0,1.4,10777.0,0.4,clear
WTH_00005886,2025-09-03,6,16.7,0.0,1.6,10861.0,0.67,cloudy
WTH_00005887,2025-09-03,7,20.2,0.0,4.2,9796.0,0.23,clear
WTH_00005888,2025-09-03,8,14.1,0.0,1.0,6654.0,0.57,clear
WTH_00005889,2025-09-03,9,14.8,0.0,16.6,7826.0,0.72,cloudy
WTH_00005890,2025-09-03,10,11.9,4.45,6.0,1832.0,0.63,rain
WTH_00005891,2025-09-03,11,15.0,0.0,16.5,9342.0,0.48,clear
WTH_00005892,2025-09-03,12,7.2,0.0,2.8,8487.0,0.36,clear
WTH_00005893,2025-09-03,13,11.0,0.0,4.0,9037.0,0.21,clear
WTH_00005894,2025-09-03,14,9.3,0.0,26.8,6815.0,0.24,clear
WTH_00005895,2025-09-03,15,7.7,0.0,7.1,10858.0,0.25,clear
WTH_00005896,2025-09-03,16,11.5,0.0,28.6,10949.0,0.52,clear
WTH_00005897,2025-09-03,17,10.5,0.0,9.5,7013.0,0.1,clear
WTH_00005898,2025-09-03,18,16.7,0.0,11.8,7632.0,0.24,clear
WTH_00005899,2025-09-03,19,13.2,0.0,9.1,11979.0,0.65,cloudy
WTH_00005900,2025-09-03,20,15.9,0.0,1.6,1006.0,0.17,fog
WTH_00005901,2025-09-03,21,14.5,0.0,11.7,9009.0,0.16,clear
WTH_00005902,2025-09-03,22,17.7,0.0,11.3,11361.0,0.34,clear
WTH_00005903,2025-09-03,23,20.3,0.0,2.2,6482.0,0.62,cloudy
WTH_00005904,2025-09-04,0,19.3,0.0,7.3,7835.0,0.36,clear
WTH_00005905,2025-09-04,1,15.1,0.0,5.3,8108.0,0.3,clear
WTH_00005906,2025-09-04,2,16.8,0.0,7.6,10854.0,0.59,clear
WTH_00005907,2025-09-04,3,19.2,0.0,12.2,7774.0,0.42,clear
WTH_00005908,2025-09-04,4,18.2,0.0,17.7,11127.0,0.29,clear
WTH_00005909,2025-09-04,5,19.4,0.0,3.0,9155.0,0.32,clear
WTH_00005910,2025-09-04,6,17.2,0.0,1.9,6119.0,0.13,clear
WTH_00005911,2025-09-04,7,13.8,0.0,5.1,7066.0,0.05,clear
WTH_00005912,2025-09-04,8,14.9,0.0,17.8,7472.0,0.27,clear
WTH_00005913,2025-09-04,9,14.6,0.0,15.6,887.0,0.17,fog
WTH_00005914,2025-09-04,10,9.5,0.0,7.6,11211.0,0.58,clear
WTH_00005915,2025-09-04,11,12.0,0.0,2.4,8282.0,0.2,clear
WTH_00005916,2025-09-04,12,13.8,0.0,14.7,8702.0,0.72,cloudy
WTH_00005917,2025-09-04,13,11.0,0.0,11.9,10866.0,0.7,cloudy
WTH_00005918,2025-09-04,14,9.6,0.0,6.8,8881.0,0.54,clear
WTH_00005919,2025-09-04,15,9.2,0.0,28.7,11297.0,0.46,clear
WTH_00005920,2025-09-04,16,10.1,0.0,6.3,9981.0,0.15,clear
WTH_00005921,2025-09-04,17,11.2,0.0,19.6,11978.0,0.38,clear
WTH_00005922,2025-09-04,18,10.0,0.0,5.7,8241.0,0.28,clear
WTH_00005923,2025-09-04,19,12.8,0.0,10.8,6844.0,0.31,clear
WTH_00005924,2025-09-04,20,12.9,0.0,7.7,6281.0,0.13,clear
WTH_00005925,2025-09-04,21,15.9,0.0,6.1,10728.0,0.56,clear
WTH_00005926,2025-09-04,22,13.4,0.0,9.8,6303.0,0.49,clear
WTH_00005927,2025-09-04,23,13.6,0.0,16.9,6530.0,0.53,clear
WTH_00005928,2025-09-05,0,15.4,0.0,3.2,9377.0,0.18,clear
WTH_00005929,2025-09-05,1,17.8,0.0,12.7,10834.0,0.33,clear
WTH_00005930,2025-09-05,2,17.7,1.85,9.9,2314.0,0.5,rain
WTH_00005931,2025-09-05,3,16.4,0.0,14.8,10202.0,0.27,clear
WTH_00005932,2025-09-05,4,18.0,0.0,10.7,11871.0,0.62,cloudy
WTH_00005933,2025-09-05,5,14.0,0.0,30.1,11172.0,0.46,clear
WTH_00005934,2025-09-05,6,15.7,0.0,50.3,11381.0,0.25,clear
WTH_00005935,2025-09-05,7,16.2,0.0,25.6,9079.0,0.14,clear
WTH_00005936,2025-09-05,8,16.3,0.0,17.3,8026.0,0.59,clear
WTH_00005937,2025-09-05,9,12.4,0.0,2.9,6737.0,0.55,clear
WTH_00005938,2025-09-05,10,11.8,0.0,7.6,10289.0,0.13,clear
WTH_00005939,2025-09-05,11,13.6,0.0,16.9,10772.0,0.39,clear
WTH_00005940,2025-09-05,12,9.0,0.0,17.8,6353.0,0.3,clear
WTH_00005941,2025-09-05,13,13.7,0.0,8.2,9393.0,0.49,clear
WTH_00005942,2025-09-05,14,9.4,0.0,6.6,11401.0,0.36,clear
WTH_00005943,2025-09-05,15,13.7,0.0,13.3,6007.0,0.28,clear
WTH_00005944,2025-09-05,16,12.3,0.0,1.1,10659.0,0.39,clear
WTH_00005945,2025-09-05,17,12.9,0.0,0.8,9091.0,0.41,clear
WTH_00005946,2025-09-05,18,10.7,0.0,20.0,9775.0,0.08,clear
WTH_00005947,2025-09-05,19,11.4,0.0,9.6,11299.0,0.42,clear
WTH_00005948,2025-09-05,20,13.3,0.0,15.0,7300.0,0.11,clear
WTH_00005949,2025-09-05,21,17.1,0.0,33.1,6398.0,0.17,clear
WTH_00005950,2025-09-05,22,14.0,0.0,17.5,10978.0,0.25,clear
WTH_00005951,2025-09-05,23,17.4,0.0,1.7,7792.0,0.39,clear
WTH_00005952,2025-09-06,0,18.4,0.0,22.8,8211.0,0.25,clear
WTH_00005953,2025-09-06,1,14.5,0.0,8.9,7688.0,0.32,clear
WTH_00005954,2025-09-06,2,17.0,0.0,8.3,7227.0,0.15,clear
WTH_00005955,2025-09-06,3,17.2,0.0,21.8,8685.0,0.09,clear
WTH_00005956,2025-09-06,4,17.5,0.0,17.0,184.0,0.39,fog
WTH_00005957,2025-09-06,5,14.8,0.0,11.2,7346.0,0.17,clear
WTH_00005958,2025-09-06,6,15.4,0.0,14.5,7717.0,0.17,clear
WTH_00005959,2025-09-06,7,16.8,0.0,17.6,11810.0,0.2,clear
WTH_00005960,2025-09-06,8,14.9,0.0,8.6,8959.0,0.32,clear
WTH_00005961,2025-09-06,9,15.8,0.0,2.8,11081.0,0.37,clear
WTH_00005962,2025-09-06,10,16.5,0.0,23.5,8945.0,0.25,clear
WTH_00005963,2025-09-06,11,11.9,0.0,2.5,6070.0,0.61,cloudy
WTH_00005964,2025-09-06,12,9.9,0.0,16.5,7779.0,0.23,clear
WTH_00005965,2025-09-06,13,11.3,0.0,1.3,11166.0,0.58,clear
WTH_00005966,2025-09-06,14,7.5,0.0,2.4,8315.0,0.28,clear
WTH_00005967,2025-09-06,15,10.3,0.0,8.4,9779.0,0.11,clear
WTH_00005968,2025-09-06,16,10.9,0.0,23.1,7512.0,0.4,clear
WTH_00005969,2025-09-06,17,8.9,0.0,21.4,8936.0,0.72,cloudy
WTH_00005970,2025-09-06,18,15.5,0.0,5.7,8879.0,0.49,clear
WTH_00005971,2025-09-06,19,10.2,0.0,10.0,11339.0,0.32,clear
WTH_00005972,2025-09-06,20,13.6,0.0,14.3,8792.0,0.48,clear
WTH_00005973,2025-09-06,21,10.5,0.0,9.0,11743.0,0.04,clear
WTH_00005974,2025-09-06,22,12.8,0.0,17.6,9315.0,0.09,clear
WTH_00005975,2025-09-06,23,15.9,0.0,9.1,10888.0,0.5,clear
WTH_00005976,2025-09-07,0,17.2,0.0,9.8,6525.0,0.09,clear
WTH_00005977,2025-09-07,1,20.4,0.0,13.3,10951.0,0.26,clear
WTH_00005978,2025-09-07,2,19.9,0.0,23.0,9467.0,0.55,clear
WTH_00005979,2025-09-07,3,16.2,0.0,16.9,9938.0,0.28,clear
WTH_00005980,2025-09-07,4,18.8,0.0,3.6,10150.0,0.22,clear
WTH_00005981,2025-09-07,5,16.8,0.0,4.2,8817.0,0.66,cloudy
WTH_00005982,2025-09-07,6,19.0,0.0,28.7,8214.0,0.22,clear
WTH_00005983,2025-09-07,7,14.5,0.0,4.6,8187.0,0.13,clear
WTH_00005984,2025-09-07,8,12.8,0.0,10.8,10156.0,0.45,clear
WTH_00005985,2025-09-07,9,16.4,0.0,9.5,6650.0,0.18,clear
WTH_00005986,2025-09-07,10,8.2,0.0,28.0,6179.0,0.62,cloudy
WTH_00005987,2025-09-07,11,10.3,0.0,22.6,8169.0,0.13,clear
WTH_00005988,2025-09-07,12,8.0,0.0,12.6,8952.0,0.35,clear
WTH_00005989,2025-09-07,13,6.6,0.0,23.6,7992.0,0.13,clear
WTH_00005990,2025-09-07,14,6.8,0.0,8.9,11564.0,0.09,clear
WTH_00005991,2025-09-07,15,9.8,0.0,13.1,8523.0,0.29,clear
WTH_00005992,2025-09-07,16,10.7,0.0,14.3,11931.0,0.49,clear
WTH_00005993,2025-09-07,17,8.4,0.0,8.4,11723.0,0.26,clear
WTH_00005994,2025-09-07,18,13.1,0.0,10.5,8079.0,0.13,clear
WTH_00005995,2025-09-07,19,14.2,0.0,7.1,8816.0,0.21,clear
WTH_00005996,2025-09-07,20,11.9,0.0,7.0,11218.0,0.39,clear
WTH_00005997,2025-09-07,21,17.5,0.0,12.3,6436.0,0.51,clear
WTH_00005998,2025-09-07,22,17.1,0.81,23.2,993.0,0.47,rain
WTH_00005999,2025-09-07,23,16.5,0.0,8.2,9898.0,0.28,clear
WTH_00006000,2025-09-08,0,15.3,0.0,15.4,11967.0,0.15,clear
WTH_00006001,2025-09-08,1,14.7,0.0,3.8,6265.0,0.6,clear
WTH_00006002,2025-09-08,2,18.5,0.0,7.6,6371.0,0.58,clear
WTH_00006003,2025-09-08,3,17.1,0.0,28.8,11373.0,0.62,cloudy
WTH_00006004,2025-09-08,4,20.0,0.0,15.4,10843.0,0.37,clear
WTH_00006005,2025-09-08,5,17.3,0.0,2.0,8209.0,0.42,clear
WTH_00006006,2025-09-08,6,18.2,0.0,13.2,8692.0,0.24,clear
WTH_00006007,2025-09-08,7,14.1,0.0,12.2,9764.0,0.33,clear
WTH_00006008,2025-09-08,8,16.7,0.0,12.2,6449.0,0.34,clear
WTH_00006009,2025-09-08,9,15.2,0.0,14.3,7607.0,0.23,clear
WTH_00006010,2025-09-08,10,11.6,0.0,7.8,9839.0,0.21,clear
WTH_00006011,2025-09-08,11,11.1,0.0,4.5,7458.0,0.11,clear
WTH_00006012,2025-09-08,12,9.6,11.43,20.4,2554.0,0.54,rain
WTH_00006013,2025-09-08,13,12.3,0.0,22.7,7468.0,0.42,clear
WTH_00006014,2025-09-08,14,5.0,0.0,12.4,11996.0,0.36,clear
WTH_00006015,2025-09-08,15,14.0,0.0,28.3,383.0,0.58,fog
WTH_00006016,2025-09-08,16,11.2,0.0,6.1,6758.0,0.24,clear
WTH_00006017,2025-09-08,17,12.9,0.0,0.6,7608.0,0.17,clear
WTH_00006018,2025-09-08,18,7.1,0.0,13.0,8893.0,0.65,cloudy
WTH_00006019,2025-09-08,19,14.5,0.0,24.9,7384.0,0.24,clear
WTH_00006020,2025-09-08,20,14.4,0.0,7.4,9406.0,0.4,clear
WTH_00006021,2025-09-08,21,13.6,0.0,11.0,7967.0,0.4,clear
WTH_00006022,2025-09-08,22,14.1,0.0,6.9,7375.0,0.39,clear
WTH_00006023,2025-09-08,23,18.0,0.0,5.6,7066.0,0.32,clear
WTH_00006024,2025-09-09,0,16.8,0.0,1.2,10479.0,0.21,clear
WTH_00006025,2025-09-09,1,18.5,0.0,12.9,10612.0,0.29,clear
WTH_00006026,2025-09-09,2,17.4,0.0,12.7,10296.0,0.15,clear
WTH_00006027,2025-09-09,3,18.7,0.0,3.9,9950.0,0.44,clear
WTH_00006028,2025-09-09,4,19.4,0.0,5.0,9911.0,0.52,clear
WTH_00006029,2025-09-09,5,16.2,0.0,12.5,10936.0,0.1,clear
WTH_00006030,2025-09-09,6,19.3,0.0,10.7,9778.0,0.37,clear
WTH_00006031,2025-09-09,7,18.0,0.0,8.1,7296.0,0.53,clear
WTH_00006032,2025-09-09,8,16.4,0.0,8.2,11091.0,0.36,clear
WTH_00006033,2025-09-09,9,11.8,0.0,22.8,7998.0,0.23,clear
WTH_00006034,2025-09-09,10,10.9,0.0,0.9,9969.0,0.33,clear
WTH_00006035,2025-09-09,11,12.1,0.0,20.2,8040.0,0.66,cloudy
WTH_00006036,2025-09-09,12,10.2,0.0,20.7,8889.0,0.17,clear
WTH_00006037,2025-09-09,13,13.6,0.0,2.8,10686.0,0.35,clear
WTH_00006038,2025-09-09,14,8.1,0.0,9.0,7485.0,0.33,clear
WTH_00006039,2025-09-09,15,7.5,0.0,17.6,9059.0,0.32,clear
WTH_00006040,2025-09-09,16,8.7,0.0,19.6,11808.0,0.14,clear
WTH_00006041,2025-09-09,17,12.6,0.0,12.2,11576.0,0.19,clear
WTH_00006042,2025-09-09,18,11.6,0.0,11.4,8022.0,0.38,clear
WTH_00006043,2025-09-09,19,10.7,0.0,13.2,9215.0,0.26,clear
WTH_00006044,2025-09-09,20,13.2,10.35,4.8,2565.0,0.74,rain
WTH_00006045,2025-09-09,21,18.5,0.0,21.3,10151.0,0.33,clear
WTH_00006046,2025-09-09,22,16.0,0.0,9.2,7759.0,0.49,clear
WTH_00006047,2025-09-09,23,16.5,0.0,6.7,7437.0,0.36,clear
WTH_00006048,2025-09-10,0,21.1,0.0,10.6,9293.0,0.45,clear
WTH_00006049,2025-09-10,1,16.0,0.0,42.4,8357.0,0.24,clear
WTH_00006050,2025-09-10,2,16.5,0.0,1.4,10575.0,0.77,cloudy
WTH_00006051,2025-09-10,3,21.3,0.0,9.7,9872.0,0.19,clear
WTH_00006052,2025-09-10,4,15.8,0.0,5.9,11569.0,0.12,clear
WTH_00006053,2025-09-10,5,16.3,0.0,16.2,8067.0,0.14,clear
WTH_00006054,2025-09-10,6,15.5,0.0,18.5,11995.0,0.46,clear
WTH_00006055,2025-09-10,7,16.9,0.0,6.8,11329.0,0.19,clear
WTH_00006056,2025-09-10,8,13.8,0.0,16.1,8234.0,0.67,cloudy
WTH_00006057,2025-09-10,9,14.6,0.0,3.5,11544.0,0.47,clear
WTH_00006058,2025-09-10,10,10.5,0.0,36.3,6277.0,0.44,clear
WTH_00006059,2025-09-10,11,13.9,0.0,8.9,9978.0,0.52,clear
WTH_00006060,2025-09-10,12,13.7,0.0,8.1,7817.0,0.18,clear
WTH_00006061,2025-09-10,13,9.7,0.0,9.3,7984.0,0.18,clear
WTH_00006062,2025-09-10,14,8.3,0.0,19.9,11352.0,0.18,clear
WTH_00006063,2025-09-10,15,8.7,0.0,5.0,8365.0,0.42,clear
WTH_00006064,2025-09-10,16,9.3,0.0,25.6,11102.0,0.49,clear
WTH_00006065,2025-09-10,17,9.5,0.0,29.5,6435.0,0.7,cloudy
WTH_00006066,2025-09-10,18,13.6,0.0,22.2,8359.0,0.69,cloudy
WTH_00006067,2025-09-10,19,14.9,0.0,9.6,8532.0,0.24,clear
WTH_00006068,2025-09-10,20,12.1,0.0,8.4,10764.0,0.59,clear
WTH_00006069,2025-09-10,21,12.5,0.0,5.7,9281.0,0.35,clear
WTH_00006070,2025-09-10,22,14.7,0.0,35.2,7512.0,0.12,clear
WTH_00006071,2025-09-10,23,13.5,0.0,7.6,10734.0,0.43,clear
WTH_00006072,2025-09-11,0,17.4,0.0,7.3,6659.0,0.58,clear
WTH_00006073,2025-09-11,1,18.1,0.0,2.2,7945.0,0.15,clear
WTH_00006074,2025-09-11,2,13.5,0.0,25.2,7042.0,0.35,clear
WTH_00006075,2025-09-11,3,20.0,0.0,20.1,7351.0,0.56,clear
WTH_00006076,2025-09-11,4,17.3,0.0,5.9,10170.0,0.77,cloudy
WTH_00006077,2025-09-11,5,17.7,0.0,13.3,6638.0,0.15,clear
WTH_00006078,2025-09-11,6,18.2,0.0,21.2,11965.0,0.23,clear
WTH_00006079,2025-09-11,7,15.0,0.0,16.8,8283.0,0.14,clear
WTH_00006080,2025-09-11,8,16.6,0.0,14.8,9263.0,0.25,clear
WTH_00006081,2025-09-11,9,12.3,0.0,2.3,7840.0,0.09,clear
WTH_00006082,2025-09-11,10,14.1,0.0,8.1,8224.0,0.16,clear
WTH_00006083,2025-09-11,11,9.3,0.0,12.8,6551.0,0.32,clear
WTH_00006084,2025-09-11,12,13.2,0.0,5.8,10521.0,0.37,clear
WTH_00006085,2025-09-11,13,11.2,0.0,13.5,11306.0,0.06,clear
WTH_00006086,2025-09-11,14,9.8,0.0,16.0,7600.0,0.51,clear
WTH_00006087,2025-09-11,15,8.2,0.0,26.5,10261.0,0.13,clear
WTH_00006088,2025-09-11,16,9.9,0.0,9.6,8733.0,0.33,clear
WTH_00006089,2025-09-11,17,9.8,0.0,2.0,8474.0,0.35,clear
WTH_00006090,2025-09-11,18,8.9,0.0,29.1,11096.0,0.64,cloudy
WTH_00006091,2025-09-11,19,9.8,0.0,6.9,10341.0,0.09,clear
WTH_00006092,2025-09-11,20,10.9,0.0,20.6,6545.0,0.19,clear
WTH_00006093,2025-09-11,21,15.3,0.0,10.9,11197.0,0.47,clear
WTH_00006094,2025-09-11,22,11.8,0.0,7.4,6607.0,0.06,clear
WTH_00006095,2025-09-11,23,16.5,0.0,0.9,235.0,0.42,fog
WTH_00006096,2025-09-12,0,19.2,0.0,11.7,11736.0,0.22,clear
WTH_00006097,2025-09-12,1,18.1,0.0,9.2,11633.0,0.59,clear
WTH_00006098,2025-09-12,2,17.5,0.0,6.2,7016.0,0.11,clear
WTH_00006099,2025-09-12,3,19.5,0.0,21.6,10174.0,0.62,cloudy
WTH_00006100,2025-09-12,4,18.6,0.0,24.4,8244.0,0.43,clear
WTH_00006101,2025-09-12,5,19.0,0.0,28.9,11478.0,0.87,cloudy
WTH_00006102,2025-09-12,6,14.6,12.5,14.5,1404.0,0.86,rain
WTH_00006103,2025-09-12,7,17.3,0.0,6.7,6655.0,0.22,clear
WTH_00006104,2025-09-12,8,18.4,0.0,6.1,8521.0,0.34,clear
WTH_00006105,2025-09-12,9,13.1,0.0,25.7,8869.0,0.22,clear
WTH_00006106,2025-09-12,10,9.8,0.0,3.1,9573.0,0.35,clear
WTH_00006107,2025-09-12,11,13.8,0.0,5.6,10890.0,0.33,clear
WTH_00006108,2025-09-12,12,11.6,0.0,14.6,7147.0,0.29,clear
WTH_00006109,2025-09-12,13,8.0,0.0,31.7,11933.0,0.72,cloudy
WTH_00006110,2025-09-12,14,14.5,0.0,9.9,8183.0,0.14,clear
WTH_00006111,2025-09-12,15,10.7,0.0,4.7,6468.0,0.15,clear
WTH_00006112,2025-09-12,16,9.0,8.03,3.8,2045.0,0.46,rain
WTH_00006113,2025-09-12,17,8.1,0.0,2.5,11107.0,0.65,cloudy
WTH_00006114,2025-09-12,18,11.3,0.0,23.0,8367.0,0.12,clear
WTH_00006115,2025-09-12,19,9.3,0.0,11.5,11567.0,0.17,clear
WTH_00006116,2025-09-12,20,11.3,0.0,20.8,10125.0,0.2,clear
WTH_00006117,2025-09-12,21,13.7,0.0,17.9,9357.0,0.6,cloudy
WTH_00006118,2025-09-12,22,14.1,0.0,5.8,10361.0,0.28,clear
WTH_00006119,2025-09-12,23,14.7,3.74,5.9,2117.0,1.0,rain
WTH_00006120,2025-09-13,0,16.0,0.0,6.6,7566.0,0.57,clear
WTH_00006121,2025-09-13,1,18.2,0.0,6.0,9139.0,0.27,clear
WTH_00006122,2025-09-13,2,17.6,0.0,18.8,7050.0,0.56,clear
WTH_00006123,2025-09-13,3,20.6,0.0,17.1,9164.0,0.17,clear
WTH_00006124,2025-09-13,4,18.0,11.89,2.1,1893.0,0.45,rain
WTH_00006125,2025-09-13,5,18.3,0.0,13.3,6965.0,0.43,clear
WTH_00006126,2025-09-13,6,19.2,7.46,5.7,3739.0,0.75,rain
WTH_00006127,2025-09-13,7,18.0,0.0,15.3,9235.0,0.13,clear
WTH_00006128,2025-09-13,8,16.7,0.0,2.4,9201.0,0.42,clear
WTH_00006129,2025-09-13,9,16.3,7.38,14.8,866.0,0.96,rain
WTH_00006130,2025-09-13,10,10.7,0.0,20.8,7908.0,0.27,clear
WTH_00006131,2025-09-13,11,14.0,0.0,4.5,7654.0,0.52,clear
WTH_00006132,2025-09-13,12,10.2,0.0,6.0,10845.0,0.24,clear
WTH_00006133,2025-09-13,13,11.0,0.0,6.4,6987.0,0.27,clear
WTH_00006134,2025-09-13,14,6.9,0.0,13.4,9465.0,0.33,clear
WTH_00006135,2025-09-13,15,10.9,0.0,10.8,11716.0,0.52,clear
WTH_00006136,2025-09-13,16,15.0,0.0,35.1,10062.0,0.07,clear
WTH_00006137,2025-09-13,17,7.0,0.0,22.9,11085.0,0.54,clear
WTH_00006138,2025-09-13,18,12.2,0.0,12.4,8938.0,0.29,clear
WTH_00006139,2025-09-13,19,14.1,0.0,11.6,10432.0,0.19,clear
WTH_00006140,2025-09-13,20,14.2,0.0,2.4,7220.0,0.07,clear
WTH_00006141,2025-09-13,21,13.4,0.0,12.5,11888.0,0.37,clear
WTH_00006142,2025-09-13,22,16.6,0.0,37.0,7312.0,0.48,clear
WTH_00006143,2025-09-13,23,15.6,0.0,11.7,9461.0,0.46,clear
WTH_00006144,2025-09-14,0,16.0,0.0,22.5,10954.0,0.45,clear
WTH_00006145,2025-09-14,1,19.0,0.0,13.5,11455.0,0.25,clear
WTH_00006146,2025-09-14,2,19.0,0.0,14.6,11731.0,0.13,clear
WTH_00006147,2025-09-14,3,15.0,0.0,11.3,9845.0,0.23,clear
WTH_00006148,2025-09-14,4,16.5,0.0,8.9,10148.0,0.16,clear
WTH_00006149,2025-09-14,5,17.5,0.0,11.0,7570.0,0.31,clear
WTH_00006150,2025-09-14,6,18.4,2.43,12.2,2203.0,1.0,rain
WTH_00006151,2025-09-14,7,20.1,6.09,13.3,3635.0,0.41,rain
WTH_00006152,2025-09-14,8,15.0,0.0,24.1,7485.0,0.47,clear
WTH_00006153,2025-09-14,9,17.6,0.0,7.6,10156.0,0.4,clear
WTH_00006154,2025-09-14,10,10.8,0.0,20.2,11500.0,0.14,clear
WTH_00006155,2025-09-14,11,12.9,0.0,8.2,10880.0,0.49,clear
WTH_00006156,2025-09-14,12,9.7,0.0,6.6,7622.0,0.32,clear
WTH_00006157,2025-09-14,13,5.1,0.0,8.4,10291.0,0.26,clear
WTH_00006158,2025-09-14,14,5.5,0.0,15.9,11603.0,0.09,clear
WTH_00006159,2025-09-14,15,11.2,0.0,16.1,7131.0,0.35,clear
WTH_00006160,2025-09-14,16,12.2,0.0,11.3,8772.0,0.3,clear
WTH_00006161,2025-09-14,17,11.8,0.0,4.7,7654.0,0.29,clear
WTH_00006162,2025-09-14,18,11.7,0.0,12.9,10676.0,0.1,clear
WTH_00006163,2025-09-14,19,9.2,0.0,14.5,9657.0,0.18,clear
WTH_00006164,2025-09-14,20,15.8,0.0,2.5,9475.0,0.21,clear
WTH_00006165,2025-09-14,21,15.3,0.0,4.6,6840.0,0.47,clear
WTH_00006166,2025-09-14,22,15.2,0.0,16.0,8628.0,0.41,clear
WTH_00006167,2025-09-14,23,13.6,0.0,7.8,7545.0,0.28,clear
WTH_00006168,2025-09-15,0,18.3,0.0,13.7,7885.0,0.43,clear
WTH_00006169,2025-09-15,1,17.4,0.0,16.5,10353.0,0.29,clear
WTH_00006170,2025-09-15,2,18.4,0.0,0.5,11414.0,0.29,clear
WTH_00006171,2025-09-15,3,20.5,0.0,2.4,7302.0,0.53,clear
WTH_00006172,2025-09-15,4,15.5,0.0,16.3,10003.0,0.13,clear
WTH_00006173,2025-09-15,5,14.7,0.0,15.2,11544.0,0.57,clear
WTH_00006174,2025-09-15,6,14.8,0.0,9.4,6479.0,0.65,cloudy
WTH_00006175,2025-09-15,7,19.2,0.0,27.3,6507.0,0.28,clear
WTH_00006176,2025-09-15,8,17.1,0.0,14.0,8992.0,0.19,clear
WTH_00006177,2025-09-15,9,18.5,0.0,12.1,699.0,0.46,fog
WTH_00006178,2025-09-15,10,11.9,0.0,7.6,11755.0,0.32,clear
WTH_00006179,2025-09-15,11,15.5,0.0,19.7,9003.0,0.28,clear
WTH_00006180,2025-09-15,12,10.2,0.0,13.8,9292.0,0.58,clear
WTH_00006181,2025-09-15,13,9.8,0.0,21.5,11960.0,0.4,clear
WTH_00006182,2025-09-15,14,9.2,0.0,8.7,7262.0,0.22,clear
WTH_00006183,2025-09-15,15,8.3,0.0,11.5,8015.0,0.2,clear
WTH_00006184,2025-09-15,16,10.9,0.0,17.0,10270.0,0.05,clear
WTH_00006185,2025-09-15,17,15.2,0.0,5.1,11212.0,0.34,clear
WTH_00006186,2025-09-15,18,7.8,0.0,25.9,10823.0,0.42,clear
WTH_00006187,2025-09-15,19,11.4,0.0,20.6,9753.0,0.15,clear
WTH_00006188,2025-09-15,20,15.2,0.0,1.1,8814.0,0.11,clear
WTH_00006189,2025-09-15,21,13.9,0.0,6.9,11490.0,0.33,clear
WTH_00006190,2025-09-15,22,13.7,0.0,11.7,9084.0,0.25,clear
WTH_00006191,2025-09-15,23,14.8,0.0,6.3,11497.0,0.12,clear
WTH_00006192,2025-09-16,0,19.4,0.0,6.6,8375.0,0.49,clear
WTH_00006193,2025-09-16,1,21.1,0.0,3.7,6613.0,0.46,clear
WTH_00006194,2025-09-16,2,19.7,0.0,2.5,7644.0,0.52,clear
WTH_00006195,2025-09-16,3,22.7,0.0,13.7,8852.0,0.44,clear
WTH_00006196,2025-09-16,4,21.2,8.78,25.4,3260.0,0.49,rain
WTH_00006197,2025-09-16,5,18.5,0.0,20.4,8414.0,0.3,clear
WTH_00006198,2025-09-16,6,16.7,0.0,25.5,7125.0,0.23,clear
WTH_00006199,2025-09-16,7,16.5,0.0,26.7,6499.0,0.31,clear
WTH_00006200,2025-09-16,8,15.3,0.0,3.6,6380.0,0.3,clear
WTH_00006201,2025-09-16,9,11.4,0.0,4.3,11041.0,0.33,clear
WTH_00006202,2025-09-16,10,16.8,0.0,17.7,6982.0,0.25,clear
WTH_00006203,2025-09-16,11,13.7,0.0,14.6,7525.0,0.37,clear
WTH_00006204,2025-09-16,12,12.9,0.0,14.0,11410.0,0.07,clear
WTH_00006205,2025-09-16,13,11.5,0.0,18.2,10388.0,0.29,clear
WTH_00006206,2025-09-16,14,7.0,0.0,3.8,8099.0,0.35,clear
WTH_00006207,2025-09-16,15,10.2,0.0,12.1,11861.0,0.13,clear
WTH_00006208,2025-09-16,16,14.1,0.0,15.3,11222.0,0.29,clear
WTH_00006209,2025-09-16,17,12.7,0.0,4.1,7148.0,0.28,clear
WTH_00006210,2025-09-16,18,8.2,0.0,27.0,6369.0,0.45,clear
WTH_00006211,2025-09-16,19,15.0,0.0,4.9,10273.0,0.63,cloudy
WTH_00006212,2025-09-16,20,14.2,0.0,13.4,9805.0,0.56,clear
WTH_00006213,2025-09-16,21,15.0,0.0,11.7,10336.0,0.34,clear
WTH_00006214,2025-09-16,22,10.5,0.0,5.3,7184.0,0.7,cloudy
WTH_00006215,2025-09-16,23,14.8,0.0,8.2,6680.0,0.25,clear
WTH_00006216,2025-09-17,0,17.1,6.36,26.7,2532.0,0.73,rain
WTH_00006217,2025-09-17,1,19.6,2.16,18.3,2176.0,0.87,rain
WTH_00006218,2025-09-17,2,17.7,4.45,30.6,2466.0,0.58,rain
WTH_00006219,2025-09-17,3,18.0,14.15,31.6,2288.0,0.67,storm
WTH_00006220,2025-09-17,4,18.1,8.14,28.9,1647.0,0.85,storm
WTH_00006221,2025-09-17,5,20.1,5.74,23.6,2175.0,1.0,rain
WTH_00006222,2025-09-17,6,19.4,11.12,30.6,1667.0,0.94,storm
WTH_00006223,2025-09-17,7,17.6,7.12,36.2,3234.0,0.63,rain
WTH_00006224,2025-09-17,8,14.0,3.87,18.8,954.0,0.53,rain
WTH_00006225,2025-09-17,9,12.9,6.31,20.3,1077.0,0.6,rain
WTH_00006226,2025-09-17,10,13.6,7.9,26.3,2651.0,0.74,rain
WTH_00006227,2025-09-17,11,7.7,1.57,23.2,2796.0,0.73,rain
WTH_00006228,2025-09-17,12,10.4,23.26,32.4,3804.0,0.89,storm
WTH_00006229,2025-09-17,13,9.5,8.65,40.3,3816.0,0.44,storm
WTH_00006230,2025-09-17,14,8.8,12.9,32.2,1712.0,1.0,storm
WTH_00006231,2025-09-17,15,10.1,5.06,39.9,839.0,0.84,rain
WTH_00006232,2025-09-17,16,9.6,0.99,23.4,2746.0,0.53,rain
WTH_00006233,2025-09-17,17,10.3,8.26,23.4,964.0,0.48,storm
WTH_00006234,2025-09-17,18,11.6,1.91,16.6,1848.0,0.87,rain
WTH_00006235,2025-09-17,19,10.3,4.17,22.9,2906.0,0.94,rain
WTH_00006236,2025-09-17,20,13.1,3.8,21.6,1993.0,1.0,rain
WTH_00006237,2025-09-17,21,13.5,4.33,39.6,820.0,0.53,rain
WTH_00006238,2025-09-17,22,16.2,0.37,17.1,2788.0,0.58,rain
WTH_00006239,2025-09-17,23,12.7,4.06,18.3,2486.0,0.58,rain
WTH_00006240,2025-09-18,0,11.9,0.0,14.3,436.0,0.1,fog
WTH_00006241,2025-09-18,1,20.2,0.0,14.5,9749.0,0.46,clear
WTH_00006242,2025-09-18,2,17.9,0.0,4.2,11388.0,0.21,clear
WTH_00006243,2025-09-18,3,23.1,0.0,7.1,11872.0,0.4,clear
WTH_00006244,2025-09-18,4,17.3,0.0,1.8,6816.0,0.38,clear
WTH_00006245,2025-09-18,5,18.6,0.0,1.5,9100.0,0.39,clear
WTH_00006246,2025-09-18,6,16.4,0.0,16.4,11169.0,0.08,clear
WTH_00006247,2025-09-18,7,14.9,0.0,13.1,6358.0,0.13,clear
WTH_00006248,2025-09-18,8,13.8,0.0,5.0,9866.0,0.27,clear
WTH_00006249,2025-09-18,9,10.9,0.0,7.9,10697.0,0.05,clear
WTH_00006250,2025-09-18,10,13.9,0.0,3.1,9436.0,0.28,clear
WTH_00006251,2025-09-18,11,13.5,0.0,17.3,7729.0,0.14,clear
WTH_00006252,2025-09-18,12,10.7,0.0,11.7,10440.0,0.18,clear
WTH_00006253,2025-09-18,13,6.8,0.0,4.2,7449.0,0.33,clear
WTH_00006254,2025-09-18,14,10.4,0.0,2.8,7721.0,0.33,clear
WTH_00006255,2025-09-18,15,13.6,0.0,15.2,10296.0,0.15,clear
WTH_00006256,2025-09-18,16,6.5,0.0,2.3,11203.0,0.37,clear
WTH_00006257,2025-09-18,17,14.7,0.0,15.2,10773.0,0.33,clear
WTH_00006258,2025-09-18,18,9.8,0.0,7.0,8416.0,0.65,cloudy
WTH_00006259,2025-09-18,19,12.1,0.0,7.6,10818.0,0.3,clear
WTH_00006260,2025-09-18,20,10.9,0.0,4.6,9724.0,0.27,clear
WTH_00006261,2025-09-18,21,13.0,0.0,23.6,406.0,0.21,fog
WTH_00006262,2025-09-18,22,16.1,0.0,13.4,7172.0,0.08,clear
WTH_00006263,2025-09-18,23,16.3,0.0,17.6,6072.0,0.25,clear
WTH_00006264,2025-09-19,0,15.4,0.0,19.9,10642.0,0.2,clear
WTH_00006265,2025-09-19,1,21.8,0.0,24.5,6957.0,0.25,clear
WTH_00006266,2025-09-19,2,18.0,0.0,6.5,6806.0,0.19,clear
WTH_00006267,2025-09-19,3,16.2,0.0,16.2,8908.0,0.4,clear
WTH_00006268,2025-09-19,4,13.0,0.0,8.1,8445.0,0.49,clear
WTH_00006269,2025-09-19,5,17.7,0.0,21.5,8484.0,0.16,clear
WTH_00006270,2025-09-19,6,13.5,0.0,18.9,7794.0,0.2,clear
WTH_00006271,2025-09-19,7,16.8,0.0,16.0,9266.0,0.49,clear
WTH_00006272,2025-09-19,8,16.0,0.0,13.5,11847.0,0.32,clear
WTH_00006273,2025-09-19,9,9.8,0.0,18.3,8707.0,0.12,clear
WTH_00006274,2025-09-19,10,13.4,0.0,4.3,9502.0,0.42,clear
WTH_00006275,2025-09-19,11,10.1,0.0,15.3,11937.0,0.14,clear
WTH_00006276,2025-09-19,12,14.3,0.0,12.8,9301.0,0.11,clear
WTH_00006277,2025-09-19,13,8.4,0.0,12.0,9210.0,0.33,clear
WTH_00006278,2025-09-19,14,14.1,0.0,27.0,9661.0,0.16,clear
WTH_00006279,2025-09-19,15,8.3,0.0,12.2,8234.0,0.14,clear
WTH_00006280,2025-09-19,16,11.9,0.0,20.2,7610.0,0.21,clear
WTH_00006281,2025-09-19,17,9.1,0.0,9.4,11867.0,0.7,cloudy
WTH_00006282,2025-09-19,18,11.4,0.0,35.0,9897.0,0.78,cloudy
WTH_00006283,2025-09-19,19,13.1,0.0,5.8,8024.0,0.59,clear
WTH_00006284,2025-09-19,20,16.4,0.0,5.7,9429.0,0.39,clear
WTH_00006285,2025-09-19,21,14.9,0.0,10.6,8900.0,0.24,clear
WTH_00006286,2025-09-19,22,14.6,0.0,6.1,9994.0,0.23,clear
WTH_00006287,2025-09-19,23,19.6,0.0,1.9,8324.0,0.32,clear
WTH_00006288,2025-09-20,0,13.7,0.0,3.4,11038.0,0.12,clear
WTH_00006289,2025-09-20,1,15.5,0.0,0.2,7820.0,0.28,clear
WTH_00006290,2025-09-20,2,19.2,0.0,12.3,7960.0,0.24,clear
WTH_00006291,2025-09-20,3,22.5,0.0,5.9,10670.0,0.54,clear
WTH_00006292,2025-09-20,4,18.0,0.0,18.0,11358.0,0.74,cloudy
WTH_00006293,2025-09-20,5,18.8,0.0,31.6,9642.0,0.36,clear
WTH_00006294,2025-09-20,6,18.1,0.0,15.3,11670.0,0.46,clear
WTH_00006295,2025-09-20,7,17.0,0.0,9.0,9894.0,0.02,clear
WTH_00006296,2025-09-20,8,14.5,0.0,11.8,6844.0,0.11,clear
WTH_00006297,2025-09-20,9,14.5,0.0,7.6,9084.0,0.37,clear
WTH_00006298,2025-09-20,10,11.8,0.0,13.0,10647.0,0.18,clear
WTH_00006299,2025-09-20,11,10.9,0.0,27.3,9518.0,0.11,clear
WTH_00006300,2025-09-20,12,9.8,0.0,18.7,9881.0,0.4,clear
WTH_00006301,2025-09-20,13,8.5,0.0,9.1,11625.0,0.55,clear
WTH_00006302,2025-09-20,14,10.8,0.0,12.6,9856.0,0.09,clear
WTH_00006303,2025-09-20,15,10.5,0.0,41.0,10700.0,0.25,clear
WTH_00006304,2025-09-20,16,9.7,0.0,20.1,11187.0,0.46,clear
WTH_00006305,2025-09-20,17,8.4,0.0,7.1,7398.0,0.66,cloudy
WTH_00006306,2025-09-20,18,12.1,0.0,25.7,10654.0,0.04,clear
WTH_00006307,2025-09-20,19,13.6,0.0,4.9,7968.0,0.32,clear
WTH_00006308,2025-09-20,20,11.6,0.0,2.5,9460.0,0.06,clear
WTH_00006309,2025-09-20,21,15.3,0.0,17.4,7705.0,0.22,clear
WTH_00006310,2025-09-20,22,13.8,0.0,6.3,10902.0,0.07,clear
WTH_00006311,2025-09-20,23,16.3,0.0,14.1,9197.0,0.34,clear
WTH_00006312,2025-09-21,0,19.6,0.0,15.5,9021.0,0.54,clear
WTH_00006313,2025-09-21,1,14.8,0.0,1.1,8108.0,0.27,clear
WTH_00006314,2025-09-21,2,17.9,0.0,10.4,11100.0,0.4,clear
WTH_00006315,2025-09-21,3,17.0,0.0,14.2,9656.0,0.09,clear
WTH_00006316,2025-09-21,4,16.5,0.0,16.7,8328.0,0.28,clear
WTH_00006317,2025-09-21,5,18.5,0.0,14.7,9060.0,0.37,clear
WTH_00006318,2025-09-21,6,15.8,4.68,18.7,3967.0,0.83,rain
WTH_00006319,2025-09-21,7,11.4,0.0,14.3,8296.0,0.53,clear
WTH_00006320,2025-09-21,8,18.5,6.28,42.3,2631.0,0.66,rain
WTH_00006321,2025-09-21,9,14.2,0.0,9.0,10814.0,0.32,clear
WTH_00006322,2025-09-21,10,12.3,0.0,5.3,10832.0,0.26,clear
WTH_00006323,2025-09-21,11,10.6,0.0,24.8,9952.0,0.17,clear
WTH_00006324,2025-09-21,12,9.9,0.0,3.3,8976.0,0.46,clear
WTH_00006325,2025-09-21,13,8.8,0.0,2.7,7725.0,0.07,clear
WTH_00006326,2025-09-21,14,12.7,0.0,42.9,11954.0,0.42,clear
WTH_00006327,2025-09-21,15,8.0,0.0,17.7,11598.0,0.57,clear
WTH_00006328,2025-09-21,16,14.5,0.0,1.5,11892.0,0.52,clear
WTH_00006329,2025-09-21,17,12.6,0.0,2.9,7607.0,0.16,clear
WTH_00006330,2025-09-21,18,10.0,0.0,9.3,6469.0,0.41,clear
WTH_00006331,2025-09-21,19,14.0,0.0,18.7,8727.0,0.15,clear
WTH_00006332,2025-09-21,20,16.2,0.0,2.5,8967.0,0.78,cloudy
WTH_00006333,2025-09-21,21,18.1,0.0,2.0,7937.0,0.36,clear
WTH_00006334,2025-09-21,22,16.1,0.0,5.1,8901.0,0.65,cloudy
WTH_00006335,2025-09-21,23,16.9,0.0,15.4,8067.0,0.2,clear
WTH_00006336,2025-09-22,0,17.1,3.02,30.2,1367.0,0.67,rain
WTH_00006337,2025-09-22,1,15.7,13.57,24.2,2713.0,1.0,storm
WTH_00006338,2025-09-22,2,17.2,3.33,27.5,915.0,0.87,rain
WTH_00006339,2025-09-22,3,20.3,1.76,22.5,1316.0,0.53,rain
WTH_00006340,2025-09-22,4,16.7,3.15,26.2,852.0,0.67,rain
WTH_00006341,2025-09-22,5,19.9,2.7,19.4,3626.0,0.9,rain
WTH_00006342,2025-09-22,6,19.5,5.0,42.1,2509.0,0.88,rain
WTH_00006343,2025-09-22,7,14.3,5.23,29.8,1847.0,0.93,rain
WTH_00006344,2025-09-22,8,12.4,14.36,29.3,1221.0,0.82,storm
WTH_00006345,2025-09-22,9,14.3,4.52,27.5,3991.0,0.53,rain
WTH_00006346,2025-09-22,10,12.5,2.83,18.3,1963.0,1.0,rain
WTH_00006347,2025-09-22,11,11.8,6.69,22.6,876.0,0.73,rain
WTH_00006348,2025-09-22,12,9.7,3.9,25.1,2825.0,0.81,rain
WTH_00006349,2025-09-22,13,10.7,4.44,31.4,1632.0,0.45,rain
WTH_00006350,2025-09-22,14,7.9,5.58,40.0,2548.0,0.65,rain
WTH_00006351,2025-09-22,15,11.4,5.15,22.9,1606.0,0.69,rain
WTH_00006352,2025-09-22,16,10.2,2.38,36.1,1542.0,0.55,rain
WTH_00006353,2025-09-22,17,8.8,3.5,28.9,2243.0,0.75,rain
WTH_00006354,2025-09-22,18,9.3,2.87,19.4,865.0,0.5,rain
WTH_00006355,2025-09-22,19,12.3,1.12,20.4,3672.0,0.63,rain
WTH_00006356,2025-09-22,20,14.1,2.13,27.0,3953.0,0.43,rain
WTH_00006357,2025-09-22,21,13.9,1.68,21.3,1613.0,0.54,rain
WTH_00006358,2025-09-22,22,11.5,1.29,33.2,1875.0,1.0,rain
WTH_00006359,2025-09-22,23,15.4,1.74,26.4,1127.0,0.72,rain
WTH_00006360,2025-09-23,0,17.5,0.0,28.7,6513.0,0.23,clear
WTH_00006361,2025-09-23,1,16.4,0.0,6.4,8344.0,0.36,clear
WTH_00006362,2025-09-23,2,14.3,0.0,12.7,6567.0,0.55,clear
WTH_00006363,2025-09-23,3,18.6,0.0,16.7,11254.0,0.57,clear
WTH_00006364,2025-09-23,4,16.9,0.0,12.8,6764.0,0.19,clear
WTH_00006365,2025-09-23,5,17.2,0.0,7.2,6379.0,0.43,clear
WTH_00006366,2025-09-23,6,18.1,0.0,6.2,9604.0,0.79,cloudy
WTH_00006367,2025-09-23,7,16.5,0.0,24.5,6413.0,0.15,clear
WTH_00006368,2025-09-23,8,17.5,0.0,2.7,10332.0,0.23,clear
WTH_00006369,2025-09-23,9,11.0,0.0,27.0,705.0,0.31,fog
WTH_00006370,2025-09-23,10,12.9,0.0,24.1,11662.0,0.4,clear
WTH_00006371,2025-09-23,11,16.9,0.0,4.4,10576.0,0.42,clear
WTH_00006372,2025-09-23,12,10.2,0.0,6.3,11465.0,0.5,clear
WTH_00006373,2025-09-23,13,10.3,0.0,7.4,10437.0,0.7,cloudy
WTH_00006374,2025-09-23,14,5.6,0.0,8.1,7320.0,0.24,clear
WTH_00006375,2025-09-23,15,8.2,0.0,8.2,10491.0,0.29,clear
WTH_00006376,2025-09-23,16,12.3,7.1,37.7,1801.0,1.0,rain
WTH_00006377,2025-09-23,17,11.1,0.0,7.4,9999.0,0.31,clear
WTH_00006378,2025-09-23,18,12.6,0.0,17.4,11992.0,0.58,clear
WTH_00006379,2025-09-23,19,13.2,9.64,6.0,3751.0,0.58,rain
WTH_00006380,2025-09-23,20,13.2,0.0,9.2,11646.0,0.12,clear
WTH_00006381,2025-09-23,21,16.0,0.0,11.0,7867.0,0.69,cloudy
WTH_00006382,2025-09-23,22,12.3,0.0,20.0,10957.0,0.58,clear
WTH_00006383,2025-09-23,23,15.5,0.0,14.0,9705.0,0.49,clear
WTH_00006384,2025-09-24,0,18.9,0.0,0.6,8792.0,0.1,clear
WTH_00006385,2025-09-24,1,17.1,0.0,2.4,829.0,0.18,fog
WTH_00006386,2025-09-24,2,19.1,0.0,6.2,7046.0,0.13,clear
WTH_00006387,2025-09-24,3,19.1,0.0,8.9,6213.0,0.43,clear
WTH_00006388,2025-09-24,4,16.5,0.0,20.6,6644.0,0.21,clear
WTH_00006389,2025-09-24,5,20.8,0.0,9.3,10698.0,0.44,clear
WTH_00006390,2025-09-24,6,14.4,0.0,5.0,1175.0,0.11,fog
WTH_00006391,2025-09-24,7,18.7,0.0,7.6,10442.0,0.22,clear
WTH_00006392,2025-09-24,8,16.0,0.0,32.2,11645.0,0.23,clear
WTH_00006393,2025-09-24,9,10.5,10.41,7.0,1830.0,0.58,rain
WTH_00006394,2025-09-24,10,12.3,0.0,23.8,8165.0,0.44,clear
WTH_00006395,2025-09-24,11,8.9,0.0,14.9,11678.0,0.18,clear
WTH_00006396,2025-09-24,12,10.3,0.0,9.3,8034.0,0.26,clear
WTH_00006397,2025-09-24,13,13.2,0.0,16.4,7006.0,0.13,clear
WTH_00006398,2025-09-24,14,8.1,0.0,22.6,6932.0,0.19,clear
WTH_00006399,2025-09-24,15,6.2,0.0,3.8,7947.0,0.17,clear
WTH_00006400,2025-09-24,16,9.6,0.0,14.9,10967.0,0.26,clear
WTH_00006401,2025-09-24,17,10.5,0.0,6.6,11974.0,0.09,clear
WTH_00006402,2025-09-24,18,10.7,0.0,10.8,11531.0,0.38,clear
WTH_00006403,2025-09-24,19,13.3,0.0,2.0,10650.0,0.33,clear
WTH_00006404,2025-09-24,20,11.4,0.0,18.6,8786.0,0.07,clear
WTH_00006405,2025-09-24,21,15.9,0.0,13.2,7801.0,0.14,clear
WTH_00006406,2025-09-24,22,13.6,0.0,13.0,8958.0,0.39,clear
WTH_00006407,2025-09-24,23,18.2,0.0,23.0,10234.0,0.42,clear
WTH_00006408,2025-09-25,0,17.7,0.0,26.4,11186.0,0.38,clear
WTH_00006409,2025-09-25,1,15.6,0.0,17.8,1147.0,0.46,fog
WTH_00006410,2025-09-25,2,20.9,0.0,9.5,6189.0,0.15,clear
WTH_00006411,2025-09-25,3,20.0,5.68,7.0,3892.0,0.86,rain
WTH_00006412,2025-09-25,4,20.6,0.0,2.5,6951.0,0.36,clear
WTH_00006413,2025-09-25,5,16.1,0.0,1.5,10023.0,0.37,clear
WTH_00006414,2025-09-25,6,16.8,0.0,1.9,10865.0,0.06,clear
WTH_00006415,2025-09-25,7,17.3,0.0,27.0,11828.0,0.44,clear
WTH_00006416,2025-09-25,8,13.6,0.0,18.5,11308.0,0.02,clear
WTH_00006417,2025-09-25,9,10.3,0.0,5.6,11021.0,0.15,clear
WTH_00006418,2025-09-25,10,11.7,0.0,9.3,9027.0,0.79,cloudy
WTH_00006419,2025-09-25,11,12.0,0.0,17.9,6220.0,0.39,clear
WTH_00006420,2025-09-25,12,12.4,0.0,19.6,7423.0,0.31,clear
WTH_00006421,2025-09-25,13,13.1,0.0,20.3,8441.0,0.31,clear
WTH_00006422,2025-09-25,14,11.6,0.0,3.4,8506.0,0.69,cloudy
WTH_00006423,2025-09-25,15,10.6,0.0,9.0,10425.0,0.41,clear
WTH_00006424,2025-09-25,16,10.3,0.0,4.3,11532.0,0.05,clear
WTH_00006425,2025-09-25,17,10.2,0.0,1.3,6371.0,0.33,clear
WTH_00006426,2025-09-25,18,12.3,0.0,5.8,11471.0,0.34,clear
WTH_00006427,2025-09-25,19,11.2,0.0,3.5,9171.0,0.45,clear
WTH_00006428,2025-09-25,20,11.6,0.0,9.3,8675.0,0.24,clear
WTH_00006429,2025-09-25,21,11.7,0.0,10.5,8273.0,0.26,clear
WTH_00006430,2025-09-25,22,14.4,11.96,7.7,1883.0,0.55,rain
WTH_00006431,2025-09-25,23,13.5,0.0,7.0,10575.0,0.35,clear
WTH_00006432,2025-09-26,0,13.4,0.0,5.5,10444.0,0.39,clear
WTH_00006433,2025-09-26,1,17.2,0.0,15.6,6354.0,0.4,clear
WTH_00006434,2025-09-26,2,18.4,0.0,21.3,6679.0,0.45,clear
WTH_00006435,2025-09-26,3,21.1,0.0,9.0,6787.0,0.16,clear
WTH_00006436,2025-09-26,4,15.4,0.0,4.6,8488.0,0.2,clear
WTH_00006437,2025-09-26,5,17.1,0.0,14.8,10338.0,0.36,clear
WTH_00006438,2025-09-26,6,15.2,0.0,7.0,7420.0,0.41,clear
WTH_00006439,2025-09-26,7,15.0,0.0,25.5,9935.0,0.15,clear
WTH_00006440,2025-09-26,8,14.0,0.0,11.2,11401.0,0.48,clear
WTH_00006441,2025-09-26,9,10.8,0.0,5.9,11953.0,0.37,clear
WTH_00006442,2025-09-26,10,12.8,0.0,3.2,11064.0,0.3,clear
WTH_00006443,2025-09-26,11,12.0,0.0,13.4,10240.0,0.04,clear
WTH_00006444,2025-09-26,12,12.7,0.0,13.3,244.0,0.28,fog
WTH_00006445,2025-09-26,13,8.2,0.0,8.9,10747.0,0.68,cloudy
WTH_00006446,2025-09-26,14,10.0,0.0,30.7,11543.0,0.37,clear
WTH_00006447,2025-09-26,15,11.2,0.0,6.0,9333.0,0.34,clear
WTH_00006448,2025-09-26,16,12.0,0.0,29.4,7902.0,0.18,clear
WTH_00006449,2025-09-26,17,10.3,0.0,31.3,11567.0,0.34,clear
WTH_00006450,2025-09-26,18,9.9,0.0,19.3,242.0,0.36,fog
WTH_00006451,2025-09-26,19,14.2,0.0,28.6,11447.0,0.18,clear
WTH_00006452,2025-09-26,20,15.2,0.0,6.5,9824.0,0.24,clear
WTH_00006453,2025-09-26,21,14.1,0.0,12.0,11369.0,0.41,clear
WTH_00006454,2025-09-26,22,12.2,0.0,7.5,8667.0,0.16,clear
WTH_00006455,2025-09-26,23,16.9,0.0,19.4,11249.0,0.35,clear
WTH_00006456,2025-09-27,0,17.1,0.0,2.9,6407.0,0.49,clear
WTH_00006457,2025-09-27,1,14.7,0.0,16.7,8817.0,0.29,clear
WTH_00006458,2025-09-27,2,18.0,0.0,12.2,550.0,0.39,fog
WTH_00006459,2025-09-27,3,14.6,0.0,12.8,10139.0,0.53,clear
WTH_00006460,2025-09-27,4,18.7,0.0,23.7,9942.0,0.36,clear
WTH_00006461,2025-09-27,5,16.4,0.0,5.9,10007.0,0.19,clear
WTH_00006462,2025-09-27,6,14.0,0.0,16.1,6787.0,0.6,cloudy
WTH_00006463,2025-09-27,7,18.6,0.0,18.4,9151.0,0.55,clear
WTH_00006464,2025-09-27,8,12.2,0.0,49.1,1064.0,0.55,fog
WTH_00006465,2025-09-27,9,15.4,0.0,2.2,7599.0,0.23,clear
WTH_00006466,2025-09-27,10,12.2,0.0,5.7,7761.0,0.36,clear
WTH_00006467,2025-09-27,11,13.1,0.0,5.1,10565.0,0.17,clear
WTH_00006468,2025-09-27,12,10.3,0.0,2.8,8186.0,0.35,clear
WTH_00006469,2025-09-27,13,15.4,0.0,12.3,7576.0,0.25,clear
WTH_00006470,2025-09-27,14,9.8,0.0,11.0,8828.0,0.25,clear
WTH_00006471,2025-09-27,15,7.0,0.0,11.5,7052.0,0.09,clear
WTH_00006472,2025-09-27,16,9.9,0.0,8.3,8880.0,0.7,cloudy
WTH_00006473,2025-09-27,17,11.2,0.0,11.0,9331.0,0.73,cloudy
WTH_00006474,2025-09-27,18,11.8,0.0,43.0,8291.0,0.17,clear
WTH_00006475,2025-09-27,19,13.0,2.44,17.5,2296.0,0.56,rain
WTH_00006476,2025-09-27,20,10.5,0.0,3.9,11685.0,0.79,cloudy
WTH_00006477,2025-09-27,21,11.6,0.0,8.1,7278.0,0.29,clear
WTH_00006478,2025-09-27,22,13.2,0.0,8.2,7134.0,0.38,clear
WTH_00006479,2025-09-27,23,12.4,0.0,15.8,6466.0,0.43,clear
WTH_00006480,2025-09-28,0,15.0,0.0,1.0,10325.0,0.2,clear
WTH_00006481,2025-09-28,1,19.3,0.0,10.9,9185.0,0.37,clear
WTH_00006482,2025-09-28,2,18.8,0.0,7.0,7274.0,0.1,clear
WTH_00006483,2025-09-28,3,15.6,0.0,6.8,8855.0,0.64,cloudy
WTH_00006484,2025-09-28,4,18.4,0.0,3.7,10197.0,0.22,clear
WTH_00006485,2025-09-28,5,17.7,0.0,18.4,11540.0,0.15,clear
WTH_00006486,2025-09-28,6,18.8,0.0,8.1,6917.0,0.53,clear
WTH_00006487,2025-09-28,7,15.1,0.0,7.6,10814.0,0.49,clear
WTH_00006488,2025-09-28,8,16.2,0.0,6.0,7433.0,0.53,clear
WTH_00006489,2025-09-28,9,15.6,0.0,9.3,8842.0,0.5,clear
WTH_00006490,2025-09-28,10,13.6,0.0,12.3,10236.0,0.47,clear
WTH_00006491,2025-09-28,11,8.7,0.0,20.8,11670.0,0.45,clear
WTH_00006492,2025-09-28,12,11.1,0.0,39.9,7777.0,0.49,clear
WTH_00006493,2025-09-28,13,13.0,0.0,8.7,8183.0,0.15,clear
WTH_00006494,2025-09-28,14,7.7,0.0,10.0,8563.0,0.34,clear
WTH_00006495,2025-09-28,15,12.0,0.0,46.3,9599.0,0.53,clear
WTH_00006496,2025-09-28,16,12.4,0.0,13.1,10424.0,0.33,clear
WTH_00006497,2025-09-28,17,9.3,0.0,24.2,9815.0,0.4,clear
WTH_00006498,2025-09-28,18,12.7,0.0,11.4,9925.0,0.39,clear
WTH_00006499,2025-09-28,19,13.6,0.0,2.0,10261.0,0.4,clear
WTH_00006500,2025-09-28,20,13.4,0.0,6.3,7187.0,0.46,clear
WTH_00006501,2025-09-28,21,15.7,0.0,2.3,9968.0,0.36,clear
WTH_00006502,2025-09-28,22,14.0,0.0,2.7,9793.0,0.25,clear
WTH_00006503,2025-09-28,23,18.5,0.0,19.9,9460.0,0.23,clear
WTH_00006504,2025-09-29,0,17.5,0.0,2.5,10618.0,0.21,clear
WTH_00006505,2025-09-29,1,16.2,0.0,2.3,11067.0,0.16,clear
WTH_00006506,2025-09-29,2,19.9,0.0,29.7,6596.0,0.33,clear
WTH_00006507,2025-09-29,3,18.0,0.0,23.9,6067.0,0.25,clear
WTH_00006508,2025-09-29,4,17.4,0.0,14.7,1120.0,0.33,fog
WTH_00006509,2025-09-29,5,17.6,0.0,6.2,10889.0,0.43,clear
WTH_00006510,2025-09-29,6,13.0,0.0,11.4,6561.0,0.43,clear
WTH_00006511,2025-09-29,7,12.5,0.0,19.6,9297.0,0.3,clear
WTH_00006512,2025-09-29,8,15.3,0.0,3.6,9762.0,0.56,clear
WTH_00006513,2025-09-29,9,14.0,0.0,22.6,10110.0,0.4,clear
WTH_00006514,2025-09-29,10,13.8,0.0,8.8,11408.0,0.55,clear
WTH_00006515,2025-09-29,11,11.5,0.0,2.1,11952.0,0.38,clear
WTH_00006516,2025-09-29,12,11.7,0.0,11.5,9275.0,0.49,clear
WTH_00006517,2025-09-29,13,11.9,0.0,18.4,11570.0,0.44,clear
WTH_00006518,2025-09-29,14,7.6,0.0,0.6,11879.0,0.51,clear
WTH_00006519,2025-09-29,15,9.7,0.0,11.0,6632.0,0.1,clear
WTH_00006520,2025-09-29,16,9.1,5.52,11.6,1188.0,0.87,rain
WTH_00006521,2025-09-29,17,11.1,0.0,8.0,8769.0,0.38,clear
WTH_00006522,2025-09-29,18,11.2,0.0,8.6,6798.0,0.12,clear
WTH_00006523,2025-09-29,19,11.3,0.0,8.5,9591.0,0.03,clear
WTH_00006524,2025-09-29,20,14.9,0.0,10.3,7951.0,0.32,clear
WTH_00006525,2025-09-29,21,13.3,0.0,22.0,8715.0,0.18,clear
WTH_00006526,2025-09-29,22,15.1,0.0,10.2,8500.0,0.27,clear
WTH_00006527,2025-09-29,23,15.3,0.0,15.8,11562.0,0.08,clear
WTH_00006528,2025-09-30,0,16.2,3.75,4.1,3185.0,0.73,rain
WTH_00006529,2025-09-30,1,17.4,0.0,15.7,9543.0,0.52,clear
WTH_00006530,2025-09-30,2,18.4,5.8,1.2,2758.0,0.51,rain
WTH_00006531,2025-09-30,3,15.8,0.0,8.4,7823.0,0.29,clear
WTH_00006532,2025-09-30,4,20.7,0.0,9.5,8781.0,0.27,clear
WTH_00006533,2025-09-30,5,18.9,0.0,5.8,8697.0,0.24,clear
WTH_00006534,2025-09-30,6,16.3,0.0,29.3,11390.0,0.28,clear
WTH_00006535,2025-09-30,7,16.1,0.0,23.9,11161.0,0.5,clear
WTH_00006536,2025-09-30,8,17.8,0.0,14.6,10115.0,0.54,clear
WTH_00006537,2025-09-30,9,16.1,0.0,3.8,10382.0,0.56,clear
WTH_00006538,2025-09-30,10,10.9,0.0,15.3,10478.0,0.3,clear
WTH_00006539,2025-09-30,11,11.7,0.0,32.9,7332.0,0.37,clear
WTH_00006540,2025-09-30,12,11.9,0.0,7.5,7489.0,0.18,clear
WTH_00006541,2025-09-30,13,12.4,0.0,11.1,7936.0,0.37,clear
WTH_00006542,2025-09-30,14,11.6,0.0,6.8,9352.0,0.36,clear
WTH_00006543,2025-09-30,15,11.6,0.0,1.0,9723.0,0.34,clear
WTH_00006544,2025-09-30,16,10.1,0.0,18.1,6747.0,0.15,clear
WTH_00006545,2025-09-30,17,14.0,0.0,20.5,11898.0,0.45,clear
WTH_00006546,2025-09-30,18,9.9,0.0,5.8,8614.0,0.28,clear
WTH_00006547,2025-09-30,19,13.0,0.0,13.3,7761.0,0.59,clear
WTH_00006548,2025-09-30,20,11.2,0.0,17.3,7569.0,0.34,clear
WTH_00006549,2025-09-30,21,13.5,0.0,3.3,8440.0,0.36,clear
WTH_00006550,2025-09-30,22,14.2,0.0,7.3,11478.0,0.7,cloudy
WTH_00006551,2025-09-30,23,14.2,0.0,1.1,9661.0,0.22,clear
WTH_00006552,2025-10-01,0,16.2,0.0,19.8,7399.0,0.37,clear
WTH_00006553,2025-10-01,1,18.9,0.0,18.9,8963.0,0.3,clear
WTH_00006554,2025-10-01,2,20.3,0.0,0.7,10344.0,0.13,clear
WTH_00006555,2025-10-01,3,18.3,0.0,8.6,6890.0,0.19,clear
WTH_00006556,2025-10-01,4,16.7,0.0,6.6,11734.0,0.43,clear
WTH_00006557,2025-10-01,5,15.9,0.0,2.5,6646.0,0.12,clear
WTH_00006558,2025-10-01,6,14.8,0.0,1.9,9552.0,0.24,clear
WTH_00006559,2025-10-01,7,16.7,0.0,3.7,8157.0,0.33,clear
WTH_00006560,2025-10-01,8,18.3,0.0,11.2,7365.0,0.19,clear
WTH_00006561,2025-10-01,9,13.7,0.0,21.9,1076.0,0.38,fog
WTH_00006562,2025-10-01,10,14.6,0.0,21.0,8613.0,0.39,clear
WTH_00006563,2025-10-01,11,7.9,0.0,24.4,7538.0,0.76,cloudy
WTH_00006564,2025-10-01,12,10.1,0.0,8.9,8371.0,0.48,clear
WTH_00006565,2025-10-01,13,8.1,0.0,2.7,10988.0,0.38,clear
WTH_00006566,2025-10-01,14,11.8,0.0,5.8,10355.0,0.46,clear
WTH_00006567,2025-10-01,15,6.9,0.0,17.7,8238.0,0.18,clear
WTH_00006568,2025-10-01,16,11.0,0.0,2.1,8194.0,0.61,cloudy
WTH_00006569,2025-10-01,17,9.1,0.0,40.2,11796.0,0.24,clear
WTH_00006570,2025-10-01,18,17.8,0.0,6.8,6346.0,0.45,clear
WTH_00006571,2025-10-01,19,12.4,0.0,13.1,9743.0,0.55,clear
WTH_00006572,2025-10-01,20,13.9,0.0,15.8,11957.0,0.68,cloudy
WTH_00006573,2025-10-01,21,15.1,0.0,4.1,9910.0,0.34,clear
WTH_00006574,2025-10-01,22,13.0,0.0,19.7,11161.0,0.2,clear
WTH_00006575,2025-10-01,23,17.3,0.0,12.3,6280.0,0.25,clear
WTH_00006576,2025-10-02,0,19.6,0.0,9.1,6409.0,0.14,clear
WTH_00006577,2025-10-02,1,16.0,0.0,25.5,6548.0,0.1,clear
WTH_00006578,2025-10-02,2,17.9,0.0,5.9,10188.0,0.47,clear
WTH_00006579,2025-10-02,3,15.4,0.0,20.4,10281.0,0.14,clear
WTH_00006580,2025-10-02,4,14.0,0.0,1.2,8032.0,0.2,clear
WTH_00006581,2025-10-02,5,16.9,3.18,25.7,2552.0,0.98,rain
WTH_00006582,2025-10-02,6,15.0,0.0,8.0,6567.0,0.47,clear
WTH_00006583,2025-10-02,7,12.6,0.0,8.0,7288.0,0.25,clear
WTH_00006584,2025-10-02,8,14.9,0.0,4.0,8195.0,0.18,clear
WTH_00006585,2025-10-02,9,12.6,0.0,9.3,9651.0,0.16,clear
WTH_00006586,2025-10-02,10,9.8,0.0,12.8,9977.0,0.43,clear
WTH_00006587,2025-10-02,11,10.5,0.0,13.0,11569.0,0.11,clear
WTH_00006588,2025-10-02,12,9.3,0.0,9.7,10368.0,0.28,clear
WTH_00006589,2025-10-02,13,10.0,0.0,7.6,564.0,0.33,fog
WTH_00006590,2025-10-02,14,8.5,0.0,7.4,11421.0,0.62,cloudy
WTH_00006591,2025-10-02,15,12.3,0.0,26.6,10318.0,0.29,clear
WTH_00006592,2025-10-02,16,9.9,0.0,3.6,10268.0,0.62,cloudy
WTH_00006593,2025-10-02,17,11.3,0.0,7.5,6736.0,0.05,clear
WTH_00006594,2025-10-02,18,6.6,0.0,2.5,8748.0,0.36,clear
WTH_00006595,2025-10-02,19,14.2,0.0,18.5,9499.0,0.49,clear
WTH_00006596,2025-10-02,20,11.7,0.0,3.5,7970.0,0.21,clear
WTH_00006597,2025-10-02,21,12.3,0.0,6.9,9148.0,0.23,clear
WTH_00006598,2025-10-02,22,15.4,0.0,35.4,10556.0,0.7,cloudy
WTH_00006599,2025-10-02,23,15.2,0.0,8.5,7683.0,0.34,clear
WTH_00006600,2025-10-03,0,14.1,0.0,15.2,6826.0,0.36,clear
WTH_00006601,2025-10-03,1,18.1,0.0,14.7,11743.0,0.42,clear
WTH_00006602,2025-10-03,2,19.5,0.0,6.4,6129.0,0.28,clear
WTH_00006603,2025-10-03,3,15.7,0.0,16.5,9700.0,0.21,clear
WTH_00006604,2025-10-03,4,19.6,0.0,1.8,11665.0,0.42,clear
WTH_00006605,2025-10-03,5,16.3,0.0,13.8,10056.0,0.81,cloudy
WTH_00006606,2025-10-03,6,15.5,0.0,22.6,7133.0,0.23,clear
WTH_00006607,2025-10-03,7,15.9,0.0,3.1,10161.0,0.26,clear
WTH_00006608,2025-10-03,8,11.4,0.0,2.3,8160.0,0.27,clear
WTH_00006609,2025-10-03,9,10.8,0.0,39.9,8999.0,0.25,clear
WTH_00006610,2025-10-03,10,10.6,0.0,5.5,8830.0,0.6,cloudy
WTH_00006611,2025-10-03,11,12.9,0.0,18.0,10538.0,0.65,cloudy
WTH_00006612,2025-10-03,12,9.0,0.0,17.8,7287.0,0.21,clear
WTH_00006613,2025-10-03,13,10.8,0.0,5.8,7969.0,0.18,clear
WTH_00006614,2025-10-03,14,9.0,0.0,8.3,9244.0,0.38,clear
WTH_00006615,2025-10-03,15,11.3,0.0,11.2,7933.0,0.12,clear
WTH_00006616,2025-10-03,16,12.6,0.0,4.5,10322.0,0.52,clear
WTH_00006617,2025-10-03,17,12.6,0.0,5.3,8756.0,0.62,cloudy
WTH_00006618,2025-10-03,18,9.4,0.0,1.8,7156.0,0.39,clear
WTH_00006619,2025-10-03,19,13.6,0.0,6.0,8503.0,0.14,clear
WTH_00006620,2025-10-03,20,13.6,0.0,8.3,9683.0,0.49,clear
WTH_00006621,2025-10-03,21,15.1,0.0,16.6,8115.0,0.7,cloudy
WTH_00006622,2025-10-03,22,9.9,0.0,8.6,8984.0,0.07,clear
WTH_00006623,2025-10-03,23,15.6,0.0,11.3,10251.0,0.45,clear
WTH_00006624,2025-10-04,0,16.5,0.0,23.4,9957.0,0.33,clear
WTH_00006625,2025-10-04,1,17.3,0.0,10.2,7513.0,0.07,clear
WTH_00006626,2025-10-04,2,18.5,0.0,11.3,11413.0,0.33,clear
WTH_00006627,2025-10-04,3,19.2,0.0,10.5,8029.0,0.33,clear
WTH_00006628,2025-10-04,4,18.5,0.0,10.6,8412.0,0.21,clear
WTH_00006629,2025-10-04,5,14.0,0.0,7.1,8933.0,0.11,clear
WTH_00006630,2025-10-04,6,17.8,0.0,18.0,7595.0,0.41,clear
WTH_00006631,2025-10-04,7,21.5,0.0,3.5,6107.0,0.07,clear
WTH_00006632,2025-10-04,8,13.6,0.0,9.4,11848.0,0.33,clear
WTH_00006633,2025-10-04,9,15.4,0.0,3.9,8737.0,0.14,clear
WTH_00006634,2025-10-04,10,11.3,0.0,4.9,7017.0,0.8,cloudy
WTH_00006635,2025-10-04,11,11.7,0.0,14.5,6939.0,0.16,clear
WTH_00006636,2025-10-04,12,6.9,0.0,10.7,7623.0,0.34,clear
WTH_00006637,2025-10-04,13,11.6,0.0,12.9,9760.0,0.38,clear
WTH_00006638,2025-10-04,14,9.9,0.0,6.5,10629.0,0.4,clear
WTH_00006639,2025-10-04,15,11.4,0.0,16.8,11857.0,0.35,clear
WTH_00006640,2025-10-04,16,9.6,7.91,14.7,2329.0,0.53,rain
WTH_00006641,2025-10-04,17,9.7,0.0,13.9,7539.0,0.52,clear
WTH_00006642,2025-10-04,18,11.8,0.0,7.9,8277.0,0.19,clear
WTH_00006643,2025-10-04,19,11.0,0.0,8.3,7837.0,0.22,clear
WTH_00006644,2025-10-04,20,11.2,0.0,11.5,7083.0,0.03,clear
WTH_00006645,2025-10-04,21,15.7,0.0,4.8,11916.0,0.33,clear
WTH_00006646,2025-10-04,22,14.5,0.0,3.4,9260.0,0.68,cloudy
WTH_00006647,2025-10-04,23,16.1,0.0,8.6,8917.0,0.44,clear
WTH_00006648,2025-10-05,0,17.3,1.02,21.0,2642.0,0.93,rain
WTH_00006649,2025-10-05,1,18.0,0.0,22.3,6309.0,0.21,clear
WTH_00006650,2025-10-05,2,20.8,0.0,8.9,11429.0,0.23,clear
WTH_00006651,2025-10-05,3,16.5,0.0,17.1,6675.0,0.07,clear
WTH_00006652,2025-10-05,4,17.6,0.0,10.7,7980.0,0.42,clear
WTH_00006653,2025-10-05,5,19.6,0.0,17.0,10336.0,0.34,clear
WTH_00006654,2025-10-05,6,16.2,0.0,7.0,8829.0,0.43,clear
WTH_00006655,2025-10-05,7,17.8,0.0,17.4,8125.0,0.16,clear
WTH_00006656,2025-10-05,8,12.8,0.0,14.3,10783.0,0.14,clear
WTH_00006657,2025-10-05,9,12.6,0.0,1.4,10628.0,0.3,clear
WTH_00006658,2025-10-05,10,9.2,0.0,3.0,6669.0,0.21,clear
WTH_00006659,2025-10-05,11,12.6,0.0,5.0,8276.0,0.38,clear
WTH_00006660,2025-10-05,12,9.1,0.0,8.6,11963.0,0.42,clear
WTH_00006661,2025-10-05,13,13.0,0.0,4.4,10680.0,0.12,clear
WTH_00006662,2025-10-05,14,10.7,0.0,17.0,10715.0,0.51,clear
WTH_00006663,2025-10-05,15,6.1,0.0,5.1,6229.0,0.18,clear
WTH_00006664,2025-10-05,16,12.2,0.0,13.0,7928.0,0.49,clear
WTH_00006665,2025-10-05,17,9.0,0.0,11.0,384.0,0.13,fog
WTH_00006666,2025-10-05,18,9.6,0.0,3.5,9063.0,0.56,clear
WTH_00006667,2025-10-05,19,13.4,0.0,9.1,8272.0,0.14,clear
WTH_00006668,2025-10-05,20,12.4,0.0,14.1,11643.0,0.64,cloudy
WTH_00006669,2025-10-05,21,15.2,0.0,6.6,10049.0,0.19,clear
WTH_00006670,2025-10-05,22,14.8,0.0,1.2,8975.0,0.51,clear
WTH_00006671,2025-10-05,23,20.7,0.0,4.6,11784.0,0.1,clear
WTH_00006672,2025-10-06,0,16.3,0.0,5.7,7339.0,0.63,cloudy
WTH_00006673,2025-10-06,1,19.9,0.0,4.8,6989.0,0.21,clear
WTH_00006674,2025-10-06,2,17.7,0.0,13.0,8708.0,0.34,clear
WTH_00006675,2025-10-06,3,18.6,0.0,4.0,7603.0,0.28,clear
WTH_00006676,2025-10-06,4,16.5,0.0,21.2,7317.0,0.21,clear
WTH_00006677,2025-10-06,5,18.1,0.0,3.5,7138.0,0.16,clear
WTH_00006678,2025-10-06,6,14.9,0.0,5.8,7676.0,0.03,clear
WTH_00006679,2025-10-06,7,14.3,0.0,22.2,9393.0,0.3,clear
WTH_00006680,2025-10-06,8,14.1,0.0,12.0,7947.0,0.04,clear
WTH_00006681,2025-10-06,9,9.8,0.0,7.6,854.0,0.12,fog
WTH_00006682,2025-10-06,10,13.0,0.0,3.3,6162.0,0.16,clear
WTH_00006683,2025-10-06,11,12.5,0.0,6.0,7621.0,0.22,clear
WTH_00006684,2025-10-06,12,12.2,0.0,13.9,10139.0,0.38,clear
WTH_00006685,2025-10-06,13,8.4,0.0,22.2,6287.0,0.51,clear
WTH_00006686,2025-10-06,14,7.2,0.0,15.0,11320.0,0.18,clear
WTH_00006687,2025-10-06,15,10.0,0.0,5.3,8349.0,0.08,clear
WTH_00006688,2025-10-06,16,10.9,0.0,26.7,6256.0,0.6,clear
WTH_00006689,2025-10-06,17,7.0,0.0,5.5,11703.0,0.3,clear
WTH_00006690,2025-10-06,18,7.7,0.0,12.6,10579.0,0.26,clear
WTH_00006691,2025-10-06,19,9.4,0.0,11.3,11756.0,0.27,clear
WTH_00006692,2025-10-06,20,14.3,0.0,14.8,10997.0,0.31,clear
WTH_00006693,2025-10-06,21,14.6,0.0,16.4,10714.0,0.35,clear
WTH_00006694,2025-10-06,22,11.7,0.0,10.6,7334.0,0.46,clear
WTH_00006695,2025-10-06,23,16.3,0.0,7.4,10880.0,0.56,clear
WTH_00006696,2025-10-07,0,18.6,0.0,42.4,9431.0,0.15,clear
WTH_00006697,2025-10-07,1,15.0,0.0,7.1,7219.0,0.67,cloudy
WTH_00006698,2025-10-07,2,18.2,0.0,9.2,7736.0,0.22,clear
WTH_00006699,2025-10-07,3,18.8,0.0,6.7,11057.0,0.4,clear
WTH_00006700,2025-10-07,4,17.1,0.0,10.5,8902.0,0.6,cloudy
WTH_00006701,2025-10-07,5,20.2,0.0,20.3,10645.0,0.17,clear
WTH_00006702,2025-10-07,6,15.9,0.0,7.1,8435.0,0.22,clear
WTH_00006703,2025-10-07,7,14.4,0.0,11.6,11067.0,0.5,clear
WTH_00006704,2025-10-07,8,12.6,0.0,16.4,6811.0,0.8,cloudy
WTH_00006705,2025-10-07,9,11.9,0.0,13.4,8610.0,0.49,clear
WTH_00006706,2025-10-07,10,14.1,0.0,21.1,11208.0,0.01,clear
WTH_00006707,2025-10-07,11,9.7,0.0,9.5,7918.0,0.76,cloudy
WTH_00006708,2025-10-07,12,13.5,0.0,8.0,6218.0,0.58,clear
WTH_00006709,2025-10-07,13,10.8,0.0,9.1,6348.0,0.35,clear
WTH_00006710,2025-10-07,14,12.9,0.0,10.5,8838.0,0.37,clear
WTH_00006711,2025-10-07,15,11.3,0.0,5.9,8674.0,0.22,clear
WTH_00006712,2025-10-07,16,13.5,0.0,9.4,9129.0,0.12,clear
WTH_00006713,2025-10-07,17,6.2,0.0,23.5,9262.0,0.08,clear
WTH_00006714,2025-10-07,18,13.2,0.0,4.4,7602.0,0.49,clear
WTH_00006715,2025-10-07,19,14.9,0.0,4.3,10939.0,0.02,clear
WTH_00006716,2025-10-07,20,11.5,0.0,25.7,6993.0,0.2,clear
WTH_00006717,2025-10-07,21,14.8,0.0,14.2,9522.0,0.64,cloudy
WTH_00006718,2025-10-07,22,14.5,0.0,13.8,8927.0,0.1,clear
WTH_00006719,2025-10-07,23,21.0,4.38,21.7,2770.0,0.9,rain
WTH_00006720,2025-10-08,0,18.8,0.0,23.7,11925.0,0.66,cloudy
WTH_00006721,2025-10-08,1,17.8,0.0,9.1,10526.0,0.27,clear
WTH_00006722,2025-10-08,2,18.7,0.0,5.9,11958.0,0.28,clear
WTH_00006723,2025-10-08,3,20.5,0.0,24.4,11208.0,0.08,clear
WTH_00006724,2025-10-08,4,22.6,0.0,4.4,6524.0,0.32,clear
WTH_00006725,2025-10-08,5,17.6,0.0,15.6,7927.0,0.37,clear
WTH_00006726,2025-10-08,6,12.9,0.0,9.6,9604.0,0.2,clear
WTH_00006727,2025-10-08,7,18.5,0.0,9.1,11653.0,0.33,clear
WTH_00006728,2025-10-08,8,13.4,0.0,16.8,9107.0,0.22,clear
WTH_00006729,2025-10-08,9,11.7,0.0,5.9,8660.0,0.22,clear
WTH_00006730,2025-10-08,10,12.4,0.0,8.8,8595.0,0.26,clear
WTH_00006731,2025-10-08,11,13.8,0.0,0.4,9053.0,0.44,clear
WTH_00006732,2025-10-08,12,13.2,0.0,2.1,6796.0,0.33,clear
WTH_00006733,2025-10-08,13,7.3,0.0,3.9,10497.0,0.06,clear
WTH_00006734,2025-10-08,14,14.1,0.0,8.4,6942.0,0.07,clear
WTH_00006735,2025-10-08,15,8.9,0.0,20.3,6703.0,0.21,clear
WTH_00006736,2025-10-08,16,9.3,0.0,6.5,6716.0,0.4,clear
WTH_00006737,2025-10-08,17,7.8,0.0,2.9,8607.0,0.55,clear
WTH_00006738,2025-10-08,18,10.6,0.0,7.9,6112.0,0.5,clear
WTH_00006739,2025-10-08,19,13.6,0.0,15.8,6034.0,0.55,clear
WTH_00006740,2025-10-08,20,12.0,0.0,5.8,9173.0,0.39,clear
WTH_00006741,2025-10-08,21,16.2,0.0,33.4,11202.0,0.1,clear
WTH_00006742,2025-10-08,22,14.1,4.07,5.3,3978.0,0.99,rain
WTH_00006743,2025-10-08,23,14.2,0.0,13.4,9820.0,0.15,clear
WTH_00006744,2025-10-09,0,14.4,0.0,10.6,8364.0,0.23,clear
WTH_00006745,2025-10-09,1,16.5,0.0,12.3,8889.0,0.49,clear
WTH_00006746,2025-10-09,2,18.1,0.0,10.2,10648.0,0.23,clear
WTH_00006747,2025-10-09,3,17.4,0.0,8.3,10930.0,0.21,clear
WTH_00006748,2025-10-09,4,18.1,0.0,6.9,10750.0,0.88,cloudy
WTH_00006749,2025-10-09,5,15.5,0.0,5.0,7208.0,0.14,clear
WTH_00006750,2025-10-09,6,13.9,0.0,15.3,7675.0,0.24,clear
WTH_00006751,2025-10-09,7,15.6,0.0,8.9,10550.0,0.31,clear
WTH_00006752,2025-10-09,8,13.3,0.0,7.8,9684.0,0.41,clear
WTH_00006753,2025-10-09,9,11.7,0.0,15.5,6092.0,0.35,clear
WTH_00006754,2025-10-09,10,14.2,0.0,2.3,11538.0,0.31,clear
WTH_00006755,2025-10-09,11,10.5,0.0,9.7,6528.0,0.28,clear
WTH_00006756,2025-10-09,12,12.1,0.0,2.7,7018.0,0.46,clear
WTH_00006757,2025-10-09,13,2.3,8.97,13.6,3084.0,0.93,rain
WTH_00006758,2025-10-09,14,5.5,0.0,14.7,6551.0,0.21,clear
WTH_00006759,2025-10-09,15,11.1,0.0,21.0,7421.0,0.36,clear
WTH_00006760,2025-10-09,16,7.9,0.0,2.6,10379.0,0.14,clear
WTH_00006761,2025-10-09,17,10.6,0.0,20.2,10570.0,0.44,clear
WTH_00006762,2025-10-09,18,12.1,0.0,6.9,9006.0,0.2,clear
WTH_00006763,2025-10-09,19,9.8,0.0,6.6,7001.0,0.18,clear
WTH_00006764,2025-10-09,20,14.1,0.0,6.4,8416.0,0.43,clear
WTH_00006765,2025-10-09,21,15.9,0.0,18.6,10993.0,0.69,cloudy
WTH_00006766,2025-10-09,22,11.1,0.0,5.5,11746.0,0.55,clear
WTH_00006767,2025-10-09,23,16.6,0.0,5.2,9597.0,0.7,cloudy
WTH_00006768,2025-10-10,0,17.6,0.0,3.8,10131.0,0.39,clear
WTH_00006769,2025-10-10,1,16.8,0.0,4.7,7787.0,0.77,cloudy
WTH_00006770,2025-10-10,2,14.2,0.0,8.5,183.0,0.28,fog
WTH_00006771,2025-10-10,3,18.0,0.0,4.2,10907.0,0.07,clear
WTH_00006772,2025-10-10,4,17.0,0.0,0.8,9544.0,0.54,clear
WTH_00006773,2025-10-10,5,14.4,0.0,9.3,6815.0,0.1,clear
WTH_00006774,2025-10-10,6,15.2,0.0,4.4,11509.0,0.37,clear
WTH_00006775,2025-10-10,7,17.5,0.0,16.6,8718.0,0.14,clear
WTH_00006776,2025-10-10,8,15.3,0.0,10.3,10915.0,0.13,clear
WTH_00006777,2025-10-10,9,11.2,0.0,1.0,8704.0,0.54,clear
WTH_00006778,2025-10-10,10,12.8,0.0,23.2,7862.0,0.59,clear
WTH_00006779,2025-10-10,11,9.8,0.0,3.8,7248.0,0.19,clear
WTH_00006780,2025-10-10,12,12.5,0.0,10.3,10549.0,0.23,clear
WTH_00006781,2025-10-10,13,9.8,1.38,29.6,1849.0,0.65,rain
WTH_00006782,2025-10-10,14,10.8,0.0,4.2,7522.0,0.44,clear
WTH_00006783,2025-10-10,15,10.1,0.0,4.1,6447.0,0.31,clear
WTH_00006784,2025-10-10,16,9.4,0.0,1.7,6616.0,0.1,clear
WTH_00006785,2025-10-10,17,8.9,0.0,20.7,7151.0,0.55,clear
WTH_00006786,2025-10-10,18,12.8,0.0,7.9,10374.0,0.07,clear
WTH_00006787,2025-10-10,19,10.0,0.0,19.4,11261.0,0.37,clear
WTH_00006788,2025-10-10,20,12.5,0.0,13.7,8442.0,0.35,clear
WTH_00006789,2025-10-10,21,17.2,0.0,1.9,11834.0,0.37,clear
WTH_00006790,2025-10-10,22,16.3,0.0,4.5,6505.0,0.2,clear
WTH_00006791,2025-10-10,23,15.8,0.0,22.9,8033.0,0.2,clear
WTH_00006792,2025-10-11,0,18.9,0.0,1.9,10069.0,0.27,clear
WTH_00006793,2025-10-11,1,17.6,0.0,15.4,7396.0,0.17,clear
WTH_00006794,2025-10-11,2,19.5,0.0,5.4,11437.0,0.17,clear
WTH_00006795,2025-10-11,3,20.3,0.0,4.1,7687.0,0.69,cloudy
WTH_00006796,2025-10-11,4,15.5,0.0,24.2,10022.0,0.17,clear
WTH_00006797,2025-10-11,5,17.8,0.0,1.4,6948.0,0.31,clear
WTH_00006798,2025-10-11,6,18.1,0.0,10.9,10688.0,0.42,clear
WTH_00006799,2025-10-11,7,16.9,0.0,4.8,10083.0,0.16,clear
WTH_00006800,2025-10-11,8,16.7,0.0,26.1,9400.0,0.03,clear
WTH_00006801,2025-10-11,9,9.9,0.0,5.4,10871.0,0.32,clear
WTH_00006802,2025-10-11,10,13.6,0.0,15.8,425.0,0.37,fog
WTH_00006803,2025-10-11,11,13.5,8.91,3.1,888.0,0.67,rain
WTH_00006804,2025-10-11,12,11.6,0.0,12.8,8017.0,0.38,clear
WTH_00006805,2025-10-11,13,9.4,0.0,20.0,10452.0,0.68,cloudy
WTH_00006806,2025-10-11,14,10.1,0.0,11.6,11760.0,0.47,clear
WTH_00006807,2025-10-11,15,9.9,0.0,1.9,7178.0,0.49,clear
WTH_00006808,2025-10-11,16,9.8,0.0,0.4,8182.0,0.26,clear
WTH_00006809,2025-10-11,17,6.9,0.0,18.1,11350.0,0.68,cloudy
WTH_00006810,2025-10-11,18,13.6,0.0,9.9,6084.0,0.48,clear
WTH_00006811,2025-10-11,19,10.7,0.0,13.8,7678.0,0.39,clear
WTH_00006812,2025-10-11,20,15.2,0.0,7.2,8289.0,0.89,cloudy
WTH_00006813,2025-10-11,21,15.8,0.0,27.9,11400.0,0.32,clear
WTH_00006814,2025-10-11,22,14.6,0.0,19.0,8795.0,0.63,cloudy
WTH_00006815,2025-10-11,23,14.7,0.0,1.9,9795.0,0.29,clear
WTH_00006816,2025-10-12,0,17.2,0.0,22.0,11469.0,0.52,clear
WTH_00006817,2025-10-12,1,18.2,0.0,13.9,10415.0,0.39,clear
WTH_00006818,2025-10-12,2,13.4,0.0,6.0,11279.0,0.43,clear
WTH_00006819,2025-10-12,3,19.9,0.0,24.6,7614.0,0.24,clear
WTH_00006820,2025-10-12,4,14.8,0.0,13.9,11106.0,0.2,clear
WTH_00006821,2025-10-12,5,17.1,0.0,7.4,6158.0,0.63,cloudy
WTH_00006822,2025-10-12,6,15.3,0.0,5.2,6194.0,0.61,cloudy
WTH_00006823,2025-10-12,7,12.6,0.0,1.6,10766.0,0.19,clear
WTH_00006824,2025-10-12,8,15.4,0.0,8.8,6249.0,0.39,clear
WTH_00006825,2025-10-12,9,13.3,3.78,23.5,2103.0,0.43,rain
WTH_00006826,2025-10-12,10,15.6,0.0,1.5,6289.0,0.29,clear
WTH_00006827,2025-10-12,11,7.6,0.0,10.1,9750.0,0.31,clear
WTH_00006828,2025-10-12,12,9.2,0.0,26.3,677.0,0.27,fog
WTH_00006829,2025-10-12,13,12.5,0.0,11.3,7007.0,0.13,clear
WTH_00006830,2025-10-12,14,10.2,0.0,3.5,11418.0,0.23,clear
WTH_00006831,2025-10-12,15,12.3,0.0,25.8,9729.0,0.37,clear
WTH_00006832,2025-10-12,16,14.2,0.0,12.1,7667.0,0.53,clear
WTH_00006833,2025-10-12,17,9.1,0.0,19.3,6459.0,0.51,clear
WTH_00006834,2025-10-12,18,10.3,0.0,14.4,7662.0,0.52,clear
WTH_00006835,2025-10-12,19,13.1,0.0,9.8,10607.0,0.38,clear
WTH_00006836,2025-10-12,20,13.2,0.0,9.5,8977.0,0.4,clear
WTH_00006837,2025-10-12,21,14.5,0.0,24.9,9127.0,0.69,cloudy
WTH_00006838,2025-10-12,22,14.9,0.0,29.3,10280.0,0.4,clear
WTH_00006839,2025-10-12,23,13.8,0.0,8.3,7233.0,0.48,clear
WTH_00006840,2025-10-13,0,17.0,0.0,11.2,8808.0,0.11,clear
WTH_00006841,2025-10-13,1,19.3,0.0,3.6,6496.0,0.39,clear
WTH_00006842,2025-10-13,2,15.4,0.0,16.3,8682.0,0.25,clear
WTH_00006843,2025-10-13,3,17.5,0.0,25.2,7651.0,0.16,clear
WTH_00006844,2025-10-13,4,16.7,0.0,12.7,10287.0,0.24,clear
WTH_00006845,2025-10-13,5,20.6,0.0,6.8,7749.0,0.55,clear
WTH_00006846,2025-10-13,6,18.6,0.0,4.6,10601.0,0.19,clear
WTH_00006847,2025-10-13,7,15.3,0.0,17.6,9724.0,0.65,cloudy
WTH_00006848,2025-10-13,8,13.3,0.0,1.4,7639.0,0.5,clear
WTH_00006849,2025-10-13,9,17.1,0.0,6.7,9418.0,0.12,clear
WTH_00006850,2025-10-13,10,11.4,0.0,14.6,9263.0,0.65,cloudy
WTH_00006851,2025-10-13,11,7.8,0.0,12.3,11676.0,0.43,clear
WTH_00006852,2025-10-13,12,10.7,0.0,3.1,6440.0,0.26,clear
WTH_00006853,2025-10-13,13,13.4,0.0,7.5,7931.0,0.18,clear
WTH_00006854,2025-10-13,14,10.6,0.0,2.4,7724.0,0.12,clear
WTH_00006855,2025-10-13,15,8.1,0.0,5.4,6024.0,0.41,clear
WTH_00006856,2025-10-13,16,12.0,0.0,17.4,11691.0,0.46,clear
WTH_00006857,2025-10-13,17,10.0,0.0,11.8,7744.0,0.13,clear
WTH_00006858,2025-10-13,18,10.9,0.0,6.0,6867.0,0.36,clear
WTH_00006859,2025-10-13,19,11.9,0.0,9.4,11753.0,0.54,clear
WTH_00006860,2025-10-13,20,12.2,0.0,14.5,8061.0,0.33,clear
WTH_00006861,2025-10-13,21,12.6,0.0,24.5,9046.0,0.41,clear
WTH_00006862,2025-10-13,22,17.8,0.0,7.0,10756.0,0.25,clear
WTH_00006863,2025-10-13,23,16.3,0.0,9.8,6811.0,0.47,clear
WTH_00006864,2025-10-14,0,19.1,0.0,2.2,8461.0,0.31,clear
WTH_00006865,2025-10-14,1,17.9,0.0,15.4,11791.0,0.16,clear
WTH_00006866,2025-10-14,2,17.9,0.0,4.4,11473.0,0.34,clear
WTH_00006867,2025-10-14,3,19.4,0.0,25.0,11435.0,0.28,clear
WTH_00006868,2025-10-14,4,16.9,0.0,16.2,7394.0,0.18,clear
WTH_00006869,2025-10-14,5,18.7,0.0,5.4,7688.0,0.11,clear
WTH_00006870,2025-10-14,6,19.0,0.0,6.5,10637.0,0.52,clear
WTH_00006871,2025-10-14,7,15.7,0.0,8.5,6073.0,0.45,clear
WTH_00006872,2025-10-14,8,15.1,0.0,20.3,11482.0,0.34,clear
WTH_00006873,2025-10-14,9,15.1,0.0,15.9,7537.0,0.35,clear
WTH_00006874,2025-10-14,10,12.8,0.0,8.1,7299.0,0.18,clear
WTH_00006875,2025-10-14,11,15.2,0.0,8.0,6856.0,0.58,clear
WTH_00006876,2025-10-14,12,7.5,0.0,13.2,11198.0,0.42,clear
WTH_00006877,2025-10-14,13,8.3,0.0,10.7,7078.0,0.26,clear
WTH_00006878,2025-10-14,14,9.6,0.0,12.7,11785.0,0.12,clear
WTH_00006879,2025-10-14,15,8.4,0.0,7.6,11997.0,0.09,clear
WTH_00006880,2025-10-14,16,9.5,0.0,17.5,7767.0,0.24,clear
WTH_00006881,2025-10-14,17,7.9,0.0,7.3,7870.0,0.45,clear
WTH_00006882,2025-10-14,18,10.8,0.0,3.8,6892.0,0.25,clear
WTH_00006883,2025-10-14,19,13.5,0.0,4.7,9342.0,0.31,clear
WTH_00006884,2025-10-14,20,10.7,0.0,9.8,10534.0,0.4,clear
WTH_00006885,2025-10-14,21,16.7,0.0,10.6,10429.0,0.25,clear
WTH_00006886,2025-10-14,22,12.7,0.0,15.9,8294.0,0.55,clear
WTH_00006887,2025-10-14,23,16.8,0.0,7.9,8302.0,0.2,clear
WTH_00006888,2025-10-15,0,17.0,0.0,12.3,7478.0,0.35,clear
WTH_00006889,2025-10-15,1,16.8,0.0,10.4,10720.0,0.13,clear
WTH_00006890,2025-10-15,2,18.8,0.0,9.5,7359.0,0.19,clear
WTH_00006891,2025-10-15,3,18.3,0.0,12.3,11678.0,0.15,clear
WTH_00006892,2025-10-15,4,18.7,0.0,23.4,11437.0,0.18,clear
WTH_00006893,2025-10-15,5,16.4,0.0,8.7,8404.0,0.37,clear
WTH_00006894,2025-10-15,6,17.9,0.0,16.3,889.0,0.55,fog
WTH_00006895,2025-10-15,7,14.4,0.0,4.9,7436.0,0.32,clear
WTH_00006896,2025-10-15,8,15.6,0.0,11.5,11644.0,0.39,clear
WTH_00006897,2025-10-15,9,11.8,0.0,10.0,9808.0,0.42,clear
WTH_00006898,2025-10-15,10,14.2,0.0,12.9,10458.0,0.45,clear
WTH_00006899,2025-10-15,11,10.0,0.0,5.3,8637.0,0.41,clear
WTH_00006900,2025-10-15,12,11.5,0.0,10.8,6274.0,0.52,clear
WTH_00006901,2025-10-15,13,9.3,0.0,3.5,8414.0,0.23,clear
WTH_00006902,2025-10-15,14,6.6,0.0,8.4,7149.0,0.17,clear
WTH_00006903,2025-10-15,15,9.1,0.0,1.5,7445.0,0.52,clear
WTH_00006904,2025-10-15,16,11.1,0.0,32.5,7128.0,0.06,clear
WTH_00006905,2025-10-15,17,14.5,0.0,3.5,11451.0,0.05,clear
WTH_00006906,2025-10-15,18,11.8,0.0,18.6,11674.0,0.62,cloudy
WTH_00006907,2025-10-15,19,12.5,0.0,11.1,7146.0,0.04,clear
WTH_00006908,2025-10-15,20,12.3,0.0,16.4,10789.0,0.61,cloudy
WTH_00006909,2025-10-15,21,11.5,0.0,10.2,10573.0,0.14,clear
WTH_00006910,2025-10-15,22,12.2,0.0,7.8,6573.0,0.23,clear
WTH_00006911,2025-10-15,23,20.6,0.0,4.6,10232.0,0.14,clear
WTH_00006912,2025-10-16,0,17.3,0.0,22.2,11445.0,0.28,clear
WTH_00006913,2025-10-16,1,20.8,0.0,16.0,8817.0,0.13,clear
WTH_00006914,2025-10-16,2,17.6,0.0,11.7,7947.0,0.47,clear
WTH_00006915,2025-10-16,3,19.0,0.0,9.2,11050.0,0.54,clear
WTH_00006916,2025-10-16,4,18.3,0.0,15.9,10695.0,0.53,clear
WTH_00006917,2025-10-16,5,12.9,0.0,19.2,7350.0,0.09,clear
WTH_00006918,2025-10-16,6,15.8,0.0,24.4,6733.0,0.4,clear
WTH_00006919,2025-10-16,7,17.7,0.0,22.2,7313.0,0.4,clear
WTH_00006920,2025-10-16,8,13.2,0.0,16.7,8218.0,0.41,clear
WTH_00006921,2025-10-16,9,14.2,0.0,8.7,9125.0,0.25,clear
WTH_00006922,2025-10-16,10,13.0,0.0,8.0,7359.0,0.37,clear
WTH_00006923,2025-10-16,11,11.6,0.0,6.1,790.0,0.11,fog
WTH_00006924,2025-10-16,12,11.2,0.0,17.0,6396.0,0.38,clear
WTH_00006925,2025-10-16,13,14.3,0.0,19.2,7618.0,0.28,clear
WTH_00006926,2025-10-16,14,9.2,0.0,12.6,8093.0,0.21,clear
WTH_00006927,2025-10-16,15,10.4,0.0,6.9,10400.0,0.51,clear
WTH_00006928,2025-10-16,16,9.5,0.0,8.5,11111.0,0.13,clear
WTH_00006929,2025-10-16,17,10.3,0.0,3.8,9329.0,0.13,clear
WTH_00006930,2025-10-16,18,11.8,0.0,5.5,6162.0,0.7,cloudy
WTH_00006931,2025-10-16,19,12.3,0.0,5.2,10041.0,0.63,cloudy
WTH_00006932,2025-10-16,20,12.6,0.0,26.3,9252.0,0.18,clear
WTH_00006933,2025-10-16,21,13.8,0.0,11.8,6650.0,0.35,clear
WTH_00006934,2025-10-16,22,15.1,0.0,6.0,11681.0,0.05,clear
WTH_00006935,2025-10-16,23,17.2,0.0,14.9,8667.0,0.06,clear
WTH_00006936,2025-10-17,0,15.0,0.0,6.9,8341.0,0.51,clear
WTH_00006937,2025-10-17,1,14.0,0.0,4.8,8801.0,0.22,clear
WTH_00006938,2025-10-17,2,17.8,7.43,3.2,1830.0,0.56,rain
WTH_00006939,2025-10-17,3,18.2,0.0,7.0,9352.0,0.22,clear
WTH_00006940,2025-10-17,4,15.7,0.0,19.8,7478.0,0.18,clear
WTH_00006941,2025-10-17,5,17.0,0.0,8.6,6899.0,0.57,clear
WTH_00006942,2025-10-17,6,18.3,0.0,30.3,8856.0,0.16,clear
WTH_00006943,2025-10-17,7,19.3,0.0,7.0,7206.0,0.33,clear
WTH_00006944,2025-10-17,8,18.6,0.0,9.9,7515.0,0.67,cloudy
WTH_00006945,2025-10-17,9,14.3,0.0,18.9,8854.0,0.35,clear
WTH_00006946,2025-10-17,10,10.9,0.0,10.7,11359.0,0.61,cloudy
WTH_00006947,2025-10-17,11,11.6,0.0,12.1,10110.0,0.55,clear
WTH_00006948,2025-10-17,12,8.9,0.0,10.9,6695.0,0.19,clear
WTH_00006949,2025-10-17,13,12.0,0.0,4.7,11586.0,0.35,clear
WTH_00006950,2025-10-17,14,10.6,0.0,4.4,7709.0,0.5,clear
WTH_00006951,2025-10-17,15,10.5,0.0,6.6,11425.0,0.32,clear
WTH_00006952,2025-10-17,16,8.7,0.0,23.4,11575.0,0.33,clear
WTH_00006953,2025-10-17,17,15.3,0.0,22.8,9541.0,0.23,clear
WTH_00006954,2025-10-17,18,11.8,0.0,1.3,7736.0,0.32,clear
WTH_00006955,2025-10-17,19,10.9,0.0,10.5,11525.0,0.17,clear
WTH_00006956,2025-10-17,20,11.7,0.0,5.5,762.0,0.23,fog
WTH_00006957,2025-10-17,21,16.1,0.0,4.2,6473.0,0.46,clear
WTH_00006958,2025-10-17,22,13.0,0.0,5.7,8744.0,0.27,clear
WTH_00006959,2025-10-17,23,17.5,0.0,11.6,6329.0,0.38,clear
WTH_00006960,2025-10-18,0,14.5,0.0,5.0,10490.0,0.08,clear
WTH_00006961,2025-10-18,1,19.5,0.0,6.7,6148.0,0.15,clear
WTH_00006962,2025-10-18,2,18.8,0.0,2.6,7988.0,0.57,clear
WTH_00006963,2025-10-18,3,17.4,0.0,15.2,9951.0,0.37,clear
WTH_00006964,2025-10-18,4,18.4,0.0,11.9,10055.0,0.16,clear
WTH_00006965,2025-10-18,5,17.4,0.0,22.9,10801.0,0.34,clear
WTH_00006966,2025-10-18,6,16.9,0.0,12.2,8466.0,0.21,clear
WTH_00006967,2025-10-18,7,16.2,0.0,4.9,8287.0,0.15,clear
WTH_00006968,2025-10-18,8,14.4,0.0,19.4,9877.0,0.38,clear
WTH_00006969,2025-10-18,9,17.6,0.0,18.6,7282.0,0.2,clear
WTH_00006970,2025-10-18,10,13.8,0.0,14.4,9462.0,0.19,clear
WTH_00006971,2025-10-18,11,11.0,0.0,13.5,11946.0,0.24,clear
WTH_00006972,2025-10-18,12,14.0,0.0,4.1,11520.0,0.55,clear
WTH_00006973,2025-10-18,13,14.3,0.0,8.4,8356.0,0.16,clear
WTH_00006974,2025-10-18,14,10.3,0.0,11.2,10708.0,0.48,clear
WTH_00006975,2025-10-18,15,8.1,0.0,6.6,8943.0,0.66,cloudy
WTH_00006976,2025-10-18,16,10.1,0.0,9.0,11651.0,0.33,clear
WTH_00006977,2025-10-18,17,12.8,0.0,3.9,10076.0,0.37,clear
WTH_00006978,2025-10-18,18,10.6,0.0,8.6,11326.0,0.26,clear
WTH_00006979,2025-10-18,19,9.3,0.0,18.4,8766.0,0.53,clear
WTH_00006980,2025-10-18,20,16.0,0.0,13.5,7732.0,0.25,clear
WTH_00006981,2025-10-18,21,15.0,0.0,17.8,11198.0,0.17,clear
WTH_00006982,2025-10-18,22,16.6,0.0,21.2,8264.0,0.25,clear
WTH_00006983,2025-10-18,23,17.2,0.0,11.9,10996.0,0.24,clear
WTH_00006984,2025-10-19,0,17.9,0.0,8.6,9181.0,0.31,clear
WTH_00006985,2025-10-19,1,18.6,0.0,6.7,10770.0,0.52,clear
WTH_00006986,2025-10-19,2,16.0,0.0,3.8,687.0,0.2,fog
WTH_00006987,2025-10-19,3,21.0,0.0,1.7,11949.0,0.29,clear
WTH_00006988,2025-10-19,4,16.0,0.0,13.7,11376.0,0.06,clear
WTH_00006989,2025-10-19,5,20.4,5.2,2.7,3642.0,0.5,rain
WTH_00006990,2025-10-19,6,10.1,0.0,31.5,8702.0,0.56,clear
WTH_00006991,2025-10-19,7,12.6,0.0,6.0,7744.0,0.43,clear
WTH_00006992,2025-10-19,8,15.8,0.0,18.0,9354.0,0.41,clear
WTH_00006993,2025-10-19,9,11.3,0.0,13.2,9000.0,0.32,clear
WTH_00006994,2025-10-19,10,11.8,0.0,9.3,7599.0,0.26,clear
WTH_00006995,2025-10-19,11,13.9,0.0,1.1,10105.0,0.34,clear
WTH_00006996,2025-10-19,12,9.5,0.0,23.9,10873.0,0.52,clear
WTH_00006997,2025-10-19,13,9.9,0.0,7.1,11567.0,0.44,clear
WTH_00006998,2025-10-19,14,11.6,0.0,5.0,11246.0,0.15,clear
WTH_00006999,2025-10-19,15,10.7,0.0,7.3,8240.0,0.53,clear
WTH_00007000,2025-10-19,16,12.8,0.0,21.9,9017.0,0.2,clear
WTH_00007001,2025-10-19,17,10.6,0.0,4.1,8106.0,0.49,clear
WTH_00007002,2025-10-19,18,8.9,0.0,10.4,9509.0,0.12,clear
WTH_00007003,2025-10-19,19,10.3,1.71,17.2,1610.0,0.78,rain
WTH_00007004,2025-10-19,20,13.0,0.0,16.2,11002.0,0.54,clear
WTH_00007005,2025-10-19,21,14.3,0.0,32.9,6729.0,0.19,clear
WTH_00007006,2025-10-19,22,15.5,0.0,19.6,7690.0,0.21,clear
WTH_00007007,2025-10-19,23,15.0,0.0,9.8,11257.0,0.25,clear
WTH_00007008,2025-10-20,0,19.5,0.0,16.0,9238.0,0.31,clear
WTH_00007009,2025-10-20,1,15.7,0.0,8.3,11076.0,0.21,clear
WTH_00007010,2025-10-20,2,17.1,0.0,17.2,6872.0,0.22,clear
WTH_00007011,2025-10-20,3,18.0,0.0,13.9,8949.0,0.21,clear
WTH_00007012,2025-10-20,4,20.6,0.0,9.8,6391.0,0.28,clear
WTH_00007013,2025-10-20,5,19.9,0.0,8.4,11414.0,0.22,clear
WTH_00007014,2025-10-20,6,18.2,0.0,7.8,8746.0,0.54,clear
WTH_00007015,2025-10-20,7,16.4,0.0,12.0,9943.0,0.41,clear
WTH_00007016,2025-10-20,8,16.6,0.0,12.8,6921.0,0.32,clear
WTH_00007017,2025-10-20,9,13.4,0.0,4.9,7460.0,0.8,cloudy
WTH_00007018,2025-10-20,10,13.6,0.0,35.7,8247.0,0.38,clear
WTH_00007019,2025-10-20,11,12.1,0.0,8.5,8147.0,0.13,clear
WTH_00007020,2025-10-20,12,15.5,0.0,16.6,6293.0,0.12,clear
WTH_00007021,2025-10-20,13,12.0,0.0,22.8,10013.0,0.21,clear
WTH_00007022,2025-10-20,14,11.2,0.0,15.1,6358.0,0.31,clear
WTH_00007023,2025-10-20,15,12.5,0.0,20.5,6753.0,0.74,cloudy
WTH_00007024,2025-10-20,16,9.9,0.0,3.8,8848.0,0.84,cloudy
WTH_00007025,2025-10-20,17,11.5,0.0,15.2,6743.0,0.54,clear
WTH_00007026,2025-10-20,18,12.4,0.0,11.7,8184.0,0.16,clear
WTH_00007027,2025-10-20,19,14.2,0.0,7.0,11910.0,0.57,clear
WTH_00007028,2025-10-20,20,12.1,0.0,10.9,11721.0,0.18,clear
WTH_00007029,2025-10-20,21,13.6,0.0,16.5,10510.0,0.08,clear
WTH_00007030,2025-10-20,22,15.7,0.0,4.1,8499.0,0.03,clear
WTH_00007031,2025-10-20,23,15.3,0.0,12.2,6840.0,0.25,clear
WTH_00007032,2025-10-21,0,15.2,0.0,4.3,11040.0,0.24,clear
WTH_00007033,2025-10-21,1,16.2,0.0,17.3,202.0,0.09,fog
WTH_00007034,2025-10-21,2,19.2,0.0,7.7,6236.0,0.42,clear
WTH_00007035,2025-10-21,3,15.2,0.0,4.7,6738.0,0.26,clear
WTH_00007036,2025-10-21,4,16.2,0.0,41.1,6695.0,0.65,cloudy
WTH_00007037,2025-10-21,5,16.8,0.0,29.2,11792.0,0.61,cloudy
WTH_00007038,2025-10-21,6,15.7,0.0,22.7,11135.0,0.22,clear
WTH_00007039,2025-10-21,7,15.6,0.0,22.1,10685.0,0.33,clear
WTH_00007040,2025-10-21,8,16.4,0.0,5.8,11052.0,0.34,clear
WTH_00007041,2025-10-21,9,14.5,0.0,13.9,10398.0,0.34,clear
WTH_00007042,2025-10-21,10,13.1,0.0,8.9,9195.0,0.1,clear
WTH_00007043,2025-10-21,11,10.7,0.0,5.0,11591.0,0.47,clear
WTH_00007044,2025-10-21,12,8.4,0.0,7.4,6147.0,0.62,cloudy
WTH_00007045,2025-10-21,13,13.0,0.0,8.9,9191.0,0.36,clear
WTH_00007046,2025-10-21,14,9.0,0.0,5.7,10403.0,0.47,clear
WTH_00007047,2025-10-21,15,5.5,0.0,19.7,8815.0,0.15,clear
WTH_00007048,2025-10-21,16,12.6,0.0,14.3,10824.0,0.28,clear
WTH_00007049,2025-10-21,17,13.7,0.0,5.3,6232.0,0.13,clear
WTH_00007050,2025-10-21,18,8.9,3.39,16.6,1258.0,0.77,rain
WTH_00007051,2025-10-21,19,14.5,0.0,13.3,9338.0,0.35,clear
WTH_00007052,2025-10-21,20,9.9,0.0,0.7,6359.0,0.11,clear
WTH_00007053,2025-10-21,21,16.6,0.0,6.3,10580.0,0.43,clear
WTH_00007054,2025-10-21,22,14.8,0.0,15.0,6013.0,0.4,clear
WTH_00007055,2025-10-21,23,15.9,0.0,13.9,11262.0,0.09,clear
WTH_00007056,2025-10-22,0,21.2,0.0,10.7,6342.0,0.49,clear
WTH_00007057,2025-10-22,1,16.9,0.0,9.7,10541.0,0.37,clear
WTH_00007058,2025-10-22,2,16.9,0.0,6.5,11820.0,0.38,clear
WTH_00007059,2025-10-22,3,16.3,0.0,48.3,7344.0,0.36,clear
WTH_00007060,2025-10-22,4,20.2,0.0,8.7,8818.0,0.47,clear
WTH_00007061,2025-10-22,5,13.8,0.0,4.4,8122.0,0.41,clear
WTH_00007062,2025-10-22,6,19.4,0.0,22.7,7803.0,0.42,clear
WTH_00007063,2025-10-22,7,18.7,0.0,13.6,7590.0,0.29,clear
WTH_00007064,2025-10-22,8,15.4,0.0,21.0,6846.0,0.55,clear
WTH_00007065,2025-10-22,9,18.4,0.0,11.4,9092.0,0.11,clear
WTH_00007066,2025-10-22,10,12.3,0.0,7.3,6493.0,0.11,clear
WTH_00007067,2025-10-22,11,12.9,0.0,2.2,9294.0,0.26,clear
WTH_00007068,2025-10-22,12,11.8,0.0,34.5,9376.0,0.61,cloudy
WTH_00007069,2025-10-22,13,8.3,0.0,2.4,7240.0,0.58,clear
WTH_00007070,2025-10-22,14,11.4,0.0,6.0,11772.0,0.13,clear
WTH_00007071,2025-10-22,15,6.5,0.0,4.3,9450.0,0.05,clear
WTH_00007072,2025-10-22,16,11.1,0.0,4.3,11488.0,0.08,clear
WTH_00007073,2025-10-22,17,9.6,0.0,26.6,9841.0,0.5,clear
WTH_00007074,2025-10-22,18,8.1,0.0,5.3,11700.0,0.78,cloudy
WTH_00007075,2025-10-22,19,12.0,0.0,15.8,9460.0,0.51,clear
WTH_00007076,2025-10-22,20,11.0,0.0,8.6,10387.0,0.28,clear
WTH_00007077,2025-10-22,21,11.7,0.0,12.5,11169.0,0.61,cloudy
WTH_00007078,2025-10-22,22,14.3,0.0,11.8,10329.0,0.3,clear
WTH_00007079,2025-10-22,23,16.8,0.0,10.8,9976.0,0.39,clear
WTH_00007080,2025-10-23,0,12.1,0.0,12.3,9803.0,0.24,clear
WTH_00007081,2025-10-23,1,16.4,0.0,5.3,8946.0,0.02,clear
WTH_00007082,2025-10-23,2,19.1,0.0,10.6,9693.0,0.16,clear
WTH_00007083,2025-10-23,3,16.7,0.0,8.1,10307.0,0.23,clear
WTH_00007084,2025-10-23,4,18.6,0.0,10.7,6406.0,0.44,clear
WTH_00007085,2025-10-23,5,18.3,0.0,2.5,7049.0,0.29,clear
WTH_00007086,2025-10-23,6,20.0,0.0,16.6,11188.0,0.19,clear
WTH_00007087,2025-10-23,7,19.3,0.0,38.9,11553.0,0.42,clear
WTH_00007088,2025-10-23,8,11.5,0.0,1.9,6643.0,0.39,clear
WTH_00007089,2025-10-23,9,16.8,0.0,20.3,10773.0,0.37,clear
WTH_00007090,2025-10-23,10,14.4,0.0,13.2,6236.0,0.28,clear
WTH_00007091,2025-10-23,11,9.7,0.0,11.6,9833.0,0.52,clear
WTH_00007092,2025-10-23,12,10.7,0.0,6.0,9333.0,0.21,clear
WTH_00007093,2025-10-23,13,9.2,0.0,2.1,10675.0,0.36,clear
WTH_00007094,2025-10-23,14,11.3,0.0,6.6,8903.0,0.28,clear
WTH_00007095,2025-10-23,15,11.3,0.0,2.2,8086.0,0.16,clear
WTH_00007096,2025-10-23,16,14.6,0.0,4.1,11570.0,0.58,clear
WTH_00007097,2025-10-23,17,11.9,0.0,11.2,9261.0,0.25,clear
WTH_00007098,2025-10-23,18,11.9,0.0,0.3,8208.0,0.44,clear
WTH_00007099,2025-10-23,19,11.8,0.0,3.9,11449.0,0.44,clear
WTH_00007100,2025-10-23,20,10.6,0.0,4.7,8192.0,0.18,clear
WTH_00007101,2025-10-23,21,13.4,0.0,3.6,7859.0,0.23,clear
WTH_00007102,2025-10-23,22,16.1,0.0,2.3,10942.0,0.1,clear
WTH_00007103,2025-10-23,23,13.4,0.0,3.9,6997.0,0.29,clear
WTH_00007104,2025-10-24,0,15.9,0.0,6.8,6757.0,0.38,clear
WTH_00007105,2025-10-24,1,16.5,0.0,6.7,8944.0,0.34,clear
WTH_00007106,2025-10-24,2,14.4,0.0,5.7,7022.0,0.14,clear
WTH_00007107,2025-10-24,3,17.3,0.0,9.1,7546.0,0.23,clear
WTH_00007108,2025-10-24,4,17.8,0.0,9.2,7278.0,0.65,cloudy
WTH_00007109,2025-10-24,5,18.4,0.0,10.3,11333.0,0.63,cloudy
WTH_00007110,2025-10-24,6,20.0,0.0,4.9,9236.0,0.29,clear
WTH_00007111,2025-10-24,7,13.6,0.0,13.2,10207.0,0.16,clear
WTH_00007112,2025-10-24,8,17.0,4.7,8.9,3817.0,0.95,rain
WTH_00007113,2025-10-24,9,15.4,0.0,5.0,10731.0,0.59,clear
WTH_00007114,2025-10-24,10,13.2,0.0,22.5,11173.0,0.41,clear
WTH_00007115,2025-10-24,11,13.9,0.0,16.0,8696.0,0.37,clear
WTH_00007116,2025-10-24,12,9.4,0.0,13.6,9868.0,0.19,clear
WTH_00007117,2025-10-24,13,11.3,0.0,12.3,9622.0,0.47,clear
WTH_00007118,2025-10-24,14,11.6,0.0,3.4,7752.0,0.15,clear
WTH_00007119,2025-10-24,15,7.9,0.0,8.3,7521.0,0.08,clear
WTH_00007120,2025-10-24,16,11.4,0.0,15.8,10016.0,0.08,clear
WTH_00007121,2025-10-24,17,9.3,0.0,10.0,388.0,0.2,fog
WTH_00007122,2025-10-24,18,11.5,0.0,7.4,8434.0,0.34,clear
WTH_00007123,2025-10-24,19,11.1,0.0,9.4,7334.0,0.73,cloudy
WTH_00007124,2025-10-24,20,16.8,1.83,10.8,3846.0,0.66,rain
WTH_00007125,2025-10-24,21,14.4,0.0,32.1,8447.0,0.08,clear
WTH_00007126,2025-10-24,22,15.1,0.0,11.4,9517.0,0.25,clear
WTH_00007127,2025-10-24,23,15.3,0.0,11.3,6408.0,0.08,clear
WTH_00007128,2025-10-25,0,17.9,0.0,11.2,9326.0,0.25,clear
WTH_00007129,2025-10-25,1,13.3,0.0,21.8,8582.0,0.12,clear
WTH_00007130,2025-10-25,2,16.8,0.0,20.2,9652.0,0.42,clear
WTH_00007131,2025-10-25,3,19.3,0.0,4.5,6768.0,0.65,cloudy
WTH_00007132,2025-10-25,4,22.5,0.0,15.5,10270.0,0.35,clear
WTH_00007133,2025-10-25,5,19.3,0.0,22.7,8114.0,0.38,clear
WTH_00007134,2025-10-25,6,18.4,0.0,14.4,10107.0,0.19,clear
WTH_00007135,2025-10-25,7,13.7,0.0,13.2,8396.0,0.2,clear
WTH_00007136,2025-10-25,8,13.7,0.0,16.2,7575.0,0.53,clear
WTH_00007137,2025-10-25,9,11.7,0.0,13.0,9400.0,0.63,cloudy
WTH_00007138,2025-10-25,10,13.3,0.0,2.7,6278.0,0.55,clear
WTH_00007139,2025-10-25,11,10.5,0.0,10.4,11399.0,0.28,clear
WTH_00007140,2025-10-25,12,10.9,7.15,6.3,1892.0,1.0,rain
WTH_00007141,2025-10-25,13,11.3,0.0,3.2,11122.0,0.57,clear
WTH_00007142,2025-10-25,14,9.8,0.0,18.9,11701.0,0.29,clear
WTH_00007143,2025-10-25,15,15.5,0.0,13.7,11195.0,0.21,clear
WTH_00007144,2025-10-25,16,10.6,0.0,16.4,7686.0,0.06,clear
WTH_00007145,2025-10-25,17,8.6,0.0,14.6,6497.0,0.73,cloudy
WTH_00007146,2025-10-25,18,12.2,0.0,8.9,9281.0,0.42,clear
WTH_00007147,2025-10-25,19,11.4,0.0,16.1,8084.0,0.25,clear
WTH_00007148,2025-10-25,20,12.0,0.0,8.9,11188.0,0.11,clear
WTH_00007149,2025-10-25,21,11.7,0.0,5.5,8396.0,0.56,clear
WTH_00007150,2025-10-25,22,16.2,0.0,28.9,6730.0,0.25,clear
WTH_00007151,2025-10-25,23,11.1,0.0,15.9,6029.0,0.46,clear
WTH_00007152,2025-10-26,0,11.8,0.0,20.4,6093.0,0.51,clear
WTH_00007153,2025-10-26,1,16.2,0.0,5.6,7599.0,0.21,clear
WTH_00007154,2025-10-26,2,17.8,0.0,2.6,8067.0,0.2,clear
WTH_00007155,2025-10-26,3,17.1,0.0,3.9,9378.0,0.13,clear
WTH_00007156,2025-10-26,4,16.0,0.0,7.4,7086.0,0.38,clear
WTH_00007157,2025-10-26,5,16.5,0.0,8.2,10418.0,0.5,clear
WTH_00007158,2025-10-26,6,17.0,0.0,21.8,9864.0,0.43,clear
WTH_00007159,2025-10-26,7,15.6,0.0,18.7,10147.0,0.63,cloudy
WTH_00007160,2025-10-26,8,13.6,0.0,4.7,9065.0,0.37,clear
WTH_00007161,2025-10-26,9,12.7,0.0,5.3,10532.0,0.4,clear
WTH_00007162,2025-10-26,10,12.2,0.0,3.7,11006.0,0.21,clear
WTH_00007163,2025-10-26,11,13.5,0.0,14.7,11635.0,0.32,clear
WTH_00007164,2025-10-26,12,10.3,0.0,5.1,9130.0,0.29,clear
WTH_00007165,2025-10-26,13,9.9,0.0,3.9,10659.0,0.61,cloudy
WTH_00007166,2025-10-26,14,6.6,0.0,11.1,10222.0,0.34,clear
WTH_00007167,2025-10-26,15,9.7,0.0,20.0,9696.0,0.07,clear
WTH_00007168,2025-10-26,16,11.5,4.9,5.2,2041.0,0.47,rain
WTH_00007169,2025-10-26,17,10.3,7.01,16.5,3530.0,0.71,rain
WTH_00007170,2025-10-26,18,6.1,0.0,33.0,11760.0,0.03,clear
WTH_00007171,2025-10-26,19,9.9,0.0,8.1,9788.0,0.21,clear
WTH_00007172,2025-10-26,20,12.1,0.0,6.7,6014.0,0.47,clear
WTH_00007173,2025-10-26,21,13.6,0.0,13.4,9690.0,0.12,clear
WTH_00007174,2025-10-26,22,17.6,0.0,11.3,8783.0,0.21,clear
WTH_00007175,2025-10-26,23,13.6,0.0,18.0,9381.0,0.23,clear
WTH_00007176,2025-10-27,0,15.9,0.0,55.3,9559.0,0.32,clear
WTH_00007177,2025-10-27,1,14.2,0.0,3.3,7095.0,0.12,clear
WTH_00007178,2025-10-27,2,17.0,0.0,2.7,8378.0,0.2,clear
WTH_00007179,2025-10-27,3,19.1,0.0,11.8,11612.0,0.72,cloudy
WTH_00007180,2025-10-27,4,14.1,0.0,14.6,11270.0,0.71,cloudy
WTH_00007181,2025-10-27,5,18.4,0.0,14.1,11194.0,0.39,clear
WTH_00007182,2025-10-27,6,15.4,0.0,8.1,9594.0,0.3,clear
WTH_00007183,2025-10-27,7,17.0,1.46,26.8,2519.0,0.79,rain
WTH_00007184,2025-10-27,8,13.1,0.0,23.1,9293.0,0.27,clear
WTH_00007185,2025-10-27,9,10.8,0.0,11.0,8961.0,0.31,clear
WTH_00007186,2025-10-27,10,14.9,0.0,9.3,11385.0,0.41,clear
WTH_00007187,2025-10-27,11,11.8,0.0,4.6,10572.0,0.12,clear
WTH_00007188,2025-10-27,12,7.2,0.0,3.7,10036.0,0.41,clear
WTH_00007189,2025-10-27,13,12.0,0.0,5.3,11219.0,0.5,clear
WTH_00007190,2025-10-27,14,11.8,0.0,41.7,10362.0,0.71,cloudy
WTH_00007191,2025-10-27,15,10.9,0.0,2.7,9649.0,0.22,clear
WTH_00007192,2025-10-27,16,9.6,0.0,9.5,7688.0,0.55,clear
WTH_00007193,2025-10-27,17,11.1,0.0,26.7,9318.0,0.18,clear
WTH_00007194,2025-10-27,18,10.8,0.0,19.7,9263.0,0.19,clear
WTH_00007195,2025-10-27,19,14.0,0.0,4.0,7956.0,0.25,clear
WTH_00007196,2025-10-27,20,9.2,0.0,7.7,9561.0,0.31,clear
WTH_00007197,2025-10-27,21,11.3,0.0,18.1,10896.0,0.45,clear
WTH_00007198,2025-10-27,22,13.4,0.0,11.3,6941.0,0.21,clear
WTH_00007199,2025-10-27,23,18.8,0.0,15.2,9129.0,0.48,clear
WTH_00007200,2025-10-28,0,19.0,0.0,23.3,8083.0,0.21,clear
WTH_00007201,2025-10-28,1,16.1,0.0,14.7,8837.0,0.3,clear
WTH_00007202,2025-10-28,2,15.7,0.0,10.3,11049.0,0.34,clear
WTH_00007203,2025-10-28,3,17.0,0.0,14.3,6132.0,0.15,clear
WTH_00007204,2025-10-28,4,17.1,0.0,14.5,6975.0,0.52,clear
WTH_00007205,2025-10-28,5,16.1,0.0,3.9,8408.0,0.6,clear
WTH_00007206,2025-10-28,6,13.5,0.0,9.4,7948.0,0.45,clear
WTH_00007207,2025-10-28,7,16.9,0.0,18.5,7879.0,0.5,clear
WTH_00007208,2025-10-28,8,14.8,0.0,14.8,937.0,0.26,fog
WTH_00007209,2025-10-28,9,16.4,0.0,6.1,6876.0,0.29,clear
WTH_00007210,2025-10-28,10,13.9,0.0,11.3,8347.0,0.53,clear
WTH_00007211,2025-10-28,11,11.0,0.0,18.2,9371.0,0.3,clear
WTH_00007212,2025-10-28,12,10.6,0.0,12.1,8029.0,0.5,clear
WTH_00007213,2025-10-28,13,14.2,0.0,27.1,8881.0,0.58,clear
WTH_00007214,2025-10-28,14,10.8,7.4,17.5,3582.0,0.96,rain
WTH_00007215,2025-10-28,15,11.7,0.0,8.1,6939.0,0.72,cloudy
WTH_00007216,2025-10-28,16,9.2,0.0,2.8,11061.0,0.19,clear
WTH_00007217,2025-10-28,17,10.6,0.0,38.5,7082.0,0.07,clear
WTH_00007218,2025-10-28,18,12.9,0.0,9.5,8907.0,0.7,cloudy
WTH_00007219,2025-10-28,19,11.8,0.0,5.9,11439.0,0.21,clear
WTH_00007220,2025-10-28,20,14.3,0.0,6.3,10185.0,0.21,clear
WTH_00007221,2025-10-28,21,17.4,0.0,25.7,222.0,0.35,fog
WTH_00007222,2025-10-28,22,15.4,0.0,4.3,11898.0,0.44,clear
WTH_00007223,2025-10-28,23,16.4,25.87,11.4,3687.0,0.79,rain
WTH_00007224,2025-10-29,0,16.5,1.23,19.5,2749.0,0.61,rain
WTH_00007225,2025-10-29,1,18.3,3.4,40.7,3100.0,0.86,rain
WTH_00007226,2025-10-29,2,16.5,9.21,35.1,3051.0,1.0,storm
WTH_00007227,2025-10-29,3,19.3,7.64,22.8,3187.0,0.91,rain
WTH_00007228,2025-10-29,4,17.6,8.02,19.4,2557.0,0.73,storm
WTH_00007229,2025-10-29,5,15.5,4.0,24.6,3842.0,1.0,rain
WTH_00007230,2025-10-29,6,17.9,5.47,44.2,2330.0,0.82,rain
WTH_00007231,2025-10-29,7,17.0,8.06,33.1,3910.0,0.88,storm
WTH_00007232,2025-10-29,8,14.6,3.75,26.2,2753.0,0.93,rain
WTH_00007233,2025-10-29,9,16.1,8.83,26.4,950.0,0.79,storm
WTH_00007234,2025-10-29,10,16.7,1.42,36.7,3054.0,0.55,rain
WTH_00007235,2025-10-29,11,12.4,8.27,31.4,1576.0,0.52,storm
WTH_00007236,2025-10-29,12,10.7,6.18,36.7,1802.0,1.0,rain
WTH_00007237,2025-10-29,13,12.6,3.12,50.6,1034.0,0.77,rain
WTH_00007238,2025-10-29,14,9.1,4.08,24.6,3385.0,0.92,rain
WTH_00007239,2025-10-29,15,12.1,1.32,35.3,1571.0,0.8,rain
WTH_00007240,2025-10-29,16,9.0,5.21,21.5,2448.0,0.55,rain
WTH_00007241,2025-10-29,17,10.8,2.97,28.6,3901.0,0.79,rain
WTH_00007242,2025-10-29,18,11.0,4.44,31.3,2781.0,0.44,rain
WTH_00007243,2025-10-29,19,13.6,6.29,26.0,1851.0,0.96,rain
WTH_00007244,2025-10-29,20,10.9,1.22,40.1,3600.0,0.6,rain
WTH_00007245,2025-10-29,21,16.7,5.73,33.8,1925.0,0.61,rain
WTH_00007246,2025-10-29,22,15.3,1.16,40.9,2193.0,0.72,rain
WTH_00007247,2025-10-29,23,16.4,5.49,29.0,2183.0,0.77,rain
WTH_00007248,2025-10-30,0,13.9,0.0,5.3,8151.0,0.24,clear
WTH_00007249,2025-10-30,1,17.8,0.0,13.1,10630.0,0.32,clear
WTH_00007250,2025-10-30,2,17.1,0.0,9.1,10461.0,0.55,clear
WTH_00007251,2025-10-30,3,19.1,0.0,4.1,8572.0,0.26,clear
WTH_00007252,2025-10-30,4,17.5,0.0,4.3,7711.0,0.41,clear
WTH_00007253,2025-10-30,5,18.3,0.0,10.0,6562.0,0.2,clear
WTH_00007254,2025-10-30,6,15.1,0.0,15.9,9427.0,0.28,clear
WTH_00007255,2025-10-30,7,16.1,0.0,8.2,9667.0,0.11,clear
WTH_00007256,2025-10-30,8,16.7,0.0,4.4,8069.0,0.03,clear
WTH_00007257,2025-10-30,9,17.4,0.0,2.3,10752.0,0.3,clear
WTH_00007258,2025-10-30,10,14.2,0.0,20.3,11157.0,0.61,cloudy
WTH_00007259,2025-10-30,11,13.3,0.0,22.5,11708.0,0.24,clear
WTH_00007260,2025-10-30,12,5.4,0.0,2.9,8193.0,0.2,clear
WTH_00007261,2025-10-30,13,15.5,0.0,6.9,8718.0,0.23,clear
WTH_00007262,2025-10-30,14,8.5,0.0,10.1,8111.0,0.06,clear
WTH_00007263,2025-10-30,15,12.8,0.0,2.7,7422.0,0.16,clear
WTH_00007264,2025-10-30,16,8.4,0.0,14.0,7358.0,0.15,clear
WTH_00007265,2025-10-30,17,11.1,0.0,7.9,9348.0,0.53,clear
WTH_00007266,2025-10-30,18,12.8,0.0,10.2,11238.0,0.62,cloudy
WTH_00007267,2025-10-30,19,12.5,0.0,9.1,9759.0,0.09,clear
WTH_00007268,2025-10-30,20,12.5,0.0,9.9,11952.0,0.75,cloudy
WTH_00007269,2025-10-30,21,16.7,0.0,1.3,10842.0,0.74,cloudy
WTH_00007270,2025-10-30,22,12.2,0.0,4.8,10568.0,0.14,clear
WTH_00007271,2025-10-30,23,15.7,0.0,21.4,8417.0,0.28,clear
WTH_00007272,2025-10-31,0,18.5,0.0,8.9,8857.0,0.33,clear
WTH_00007273,2025-10-31,1,15.1,0.0,9.8,10102.0,0.73,cloudy
WTH_00007274,2025-10-31,2,18.5,0.0,24.7,9446.0,0.23,clear
WTH_00007275,2025-10-31,3,20.5,0.0,15.3,8802.0,0.22,clear
WTH_00007276,2025-10-31,4,19.3,0.0,8.0,8995.0,0.19,clear
WTH_00007277,2025-10-31,5,16.0,0.0,3.5,6029.0,0.42,clear
WTH_00007278,2025-10-31,6,15.5,0.0,9.2,7635.0,0.54,clear
WTH_00007279,2025-10-31,7,15.0,0.0,16.4,7007.0,0.33,clear
WTH_00007280,2025-10-31,8,13.9,0.0,21.6,9442.0,0.21,clear
WTH_00007281,2025-10-31,9,11.5,0.0,3.5,6926.0,0.58,clear
WTH_00007282,2025-10-31,10,13.6,0.0,7.2,10549.0,0.29,clear
WTH_00007283,2025-10-31,11,16.8,0.0,12.6,10708.0,0.3,clear
WTH_00007284,2025-10-31,12,10.7,0.0,24.7,11254.0,0.19,clear
WTH_00007285,2025-10-31,13,10.1,0.0,6.5,11994.0,0.31,clear
WTH_00007286,2025-10-31,14,12.6,0.0,14.7,9538.0,0.2,clear
WTH_00007287,2025-10-31,15,10.6,0.0,3.2,8494.0,0.3,clear
WTH_00007288,2025-10-31,16,8.5,0.49,3.9,3330.0,0.53,rain
WTH_00007289,2025-10-31,17,11.6,0.0,16.0,8017.0,0.52,clear
WTH_00007290,2025-10-31,18,10.5,0.0,6.9,11539.0,0.3,clear
WTH_00007291,2025-10-31,19,15.4,0.0,13.7,10593.0,0.05,clear
WTH_00007292,2025-10-31,20,11.7,0.0,24.0,8344.0,0.17,clear
WTH_00007293,2025-10-31,21,12.9,0.0,4.8,8540.0,0.27,clear
WTH_00007294,2025-10-31,22,19.2,0.0,48.2,9807.0,0.29,clear
WTH_00007295,2025-10-31,23,15.8,0.0,4.5,8255.0,0.15,clear
WTH_00007296,2025-11-01,0,14.5,20.24,12.3,1363.0,0.66,rain
WTH_00007297,2025-11-01,1,14.7,0.0,4.1,7836.0,0.4,clear
WTH_00007298,2025-11-01,2,16.3,0.0,12.4,10520.0,0.33,clear
WTH_00007299,2025-11-01,3,17.6,0.0,11.8,8040.0,0.03,clear
WTH_00007300,2025-11-01,4,17.1,0.0,5.9,9449.0,0.33,clear
WTH_00007301,2025-11-01,5,16.2,0.0,5.8,11466.0,0.5,clear
WTH_00007302,2025-11-01,6,15.6,0.0,23.3,10315.0,0.21,clear
WTH_00007303,2025-11-01,7,17.3,0.0,2.9,6409.0,0.26,clear
WTH_00007304,2025-11-01,8,14.2,0.0,12.5,8331.0,0.1,clear
WTH_00007305,2025-11-01,9,15.7,0.0,3.3,6551.0,0.21,clear
WTH_00007306,2025-11-01,10,10.3,0.0,3.9,7026.0,0.23,clear
WTH_00007307,2025-11-01,11,9.0,0.0,4.1,11718.0,0.2,clear
WTH_00007308,2025-11-01,12,11.6,0.0,7.5,11436.0,0.33,clear
WTH_00007309,2025-11-01,13,9.2,0.0,1.8,8336.0,0.27,clear
WTH_00007310,2025-11-01,14,14.0,0.0,15.1,7774.0,0.23,clear
WTH_00007311,2025-11-01,15,7.5,0.0,19.4,8174.0,0.23,clear
WTH_00007312,2025-11-01,16,10.8,0.0,25.3,10293.0,0.52,clear
WTH_00007313,2025-11-01,17,11.3,0.0,6.2,8204.0,0.49,clear
WTH_00007314,2025-11-01,18,8.1,0.0,28.5,7024.0,0.17,clear
WTH_00007315,2025-11-01,19,10.9,0.0,6.0,11001.0,0.59,clear
WTH_00007316,2025-11-01,20,15.9,0.0,14.4,7385.0,0.5,clear
WTH_00007317,2025-11-01,21,13.4,0.0,7.2,10140.0,0.21,clear
WTH_00007318,2025-11-01,22,16.5,0.0,15.8,8022.0,0.05,clear
WTH_00007319,2025-11-01,23,17.0,0.0,10.7,11867.0,0.23,clear
WTH_00007320,2025-11-02,0,15.4,0.0,12.3,6813.0,0.46,clear
WTH_00007321,2025-11-02,1,15.7,0.0,4.4,10046.0,0.26,clear
WTH_00007322,2025-11-02,2,16.2,0.0,7.0,10712.0,0.16,clear
WTH_00007323,2025-11-02,3,17.7,0.0,5.1,6485.0,0.35,clear
WTH_00007324,2025-11-02,4,19.9,0.0,8.4,7651.0,0.47,clear
WTH_00007325,2025-11-02,5,20.3,0.0,29.6,9808.0,0.47,clear
WTH_00007326,2025-11-02,6,18.8,0.0,2.7,9671.0,0.13,clear
WTH_00007327,2025-11-02,7,15.7,0.0,29.3,8967.0,0.62,cloudy
WTH_00007328,2025-11-02,8,14.1,0.0,9.7,8228.0,0.14,clear
WTH_00007329,2025-11-02,9,14.8,0.0,23.0,11201.0,0.81,cloudy
WTH_00007330,2025-11-02,10,8.7,0.0,7.7,11904.0,0.14,clear
WTH_00007331,2025-11-02,11,11.6,0.0,19.0,10013.0,0.24,clear
WTH_00007332,2025-11-02,12,9.0,0.0,26.9,7681.0,0.39,clear
WTH_00007333,2025-11-02,13,8.8,0.0,6.1,11870.0,0.14,clear
WTH_00007334,2025-11-02,14,10.1,0.0,24.4,11676.0,0.34,clear
WTH_00007335,2025-11-02,15,9.5,0.0,26.0,9185.0,0.39,clear
WTH_00007336,2025-11-02,16,11.4,0.0,13.4,8276.0,0.31,clear
WTH_00007337,2025-11-02,17,7.7,0.0,4.3,785.0,0.11,fog
WTH_00007338,2025-11-02,18,8.9,0.0,10.9,7167.0,0.66,cloudy
WTH_00007339,2025-11-02,19,11.6,0.0,20.0,6251.0,0.17,clear
WTH_00007340,2025-11-02,20,11.3,0.0,5.4,11228.0,0.28,clear
WTH_00007341,2025-11-02,21,15.0,0.0,2.5,11596.0,0.3,clear
WTH_00007342,2025-11-02,22,17.3,0.0,2.0,11115.0,0.29,clear
WTH_00007343,2025-11-02,23,14.7,0.0,10.3,11446.0,0.17,clear
WTH_00007344,2025-11-03,0,14.4,0.0,32.3,8144.0,0.31,clear
WTH_00007345,2025-11-03,1,19.1,0.0,20.3,9216.0,0.43,clear
WTH_00007346,2025-11-03,2,16.2,0.0,12.5,8930.0,0.39,clear
WTH_00007347,2025-11-03,3,21.8,0.0,10.9,6866.0,0.21,clear
WTH_00007348,2025-11-03,4,18.4,0.0,4.4,9251.0,0.36,clear
WTH_00007349,2025-11-03,5,17.1,0.0,5.3,9241.0,0.22,clear
WTH_00007350,2025-11-03,6,15.7,0.0,4.0,8066.0,0.33,clear
WTH_00007351,2025-11-03,7,17.6,0.0,9.8,6988.0,0.51,clear
WTH_00007352,2025-11-03,8,15.8,0.0,3.7,7068.0,0.14,clear
WTH_00007353,2025-11-03,9,13.6,0.0,10.2,9034.0,0.22,clear
WTH_00007354,2025-11-03,10,14.4,0.0,8.7,7439.0,0.27,clear
WTH_00007355,2025-11-03,11,12.3,0.0,12.3,6252.0,0.37,clear
WTH_00007356,2025-11-03,12,8.5,0.0,22.1,9279.0,0.21,clear
WTH_00007357,2025-11-03,13,11.6,10.67,13.0,2773.0,0.87,rain
WTH_00007358,2025-11-03,14,11.4,0.0,36.7,7216.0,0.06,clear
WTH_00007359,2025-11-03,15,7.8,0.0,1.2,8581.0,0.61,cloudy
WTH_00007360,2025-11-03,16,13.8,0.0,34.8,8937.0,0.45,clear
WTH_00007361,2025-11-03,17,9.7,0.0,6.6,7327.0,0.34,clear
WTH_00007362,2025-11-03,18,11.1,0.0,23.2,10841.0,0.09,clear
WTH_00007363,2025-11-03,19,13.1,0.0,11.5,10482.0,0.19,clear
WTH_00007364,2025-11-03,20,11.5,0.0,8.4,7057.0,0.44,clear
WTH_00007365,2025-11-03,21,14.6,0.0,23.8,9759.0,0.21,clear
WTH_00007366,2025-11-03,22,14.8,0.0,16.6,10875.0,0.4,clear
WTH_00007367,2025-11-03,23,14.4,0.0,19.9,8456.0,0.42,clear
WTH_00007368,2025-11-04,0,18.0,0.0,8.4,10040.0,0.27,clear
WTH_00007369,2025-11-04,1,15.2,0.0,30.8,6371.0,0.22,clear
WTH_00007370,2025-11-04,2,15.8,0.0,14.5,11926.0,0.47,clear
WTH_00007371,2025-11-04,3,14.5,0.0,4.6,6502.0,0.3,clear
WTH_00007372,2025-11-04,4,16.1,0.0,10.0,6179.0,0.05,clear
WTH_00007373,2025-11-04,5,17.2,0.0,12.0,11766.0,0.18,clear
WTH_00007374,2025-11-04,6,16.5,0.0,8.1,11827.0,0.4,clear
WTH_00007375,2025-11-04,7,15.3,0.0,4.9,11279.0,0.38,clear
WTH_00007376,2025-11-04,8,16.4,0.0,5.0,7054.0,0.36,clear
WTH_00007377,2025-11-04,9,14.6,0.0,9.0,755.0,0.51,fog
WTH_00007378,2025-11-04,10,12.6,0.0,1.5,10352.0,0.25,clear
WTH_00007379,2025-11-04,11,13.8,0.0,6.2,6053.0,0.49,clear
WTH_00007380,2025-11-04,12,10.6,0.0,10.1,7641.0,0.6,clear
WTH_00007381,2025-11-04,13,10.1,0.0,0.8,8152.0,0.08,clear
WTH_00007382,2025-11-04,14,8.9,0.0,6.8,11891.0,0.42,clear
WTH_00007383,2025-11-04,15,7.1,0.0,22.1,6480.0,0.32,clear
WTH_00007384,2025-11-04,16,11.7,0.0,11.0,11075.0,0.55,clear
WTH_00007385,2025-11-04,17,9.6,0.0,18.7,11868.0,0.65,cloudy
WTH_00007386,2025-11-04,18,13.9,1.52,2.1,2947.0,0.72,rain
WTH_00007387,2025-11-04,19,15.4,0.0,9.8,10546.0,0.27,clear
WTH_00007388,2025-11-04,20,14.0,0.0,27.9,8483.0,0.41,clear
WTH_00007389,2025-11-04,21,14.4,0.0,6.2,7675.0,0.62,cloudy
WTH_00007390,2025-11-04,22,13.0,0.0,7.5,10662.0,0.17,clear
WTH_00007391,2025-11-04,23,10.1,0.0,9.1,11466.0,0.39,clear
WTH_00007392,2025-11-05,0,11.3,3.89,60.1,3302.0,0.76,rain
WTH_00007393,2025-11-05,1,17.1,2.71,23.4,2979.0,0.47,rain
WTH_00007394,2025-11-05,2,17.2,0.58,28.1,3593.0,1.0,rain
WTH_00007395,2025-11-05,3,16.5,5.77,21.9,2252.0,0.78,rain
WTH_00007396,2025-11-05,4,18.9,5.86,17.5,2570.0,0.54,rain
WTH_00007397,2025-11-05,5,14.7,5.84,23.0,3599.0,0.75,rain
WTH_00007398,2025-11-05,6,14.0,5.09,18.5,1969.0,1.0,rain
WTH_00007399,2025-11-05,7,15.9,5.48,22.1,1947.0,0.5,rain
WTH_00007400,2025-11-05,8,13.7,3.38,23.8,1761.0,0.51,rain
WTH_00007401,2025-11-05,9,13.4,11.15,26.4,958.0,0.75,storm
WTH_00007402,2025-11-05,10,16.8,1.16,34.1,2801.0,0.48,rain
WTH_00007403,2025-11-05,11,9.9,2.83,27.5,1174.0,0.96,rain
WTH_00007404,2025-11-05,12,14.1,2.39,32.6,1438.0,0.62,rain
WTH_00007405,2025-11-05,13,7.2,1.02,22.9,1013.0,0.8,rain
WTH_00007406,2025-11-05,14,11.0,4.31,28.9,3329.0,1.0,rain
WTH_00007407,2025-11-05,15,7.1,14.4,28.8,1807.0,0.69,storm
WTH_00007408,2025-11-05,16,8.2,1.69,22.6,3603.0,1.0,rain
WTH_00007409,2025-11-05,17,11.1,5.8,19.8,3777.0,1.0,rain
WTH_00007410,2025-11-05,18,10.2,11.04,32.9,1508.0,0.89,storm
WTH_00007411,2025-11-05,19,11.9,3.44,25.7,3617.0,0.81,rain
WTH_00007412,2025-11-05,20,13.1,16.39,68.0,3800.0,0.5,storm
WTH_00007413,2025-11-05,21,12.7,7.71,26.9,961.0,0.88,rain
WTH_00007414,2025-11-05,22,14.4,4.79,17.0,1271.0,1.0,rain
WTH_00007415,2025-11-05,23,15.2,18.74,46.1,2101.0,1.0,storm
WTH_00007416,2025-11-06,0,17.2,1.04,3.7,3416.0,0.68,rain
WTH_00007417,2025-11-06,1,15.5,0.0,14.4,8241.0,0.44,clear
WTH_00007418,2025-11-06,2,18.5,0.0,2.0,10103.0,0.53,clear
WTH_00007419,2025-11-06,3,16.7,0.0,7.0,296.0,0.43,fog
WTH_00007420,2025-11-06,4,18.1,0.0,5.3,10927.0,0.25,clear
WTH_00007421,2025-11-06,5,16.3,0.0,14.8,9085.0,0.04,clear
WTH_00007422,2025-11-06,6,15.7,0.0,2.1,6302.0,0.47,clear
WTH_00007423,2025-11-06,7,13.7,0.0,16.5,11153.0,0.6,cloudy
WTH_00007424,2025-11-06,8,14.5,0.0,8.2,8964.0,0.2,clear
WTH_00007425,2025-11-06,9,14.7,0.0,10.0,11337.0,0.26,clear
WTH_00007426,2025-11-06,10,12.4,0.0,2.9,7446.0,0.12,clear
WTH_00007427,2025-11-06,11,14.2,0.0,1.7,11221.0,0.55,clear
WTH_00007428,2025-11-06,12,9.8,0.0,8.8,7290.0,0.1,clear
WTH_00007429,2025-11-06,13,10.0,0.0,2.0,11538.0,0.53,clear
WTH_00007430,2025-11-06,14,9.3,0.0,17.6,11877.0,0.35,clear
WTH_00007431,2025-11-06,15,9.3,0.0,23.3,10633.0,0.6,clear
WTH_00007432,2025-11-06,16,6.4,0.0,10.8,9704.0,0.31,clear
WTH_00007433,2025-11-06,17,8.8,0.0,8.8,7401.0,0.38,clear
WTH_00007434,2025-11-06,18,10.4,0.0,11.3,6406.0,0.22,clear
WTH_00007435,2025-11-06,19,13.5,0.0,0.3,9573.0,0.4,clear
WTH_00007436,2025-11-06,20,14.7,0.0,9.0,8568.0,0.37,clear
WTH_00007437,2025-11-06,21,20.6,0.0,0.9,7222.0,0.12,clear
WTH_00007438,2025-11-06,22,18.8,0.0,7.5,11239.0,0.5,clear
WTH_00007439,2025-11-06,23,15.8,0.0,6.4,7335.0,0.29,clear
WTH_00007440,2025-11-07,0,16.9,0.0,4.5,7018.0,0.45,clear
WTH_00007441,2025-11-07,1,19.9,0.0,4.0,8846.0,0.08,clear
WTH_00007442,2025-11-07,2,18.6,0.0,7.6,10442.0,0.1,clear
WTH_00007443,2025-11-07,3,18.6,0.0,5.8,10647.0,0.11,clear
WTH_00007444,2025-11-07,4,15.5,0.0,9.5,7546.0,0.33,clear
WTH_00007445,2025-11-07,5,16.5,0.0,10.2,7655.0,0.07,clear
WTH_00007446,2025-11-07,6,16.6,0.0,8.3,7042.0,0.12,clear
WTH_00007447,2025-11-07,7,14.5,0.0,10.6,9252.0,0.33,clear
WTH_00007448,2025-11-07,8,15.0,0.0,9.1,10394.0,0.13,clear
WTH_00007449,2025-11-07,9,13.3,0.0,3.2,10402.0,0.11,clear
WTH_00007450,2025-11-07,10,10.5,0.0,12.2,10954.0,0.2,clear
WTH_00007451,2025-11-07,11,11.9,0.0,21.7,10950.0,0.32,clear
WTH_00007452,2025-11-07,12,13.8,0.0,2.4,9865.0,0.29,clear
WTH_00007453,2025-11-07,13,12.1,0.0,3.5,11869.0,0.15,clear
WTH_00007454,2025-11-07,14,7.2,0.0,6.3,11430.0,0.47,clear
WTH_00007455,2025-11-07,15,9.8,0.0,4.6,8243.0,0.14,clear
WTH_00007456,2025-11-07,16,11.9,0.0,11.1,7870.0,0.64,cloudy
WTH_00007457,2025-11-07,17,13.1,0.0,13.7,7055.0,0.47,clear
WTH_00007458,2025-11-07,18,12.4,0.0,10.8,8292.0,0.24,clear
WTH_00007459,2025-11-07,19,13.9,0.0,29.4,759.0,0.28,fog
WTH_00007460,2025-11-07,20,16.0,0.0,9.0,6193.0,0.24,clear
WTH_00007461,2025-11-07,21,13.4,0.0,13.4,6590.0,0.24,clear
WTH_00007462,2025-11-07,22,15.9,0.0,18.5,9446.0,0.6,cloudy
WTH_00007463,2025-11-07,23,16.2,0.0,21.7,10899.0,0.52,clear
WTH_00007464,2025-11-08,0,16.7,0.0,13.1,1089.0,0.42,fog
WTH_00007465,2025-11-08,1,21.0,0.0,8.1,11928.0,0.31,clear
WTH_00007466,2025-11-08,2,17.6,0.0,20.2,11007.0,0.46,clear
WTH_00007467,2025-11-08,3,19.6,0.0,12.0,7566.0,0.32,clear
WTH_00007468,2025-11-08,4,20.3,0.0,14.8,7401.0,0.11,clear
WTH_00007469,2025-11-08,5,19.9,0.0,10.5,8310.0,0.27,clear
WTH_00007470,2025-11-08,6,18.6,0.0,3.3,10428.0,0.36,clear
WTH_00007471,2025-11-08,7,14.6,0.0,8.8,11884.0,0.3,clear
WTH_00007472,2025-11-08,8,13.6,0.0,13.9,8732.0,0.13,clear
WTH_00007473,2025-11-08,9,13.9,0.0,6.2,9591.0,0.3,clear
WTH_00007474,2025-11-08,10,14.1,0.0,9.5,11337.0,0.15,clear
WTH_00007475,2025-11-08,11,9.8,0.0,21.8,7471.0,0.37,clear
WTH_00007476,2025-11-08,12,8.5,0.0,16.3,10154.0,0.4,clear
WTH_00007477,2025-11-08,13,13.4,0.0,4.4,6703.0,0.33,clear
WTH_00007478,2025-11-08,14,11.3,0.0,20.8,7048.0,0.19,clear
WTH_00007479,2025-11-08,15,14.4,0.0,10.4,10745.0,0.43,clear
WTH_00007480,2025-11-08,16,11.0,0.0,12.2,8702.0,0.21,clear
WTH_00007481,2025-11-08,17,7.4,0.0,45.8,9352.0,0.12,clear
WTH_00007482,2025-11-08,18,12.9,0.0,5.6,7496.0,0.3,clear
WTH_00007483,2025-11-08,19,12.5,0.0,6.8,10063.0,0.44,clear
WTH_00007484,2025-11-08,20,16.7,0.0,29.4,7916.0,0.3,clear
WTH_00007485,2025-11-08,21,13.0,0.0,7.2,8688.0,0.27,clear
WTH_00007486,2025-11-08,22,16.4,0.0,3.3,9939.0,0.62,cloudy
WTH_00007487,2025-11-08,23,14.5,0.0,2.4,6017.0,0.23,clear
WTH_00007488,2025-11-09,0,16.3,0.0,22.9,8011.0,0.27,clear
WTH_00007489,2025-11-09,1,18.1,0.0,22.7,7908.0,0.31,clear
WTH_00007490,2025-11-09,2,16.3,0.0,8.4,9110.0,0.18,clear
WTH_00007491,2025-11-09,3,17.9,0.0,6.4,9907.0,0.58,clear
WTH_00007492,2025-11-09,4,17.3,0.0,10.1,6978.0,0.13,clear
WTH_00007493,2025-11-09,5,18.3,0.0,6.2,10479.0,0.48,clear
WTH_00007494,2025-11-09,6,17.6,0.0,6.6,6673.0,0.41,clear
WTH_00007495,2025-11-09,7,18.0,0.0,2.0,6272.0,0.43,clear
WTH_00007496,2025-11-09,8,12.5,0.0,11.6,7795.0,0.16,clear
WTH_00007497,2025-11-09,9,11.6,1.78,14.1,3964.0,0.57,rain
WTH_00007498,2025-11-09,10,11.8,0.0,10.2,9466.0,0.05,clear
WTH_00007499,2025-11-09,11,9.0,0.0,42.9,7603.0,0.26,clear
WTH_00007500,2025-11-09,12,10.0,0.0,11.5,11062.0,0.22,clear
WTH_00007501,2025-11-09,13,12.6,0.0,13.4,9632.0,0.13,clear
WTH_00007502,2025-11-09,14,13.5,0.0,9.2,7867.0,0.09,clear
WTH_00007503,2025-11-09,15,11.2,0.0,12.6,9826.0,0.25,clear
WTH_00007504,2025-11-09,16,12.8,0.0,14.0,10787.0,0.6,clear
WTH_00007505,2025-11-09,17,10.3,0.0,19.1,7227.0,0.48,clear
WTH_00007506,2025-11-09,18,9.1,0.0,7.9,11419.0,0.21,clear
WTH_00007507,2025-11-09,19,14.2,0.0,6.1,9175.0,0.21,clear
WTH_00007508,2025-11-09,20,15.1,0.0,12.7,11687.0,0.46,clear
WTH_00007509,2025-11-09,21,14.4,0.0,7.4,11792.0,0.47,clear
WTH_00007510,2025-11-09,22,15.3,0.0,3.8,10303.0,0.44,clear
WTH_00007511,2025-11-09,23,12.4,0.0,22.5,7205.0,0.3,clear
WTH_00007512,2025-11-10,0,19.0,0.0,3.3,10585.0,0.21,clear
WTH_00007513,2025-11-10,1,18.8,0.0,25.1,10973.0,0.49,clear
WTH_00007514,2025-11-10,2,18.9,0.0,23.2,8838.0,0.54,clear
WTH_00007515,2025-11-10,3,21.7,0.97,1.3,880.0,0.81,rain
WTH_00007516,2025-11-10,4,16.7,0.0,5.7,7645.0,0.6,clear
WTH_00007517,2025-11-10,5,17.2,0.0,7.1,8710.0,0.25,clear
WTH_00007518,2025-11-10,6,15.6,0.0,5.9,8000.0,0.53,clear
WTH_00007519,2025-11-10,7,17.2,0.0,10.3,6381.0,0.3,clear
WTH_00007520,2025-11-10,8,16.3,0.0,5.8,10501.0,0.09,clear
WTH_00007521,2025-11-10,9,11.0,0.0,18.6,6926.0,0.13,clear
WTH_00007522,2025-11-10,10,11.5,0.0,7.6,7301.0,0.27,clear
WTH_00007523,2025-11-10,11,14.0,0.0,4.0,11985.0,0.55,clear
WTH_00007524,2025-11-10,12,12.5,0.0,7.9,8072.0,0.2,clear
WTH_00007525,2025-11-10,13,11.7,0.0,18.6,9555.0,0.73,cloudy
WTH_00007526,2025-11-10,14,10.3,0.0,4.2,9445.0,0.15,clear
WTH_00007527,2025-11-10,15,11.6,0.0,16.2,6398.0,0.52,clear
WTH_00007528,2025-11-10,16,10.2,0.0,16.4,6619.0,0.13,clear
WTH_00007529,2025-11-10,17,10.7,0.0,4.0,9261.0,0.39,clear
WTH_00007530,2025-11-10,18,9.9,0.0,9.4,9306.0,0.45,clear
WTH_00007531,2025-11-10,19,8.7,0.0,5.6,9649.0,0.55,clear
WTH_00007532,2025-11-10,20,12.0,0.0,8.2,9643.0,0.28,clear
WTH_00007533,2025-11-10,21,10.0,0.0,21.2,11980.0,0.2,clear
WTH_00007534,2025-11-10,22,14.8,0.0,6.7,7052.0,0.27,clear
WTH_00007535,2025-11-10,23,16.7,0.0,7.0,10283.0,0.19,clear
WTH_00007536,2025-11-11,0,17.6,0.0,14.5,491.0,0.58,fog
WTH_00007537,2025-11-11,1,16.4,0.0,20.2,8061.0,0.49,clear
WTH_00007538,2025-11-11,2,16.4,0.0,5.9,7502.0,0.9,cloudy
WTH_00007539,2025-11-11,3,18.3,0.0,19.3,10253.0,0.66,cloudy
WTH_00007540,2025-11-11,4,15.2,0.0,7.6,10867.0,0.33,clear
WTH_00007541,2025-11-11,5,15.8,0.0,11.3,8870.0,0.7,cloudy
WTH_00007542,2025-11-11,6,17.2,0.0,12.0,9575.0,0.06,clear
WTH_00007543,2025-11-11,7,18.4,0.0,10.6,10980.0,0.53,clear
WTH_00007544,2025-11-11,8,13.3,0.0,13.2,8451.0,0.24,clear
WTH_00007545,2025-11-11,9,13.7,0.0,19.3,9301.0,0.59,clear
WTH_00007546,2025-11-11,10,11.5,0.0,7.7,11998.0,0.55,clear
WTH_00007547,2025-11-11,11,11.3,0.0,18.9,7369.0,0.09,clear
WTH_00007548,2025-11-11,12,13.2,0.0,4.4,11679.0,0.0,clear
WTH_00007549,2025-11-11,13,12.4,0.0,23.2,9313.0,0.27,clear
WTH_00007550,2025-11-11,14,9.7,0.0,8.7,6829.0,0.13,clear
WTH_00007551,2025-11-11,15,14.8,0.0,10.8,10645.0,0.1,clear
WTH_00007552,2025-11-11,16,9.7,0.0,17.4,11261.0,0.04,clear
WTH_00007553,2025-11-11,17,11.2,0.0,1.8,7059.0,0.49,clear
WTH_00007554,2025-11-11,18,13.1,0.0,3.0,6268.0,0.48,clear
WTH_00007555,2025-11-11,19,7.7,0.0,2.5,9973.0,0.17,clear
WTH_00007556,2025-11-11,20,12.1,0.0,12.4,11000.0,0.29,clear
WTH_00007557,2025-11-11,21,15.2,0.0,18.5,6959.0,0.35,clear
WTH_00007558,2025-11-11,22,14.5,0.0,1.5,9721.0,0.36,clear
WTH_00007559,2025-11-11,23,15.2,0.0,5.1,11623.0,0.24,clear
WTH_00007560,2025-11-12,0,15.4,0.0,19.8,8204.0,0.38,clear
WTH_00007561,2025-11-12,1,17.5,0.0,7.5,6324.0,0.5,clear
WTH_00007562,2025-11-12,2,19.8,0.0,0.5,6865.0,0.35,clear
WTH_00007563,2025-11-12,3,18.0,0.0,4.7,7199.0,0.06,clear
WTH_00007564,2025-11-12,4,15.1,0.0,8.5,9565.0,0.56,clear
WTH_00007565,2025-11-12,5,17.5,0.0,6.0,11111.0,0.41,clear
WTH_00007566,2025-11-12,6,16.9,0.0,14.4,8881.0,0.36,clear
WTH_00007567,2025-11-12,7,17.4,0.0,1.4,6069.0,0.32,clear
WTH_00007568,2025-11-12,8,14.9,0.0,2.4,10551.0,0.15,clear
WTH_00007569,2025-11-12,9,14.1,0.0,21.0,7347.0,0.39,clear
WTH_00007570,2025-11-12,10,18.0,0.0,9.3,10015.0,0.32,clear
WTH_00007571,2025-11-12,11,16.0,0.0,6.3,7862.0,0.57,clear
WTH_00007572,2025-11-12,12,10.8,0.0,1.4,11498.0,0.09,clear
WTH_00007573,2025-11-12,13,10.4,0.0,14.1,8463.0,0.32,clear
WTH_00007574,2025-11-12,14,11.4,5.56,2.8,3890.0,0.53,rain
WTH_00007575,2025-11-12,15,9.5,0.0,3.2,7821.0,0.14,clear
WTH_00007576,2025-11-12,16,10.5,0.0,10.5,9266.0,0.36,clear
WTH_00007577,2025-11-12,17,12.0,0.0,27.1,11530.0,0.26,clear
WTH_00007578,2025-11-12,18,12.2,0.0,6.2,8657.0,0.24,clear
WTH_00007579,2025-11-12,19,8.7,0.0,10.5,6577.0,0.61,cloudy
WTH_00007580,2025-11-12,20,11.5,0.0,4.6,9032.0,0.46,clear
WTH_00007581,2025-11-12,21,13.1,0.0,11.9,9420.0,0.8,cloudy
WTH_00007582,2025-11-12,22,14.7,0.0,2.8,7497.0,0.1,clear
WTH_00007583,2025-11-12,23,18.0,0.0,45.3,7453.0,0.54,clear
WTH_00007584,2025-11-13,0,12.8,0.0,9.6,11361.0,0.26,clear
WTH_00007585,2025-11-13,1,15.0,0.0,31.9,11896.0,0.36,clear
WTH_00007586,2025-11-13,2,20.9,0.0,9.6,9928.0,0.57,clear
WTH_00007587,2025-11-13,3,16.1,0.0,10.9,10441.0,0.15,clear
WTH_00007588,2025-11-13,4,14.8,0.0,9.2,10051.0,0.28,clear
WTH_00007589,2025-11-13,5,14.7,0.0,3.5,6783.0,0.32,clear
WTH_00007590,2025-11-13,6,17.8,0.0,12.3,7767.0,0.6,cloudy
WTH_00007591,2025-11-13,7,16.3,0.0,19.4,10605.0,0.42,clear
WTH_00007592,2025-11-13,8,16.3,0.0,17.9,10841.0,0.56,clear
WTH_00007593,2025-11-13,9,12.4,0.0,23.1,11118.0,0.04,clear
WTH_00007594,2025-11-13,10,12.9,0.0,14.8,9589.0,0.58,clear
WTH_00007595,2025-11-13,11,13.5,0.0,0.8,10936.0,0.21,clear
WTH_00007596,2025-11-13,12,13.1,0.0,19.8,7284.0,0.3,clear
WTH_00007597,2025-11-13,13,11.6,0.0,10.0,7269.0,0.14,clear
WTH_00007598,2025-11-13,14,8.7,0.0,6.8,6527.0,0.51,clear
WTH_00007599,2025-11-13,15,9.1,0.0,2.7,7201.0,0.17,clear
WTH_00007600,2025-11-13,16,10.7,0.0,5.0,11489.0,0.35,clear
WTH_00007601,2025-11-13,17,13.8,0.0,12.0,9424.0,0.2,clear
WTH_00007602,2025-11-13,18,7.7,0.0,19.9,9045.0,0.51,clear
WTH_00007603,2025-11-13,19,13.4,0.0,3.9,10254.0,0.44,clear
WTH_00007604,2025-11-13,20,14.8,0.0,7.5,11984.0,0.14,clear
WTH_00007605,2025-11-13,21,18.7,0.0,8.7,11116.0,0.42,clear
WTH_00007606,2025-11-13,22,14.7,18.71,4.1,3103.0,0.81,rain
WTH_00007607,2025-11-13,23,17.9,0.0,20.9,7782.0,0.36,clear
WTH_00007608,2025-11-14,0,18.4,0.0,17.3,7961.0,0.25,clear
WTH_00007609,2025-11-14,1,15.0,0.0,3.4,7650.0,0.43,clear
WTH_00007610,2025-11-14,2,20.3,0.0,10.9,8571.0,0.59,clear
WTH_00007611,2025-11-14,3,18.4,0.0,36.9,11838.0,0.34,clear
WTH_00007612,2025-11-14,4,20.0,0.0,5.5,9147.0,0.35,clear
WTH_00007613,2025-11-14,5,15.1,0.0,25.0,9577.0,0.37,clear
WTH_00007614,2025-11-14,6,17.1,0.0,14.2,765.0,0.22,fog
WTH_00007615,2025-11-14,7,17.0,0.0,6.3,6877.0,0.21,clear
WTH_00007616,2025-11-14,8,15.0,0.0,15.6,8282.0,0.17,clear
WTH_00007617,2025-11-14,9,9.9,0.0,5.2,9597.0,0.31,clear
WTH_00007618,2025-11-14,10,13.3,0.0,5.6,11840.0,0.65,cloudy
WTH_00007619,2025-11-14,11,12.5,0.0,3.8,11408.0,0.29,clear
WTH_00007620,2025-11-14,12,13.1,0.0,8.7,6173.0,0.28,clear
WTH_00007621,2025-11-14,13,11.6,0.0,2.0,8021.0,0.41,clear
WTH_00007622,2025-11-14,14,10.0,0.0,7.9,8312.0,0.22,clear
WTH_00007623,2025-11-14,15,12.0,0.86,7.9,3260.0,0.57,rain
WTH_00007624,2025-11-14,16,12.0,0.0,19.6,8377.0,0.14,clear
WTH_00007625,2025-11-14,17,12.2,0.0,29.7,8166.0,0.3,clear
WTH_00007626,2025-11-14,18,12.4,0.0,15.7,8516.0,0.33,clear
WTH_00007627,2025-11-14,19,12.0,0.0,5.3,11699.0,0.39,clear
WTH_00007628,2025-11-14,20,9.8,0.0,6.6,10759.0,0.48,clear
WTH_00007629,2025-11-14,21,12.8,0.0,9.2,7633.0,0.55,clear
WTH_00007630,2025-11-14,22,16.3,0.0,4.1,10309.0,0.31,clear
WTH_00007631,2025-11-14,23,17.6,0.0,20.0,8250.0,0.34,clear
WTH_00007632,2025-11-15,0,17.6,0.0,4.9,11555.0,0.33,clear
WTH_00007633,2025-11-15,1,20.0,0.0,17.0,10053.0,0.16,clear
WTH_00007634,2025-11-15,2,18.0,0.0,28.5,7248.0,0.66,cloudy
WTH_00007635,2025-11-15,3,20.3,0.0,4.4,10702.0,0.22,clear
WTH_00007636,2025-11-15,4,17.4,0.0,25.4,10574.0,0.16,clear
WTH_00007637,2025-11-15,5,15.4,0.0,21.3,9233.0,0.7,cloudy
WTH_00007638,2025-11-15,6,18.8,0.0,4.1,8179.0,0.57,clear
WTH_00007639,2025-11-15,7,17.8,0.0,8.2,10837.0,0.18,clear
WTH_00007640,2025-11-15,8,16.7,0.0,43.2,9173.0,0.25,clear
WTH_00007641,2025-11-15,9,10.8,0.0,21.1,6818.0,0.47,clear
WTH_00007642,2025-11-15,10,12.8,0.0,5.7,9404.0,0.5,clear
WTH_00007643,2025-11-15,11,11.4,0.0,16.7,8525.0,0.51,clear
WTH_00007644,2025-11-15,12,10.6,0.0,5.1,528.0,0.17,fog
WTH_00007645,2025-11-15,13,10.7,0.0,9.6,7318.0,0.15,clear
WTH_00007646,2025-11-15,14,10.9,0.0,9.2,6878.0,0.44,clear
WTH_00007647,2025-11-15,15,7.3,0.0,3.1,11597.0,0.4,clear
WTH_00007648,2025-11-15,16,6.2,0.0,4.3,7327.0,0.27,clear
WTH_00007649,2025-11-15,17,12.2,0.0,1.9,8171.0,0.11,clear
WTH_00007650,2025-11-15,18,9.9,0.0,3.8,6546.0,0.62,cloudy
WTH_00007651,2025-11-15,19,12.8,0.0,11.4,11152.0,0.06,clear
WTH_00007652,2025-11-15,20,14.2,0.0,12.0,10746.0,0.38,clear
WTH_00007653,2025-11-15,21,12.4,0.0,2.0,10189.0,0.45,clear
WTH_00007654,2025-11-15,22,9.9,0.0,14.9,7486.0,0.2,clear
WTH_00007655,2025-11-15,23,17.7,0.0,9.5,10627.0,0.52,clear
WTH_00007656,2025-11-16,0,15.5,0.0,9.1,8743.0,0.35,clear
WTH_00007657,2025-11-16,1,18.9,0.0,1.6,8413.0,0.27,clear
WTH_00007658,2025-11-16,2,14.5,0.0,5.0,11406.0,0.27,clear
WTH_00007659,2025-11-16,3,18.2,0.0,7.2,7551.0,0.07,clear
WTH_00007660,2025-11-16,4,14.6,0.0,9.7,11761.0,0.12,clear
WTH_00007661,2025-11-16,5,16.5,0.0,1.8,9964.0,0.2,clear
WTH_00007662,2025-11-16,6,11.9,0.0,16.6,8700.0,0.34,clear
WTH_00007663,2025-11-16,7,18.4,0.0,8.4,11308.0,0.17,clear
WTH_00007664,2025-11-16,8,16.6,0.0,5.7,283.0,0.26,fog
WTH_00007665,2025-11-16,9,14.2,0.0,6.2,7828.0,0.55,clear
WTH_00007666,2025-11-16,10,13.9,0.0,5.9,9768.0,0.16,clear
WTH_00007667,2025-11-16,11,10.9,0.0,2.0,6220.0,0.51,clear
WTH_00007668,2025-11-16,12,9.7,0.0,10.7,8450.0,0.74,cloudy
WTH_00007669,2025-11-16,13,10.4,3.78,15.3,1581.0,1.0,rain
WTH_00007670,2025-11-16,14,12.2,0.0,11.4,10483.0,0.31,clear
WTH_00007671,2025-11-16,15,6.8,0.0,20.7,10994.0,0.08,clear
WTH_00007672,2025-11-16,16,11.7,0.0,4.2,8763.0,0.26,clear
WTH_00007673,2025-11-16,17,16.0,0.0,12.4,11072.0,0.28,clear
WTH_00007674,2025-11-16,18,12.6,0.0,8.0,8727.0,0.03,clear
WTH_00007675,2025-11-16,19,11.6,0.0,1.5,7924.0,0.28,clear
WTH_00007676,2025-11-16,20,12.8,0.0,11.0,801.0,0.51,fog
WTH_00007677,2025-11-16,21,14.3,0.0,21.1,8499.0,0.15,clear
WTH_00007678,2025-11-16,22,16.0,0.0,14.3,7307.0,0.21,clear
WTH_00007679,2025-11-16,23,15.5,0.0,1.3,7201.0,0.55,clear
WTH_00007680,2025-11-17,0,10.1,0.0,4.9,7728.0,0.76,cloudy
WTH_00007681,2025-11-17,1,18.0,0.0,31.1,222.0,0.27,fog
WTH_00007682,2025-11-17,2,15.7,0.0,18.6,7988.0,0.26,clear
WTH_00007683,2025-11-17,3,16.9,0.0,18.3,11745.0,0.61,cloudy
WTH_00007684,2025-11-17,4,20.0,0.0,9.7,11947.0,0.27,clear
WTH_00007685,2025-11-17,5,19.5,0.0,21.4,6538.0,0.59,clear
WTH_00007686,2025-11-17,6,17.3,0.0,13.4,9156.0,0.14,clear
WTH_00007687,2025-11-17,7,18.8,0.0,2.5,9034.0,0.68,cloudy
WTH_00007688,2025-11-17,8,12.9,0.0,6.1,9769.0,0.47,clear
WTH_00007689,2025-11-17,9,16.8,0.0,22.5,11137.0,0.6,clear
WTH_00007690,2025-11-17,10,14.3,0.0,21.0,9721.0,0.49,clear
WTH_00007691,2025-11-17,11,11.0,0.0,8.9,10728.0,0.56,clear
WTH_00007692,2025-11-17,12,13.3,0.0,17.9,10307.0,0.28,clear
WTH_00007693,2025-11-17,13,14.2,0.0,7.6,8200.0,0.03,clear
WTH_00007694,2025-11-17,14,7.6,0.0,6.1,10068.0,0.15,clear
WTH_00007695,2025-11-17,15,10.2,0.0,3.8,6638.0,0.42,clear
WTH_00007696,2025-11-17,16,9.1,0.0,22.9,9130.0,0.44,clear
WTH_00007697,2025-11-17,17,10.3,0.0,21.3,7733.0,0.11,clear
WTH_00007698,2025-11-17,18,10.1,0.0,11.6,9952.0,0.3,clear
WTH_00007699,2025-11-17,19,11.0,0.0,10.3,6375.0,0.19,clear
WTH_00007700,2025-11-17,20,13.4,0.0,4.4,11851.0,0.47,clear
WTH_00007701,2025-11-17,21,17.2,3.22,3.2,1931.0,0.5,rain
WTH_00007702,2025-11-17,22,17.1,0.0,25.4,11841.0,0.52,clear
WTH_00007703,2025-11-17,23,17.2,0.0,17.8,7145.0,0.44,clear
WTH_00007704,2025-11-18,0,17.1,0.0,6.3,8269.0,0.45,clear
WTH_00007705,2025-11-18,1,18.5,0.0,21.2,6116.0,0.58,clear
WTH_00007706,2025-11-18,2,21.0,0.0,9.6,11899.0,0.35,clear
WTH_00007707,2025-11-18,3,17.5,0.0,4.5,8000.0,0.32,clear
WTH_00007708,2025-11-18,4,19.9,0.0,15.2,8865.0,0.17,clear
WTH_00007709,2025-11-18,5,19.1,0.0,10.6,9103.0,0.2,clear
WTH_00007710,2025-11-18,6,17.7,0.0,18.8,10524.0,0.06,clear
WTH_00007711,2025-11-18,7,16.7,0.0,24.1,11220.0,0.27,clear
WTH_00007712,2025-11-18,8,15.7,11.47,3.4,2238.0,0.47,rain
WTH_00007713,2025-11-18,9,16.0,10.26,8.3,3506.0,0.76,rain
WTH_00007714,2025-11-18,10,13.1,0.0,13.5,9232.0,0.18,clear
WTH_00007715,2025-11-18,11,12.3,0.0,13.2,6107.0,0.12,clear
WTH_00007716,2025-11-18,12,10.6,0.0,19.7,6507.0,0.16,clear
WTH_00007717,2025-11-18,13,9.2,0.0,8.9,11836.0,0.77,cloudy
WTH_00007718,2025-11-18,14,10.4,0.0,9.6,9759.0,0.04,clear
WTH_00007719,2025-11-18,15,10.1,0.0,15.8,9087.0,0.42,clear
WTH_00007720,2025-11-18,16,7.9,0.0,4.2,8747.0,0.44,clear
WTH_00007721,2025-11-18,17,10.3,0.0,21.3,8996.0,0.13,clear
WTH_00007722,2025-11-18,18,12.1,0.0,1.8,11678.0,0.17,clear
WTH_00007723,2025-11-18,19,12.5,0.0,1.0,8380.0,0.08,clear
WTH_00007724,2025-11-18,20,15.5,0.0,6.0,6926.0,0.4,clear
WTH_00007725,2025-11-18,21,18.9,0.0,3.8,6345.0,0.34,clear
WTH_00007726,2025-11-18,22,20.9,0.0,19.5,9046.0,0.06,clear
WTH_00007727,2025-11-18,23,11.7,0.0,4.5,10909.0,0.3,clear
WTH_00007728,2025-11-19,0,18.7,0.0,7.3,11927.0,0.13,clear
WTH_00007729,2025-11-19,1,14.6,0.0,18.6,10633.0,0.22,clear
WTH_00007730,2025-11-19,2,17.4,0.0,5.6,9996.0,0.17,clear
WTH_00007731,2025-11-19,3,21.3,0.0,10.9,7999.0,0.03,clear
WTH_00007732,2025-11-19,4,20.3,0.0,8.3,10168.0,0.22,clear
WTH_00007733,2025-11-19,5,19.2,0.0,24.5,8581.0,0.36,clear
WTH_00007734,2025-11-19,6,14.2,0.0,3.6,8377.0,0.14,clear
WTH_00007735,2025-11-19,7,16.4,0.0,13.4,11330.0,0.19,clear
WTH_00007736,2025-11-19,8,16.2,0.0,5.6,7721.0,0.19,clear
WTH_00007737,2025-11-19,9,16.3,0.0,5.9,6907.0,0.12,clear
WTH_00007738,2025-11-19,10,12.4,0.0,18.8,10962.0,0.62,cloudy
WTH_00007739,2025-11-19,11,11.0,3.66,7.8,1559.0,0.53,rain
WTH_00007740,2025-11-19,12,9.5,0.0,22.2,7718.0,0.11,clear
WTH_00007741,2025-11-19,13,9.1,0.0,8.0,9713.0,0.46,clear
WTH_00007742,2025-11-19,14,7.4,0.0,8.2,11330.0,0.23,clear
WTH_00007743,2025-11-19,15,8.9,4.32,0.8,3504.0,0.72,rain
WTH_00007744,2025-11-19,16,12.0,0.0,4.9,740.0,0.36,fog
WTH_00007745,2025-11-19,17,9.3,0.0,12.2,8330.0,0.49,clear
WTH_00007746,2025-11-19,18,9.0,0.0,5.1,10987.0,0.24,clear
WTH_00007747,2025-11-19,19,11.3,0.0,12.2,11229.0,0.36,clear
WTH_00007748,2025-11-19,20,13.8,0.0,8.5,11517.0,0.18,clear
WTH_00007749,2025-11-19,21,12.3,0.0,3.6,10918.0,0.37,clear
WTH_00007750,2025-11-19,22,16.8,0.0,3.6,8199.0,0.12,clear
WTH_00007751,2025-11-19,23,13.6,0.0,15.0,960.0,0.18,fog
WTH_00007752,2025-11-20,0,15.8,0.0,27.1,6610.0,0.19,clear
WTH_00007753,2025-11-20,1,21.1,0.0,3.9,9450.0,0.2,clear
WTH_00007754,2025-11-20,2,14.8,0.0,16.3,11915.0,0.09,clear
WTH_00007755,2025-11-20,3,18.0,0.0,7.6,8056.0,0.39,clear
WTH_00007756,2025-11-20,4,12.8,0.0,4.7,8742.0,0.4,clear
WTH_00007757,2025-11-20,5,13.7,0.0,1.2,10273.0,0.4,clear
WTH_00007758,2025-11-20,6,13.7,0.0,21.6,11961.0,0.46,clear
WTH_00007759,2025-11-20,7,14.7,0.0,5.7,9767.0,0.51,clear
WTH_00007760,2025-11-20,8,11.5,0.0,3.2,6802.0,0.72,cloudy
WTH_00007761,2025-11-20,9,10.6,0.0,4.8,6506.0,0.03,clear
WTH_00007762,2025-11-20,10,14.5,0.0,5.1,9091.0,0.7,cloudy
WTH_00007763,2025-11-20,11,9.2,0.0,15.0,8628.0,0.45,clear
WTH_00007764,2025-11-20,12,10.9,0.0,9.1,7257.0,0.51,clear
WTH_00007765,2025-11-20,13,10.4,0.0,4.5,10240.0,0.15,clear
WTH_00007766,2025-11-20,14,9.4,0.0,6.3,6976.0,0.23,clear
WTH_00007767,2025-11-20,15,9.2,0.0,24.2,7866.0,0.16,clear
WTH_00007768,2025-11-20,16,12.0,0.0,17.0,11148.0,0.04,clear
WTH_00007769,2025-11-20,17,6.0,0.0,6.6,11075.0,0.37,clear
WTH_00007770,2025-11-20,18,11.0,0.0,33.7,11870.0,0.29,clear
WTH_00007771,2025-11-20,19,10.8,0.0,5.5,6943.0,0.21,clear
WTH_00007772,2025-11-20,20,13.2,0.0,15.1,978.0,0.35,fog
WTH_00007773,2025-11-20,21,12.3,0.0,3.2,8265.0,0.46,clear
WTH_00007774,2025-11-20,22,14.8,0.0,28.2,7196.0,0.44,clear
WTH_00007775,2025-11-20,23,15.9,14.55,9.2,2218.0,0.91,rain
WTH_00007776,2025-11-21,0,16.6,0.0,6.0,9396.0,0.15,clear
WTH_00007777,2025-11-21,1,13.9,0.0,12.2,10457.0,0.24,clear
WTH_00007778,2025-11-21,2,18.5,0.0,2.5,9179.0,0.44,clear
WTH_00007779,2025-11-21,3,19.1,0.0,28.4,7152.0,0.22,clear
WTH_00007780,2025-11-21,4,17.3,0.0,7.8,9955.0,0.17,clear
WTH_00007781,2025-11-21,5,17.6,0.0,11.9,6034.0,0.1,clear
WTH_00007782,2025-11-21,6,16.6,0.0,8.0,7412.0,0.26,clear
WTH_00007783,2025-11-21,7,16.0,0.0,4.4,11070.0,0.67,cloudy
WTH_00007784,2025-11-21,8,13.5,0.0,12.9,10215.0,0.42,clear
WTH_00007785,2025-11-21,9,12.7,0.0,1.4,10068.0,0.25,clear
WTH_00007786,2025-11-21,10,11.0,0.0,11.1,8105.0,0.07,clear
WTH_00007787,2025-11-21,11,9.5,0.0,9.9,7013.0,0.23,clear
WTH_00007788,2025-11-21,12,12.0,0.0,9.5,11264.0,0.17,clear
WTH_00007789,2025-11-21,13,8.3,0.0,14.4,11157.0,0.31,clear
WTH_00007790,2025-11-21,14,13.3,0.0,25.9,11478.0,0.63,cloudy
WTH_00007791,2025-11-21,15,10.6,0.0,8.5,8700.0,0.44,clear
WTH_00007792,2025-11-21,16,5.9,0.0,9.4,11513.0,0.58,clear
WTH_00007793,2025-11-21,17,8.3,1.32,10.5,2774.0,0.61,rain
WTH_00007794,2025-11-21,18,14.1,0.0,19.6,8837.0,0.33,clear
WTH_00007795,2025-11-21,19,12.8,0.0,4.8,7785.0,0.37,clear
WTH_00007796,2025-11-21,20,13.8,0.0,3.3,8218.0,0.31,clear
WTH_00007797,2025-11-21,21,13.3,0.0,7.5,8879.0,0.28,clear
WTH_00007798,2025-11-21,22,16.3,0.0,3.7,11701.0,0.64,cloudy
WTH_00007799,2025-11-21,23,14.5,0.0,29.7,11969.0,0.05,clear
WTH_00007800,2025-11-22,0,16.0,0.0,12.0,11420.0,0.35,clear
WTH_00007801,2025-11-22,1,19.9,0.0,15.6,7793.0,0.43,clear
WTH_00007802,2025-11-22,2,18.9,0.0,9.4,9535.0,0.5,clear
WTH_00007803,2025-11-22,3,19.1,0.0,5.4,8174.0,0.17,clear
WTH_00007804,2025-11-22,4,18.6,0.0,24.8,10287.0,0.43,clear
WTH_00007805,2025-11-22,5,15.3,0.0,9.8,6310.0,0.38,clear
WTH_00007806,2025-11-22,6,16.1,0.0,1.9,9583.0,0.43,clear
WTH_00007807,2025-11-22,7,12.6,0.0,5.4,10028.0,0.35,clear
WTH_00007808,2025-11-22,8,12.7,0.0,6.7,8160.0,0.52,clear
WTH_00007809,2025-11-22,9,15.6,7.04,18.6,3464.0,0.58,rain
WTH_00007810,2025-11-22,10,9.7,0.0,13.9,6034.0,0.4,clear
WTH_00007811,2025-11-22,11,8.6,0.0,19.1,10483.0,0.22,clear
WTH_00007812,2025-11-22,12,13.1,0.0,12.5,9845.0,0.13,clear
WTH_00007813,2025-11-22,13,8.8,0.0,13.8,7543.0,0.33,clear
WTH_00007814,2025-11-22,14,13.0,0.0,7.0,8455.0,0.57,clear
WTH_00007815,2025-11-22,15,9.8,0.0,1.7,6481.0,0.13,clear
WTH_00007816,2025-11-22,16,11.6,0.0,6.5,11770.0,0.53,clear
WTH_00007817,2025-11-22,17,10.7,0.0,4.2,6725.0,0.53,clear
WTH_00007818,2025-11-22,18,9.4,0.0,15.1,10921.0,0.46,clear
WTH_00007819,2025-11-22,19,13.6,0.0,8.1,11292.0,0.27,clear
WTH_00007820,2025-11-22,20,14.0,0.0,16.8,10383.0,0.32,clear
WTH_00007821,2025-11-22,21,18.3,0.0,4.8,6208.0,0.18,clear
WTH_00007822,2025-11-22,22,15.1,0.0,9.0,8880.0,0.15,clear
WTH_00007823,2025-11-22,23,16.0,0.0,3.7,6159.0,0.03,clear
WTH_00007824,2025-11-23,0,16.8,0.0,7.4,11381.0,0.44,clear
WTH_00007825,2025-11-23,1,21.5,0.0,48.4,6156.0,0.54,clear
WTH_00007826,2025-11-23,2,18.4,0.0,15.3,9103.0,0.15,clear
WTH_00007827,2025-11-23,3,16.2,0.0,4.6,8548.0,0.21,clear
WTH_00007828,2025-11-23,4,17.5,0.0,29.4,7529.0,0.62,cloudy
WTH_00007829,2025-11-23,5,18.9,0.0,14.9,9235.0,0.23,clear
WTH_00007830,2025-11-23,6,16.0,0.0,2.5,6953.0,0.08,clear
WTH_00007831,2025-11-23,7,13.0,0.0,0.5,9780.0,0.55,clear
WTH_00007832,2025-11-23,8,15.4,0.0,6.5,11077.0,0.33,clear
WTH_00007833,2025-11-23,9,16.0,0.0,15.9,9564.0,0.26,clear
WTH_00007834,2025-11-23,10,16.4,0.0,14.3,9617.0,0.45,clear
WTH_00007835,2025-11-23,11,12.9,0.0,4.6,9211.0,0.09,clear
WTH_00007836,2025-11-23,12,11.7,0.0,13.3,7695.0,0.16,clear
WTH_00007837,2025-11-23,13,10.7,0.0,4.5,6943.0,0.24,clear
WTH_00007838,2025-11-23,14,10.2,0.0,1.9,10103.0,0.45,clear
WTH_00007839,2025-11-23,15,10.4,0.0,9.1,6782.0,0.58,clear
WTH_00007840,2025-11-23,16,9.3,0.0,12.9,8072.0,0.42,clear
WTH_00007841,2025-11-23,17,9.1,0.0,4.0,10027.0,0.28,clear
WTH_00007842,2025-11-23,18,10.3,0.0,7.3,926.0,0.51,fog
WTH_00007843,2025-11-23,19,13.7,0.0,5.1,10735.0,0.32,clear
WTH_00007844,2025-11-23,20,13.2,5.6,10.5,2657.0,0.86,rain
WTH_00007845,2025-11-23,21,15.0,0.0,5.3,10716.0,0.66,cloudy
WTH_00007846,2025-11-23,22,14.4,0.0,6.2,7871.0,0.32,clear
WTH_00007847,2025-11-23,23,14.1,0.0,10.5,6137.0,0.3,clear
WTH_00007848,2025-11-24,0,17.6,0.0,7.3,10668.0,0.11,clear
WTH_00007849,2025-11-24,1,17.5,8.13,8.5,3980.0,0.86,rain
WTH_00007850,2025-11-24,2,21.5,0.0,28.8,7206.0,0.31,clear
WTH_00007851,2025-11-24,3,20.8,0.0,19.8,7885.0,0.41,clear
WTH_00007852,2025-11-24,4,19.8,0.0,2.8,11193.0,0.69,cloudy
WTH_00007853,2025-11-24,5,19.6,0.0,8.9,6216.0,0.11,clear
WTH_00007854,2025-11-24,6,13.9,0.0,1.1,11334.0,0.44,clear
WTH_00007855,2025-11-24,7,12.1,0.0,30.7,9021.0,0.12,clear
WTH_00007856,2025-11-24,8,15.5,0.0,12.1,11565.0,0.52,clear
WTH_00007857,2025-11-24,9,13.2,0.0,7.2,6180.0,0.36,clear
WTH_00007858,2025-11-24,10,10.2,0.0,6.3,11800.0,0.72,cloudy
WTH_00007859,2025-11-24,11,11.7,0.0,9.1,344.0,0.28,fog
WTH_00007860,2025-11-24,12,11.8,0.0,9.4,11742.0,0.77,cloudy
WTH_00007861,2025-11-24,13,11.4,0.0,21.1,9084.0,0.48,clear
WTH_00007862,2025-11-24,14,11.4,0.0,5.2,11985.0,0.22,clear
WTH_00007863,2025-11-24,15,8.3,0.0,17.2,6738.0,0.49,clear
WTH_00007864,2025-11-24,16,12.6,0.0,21.0,7543.0,0.4,clear
WTH_00007865,2025-11-24,17,11.1,0.0,29.8,7142.0,0.25,clear
WTH_00007866,2025-11-24,18,8.2,0.0,1.8,8104.0,0.39,clear
WTH_00007867,2025-11-24,19,12.7,0.0,21.0,11020.0,0.56,clear
WTH_00007868,2025-11-24,20,15.1,0.0,8.5,8087.0,0.49,clear
WTH_00007869,2025-11-24,21,16.6,0.0,30.3,8535.0,0.13,clear
WTH_00007870,2025-11-24,22,13.6,0.0,9.5,9001.0,0.56,clear
WTH_00007871,2025-11-24,23,17.5,0.0,7.8,10705.0,0.08,clear
WTH_00007872,2025-11-25,0,16.6,0.0,13.3,6201.0,0.18,clear
WTH_00007873,2025-11-25,1,16.5,0.0,6.5,8569.0,0.29,clear
WTH_00007874,2025-11-25,2,15.3,0.0,9.8,7396.0,0.36,clear
WTH_00007875,2025-11-25,3,17.6,0.0,25.4,6146.0,0.11,clear
WTH_00007876,2025-11-25,4,19.2,0.0,5.9,8606.0,0.32,clear
WTH_00007877,2025-11-25,5,17.7,0.0,19.4,6641.0,0.14,clear
WTH_00007878,2025-11-25,6,13.6,0.0,5.1,10166.0,0.14,clear
WTH_00007879,2025-11-25,7,17.1,0.0,10.2,7989.0,0.36,clear
WTH_00007880,2025-11-25,8,12.9,0.0,4.3,8897.0,0.45,clear
WTH_00007881,2025-11-25,9,12.4,0.0,23.1,10075.0,0.61,cloudy
WTH_00007882,2025-11-25,10,13.8,0.0,25.0,7113.0,0.49,clear
WTH_00007883,2025-11-25,11,9.6,0.0,13.4,6348.0,0.59,clear
WTH_00007884,2025-11-25,12,13.7,0.0,4.4,7479.0,0.25,clear
WTH_00007885,2025-11-25,13,10.3,0.0,26.5,11423.0,0.37,clear
WTH_00007886,2025-11-25,14,7.8,0.0,13.3,7986.0,0.16,clear
WTH_00007887,2025-11-25,15,11.6,0.0,25.3,10367.0,0.28,clear
WTH_00007888,2025-11-25,16,11.4,0.0,30.5,7205.0,0.21,clear
WTH_00007889,2025-11-25,17,8.9,0.0,1.0,8124.0,0.2,clear
WTH_00007890,2025-11-25,18,10.4,0.0,10.6,6675.0,0.4,clear
WTH_00007891,2025-11-25,19,12.9,0.0,14.9,7077.0,0.63,cloudy
WTH_00007892,2025-11-25,20,13.6,0.0,19.7,6917.0,0.5,clear
WTH_00007893,2025-11-25,21,15.4,0.0,11.4,6970.0,0.39,clear
WTH_00007894,2025-11-25,22,13.8,0.0,41.0,8249.0,0.08,clear
WTH_00007895,2025-11-25,23,16.1,0.0,3.6,7618.0,0.08,clear
WTH_00007896,2025-11-26,0,17.2,4.75,27.5,3544.0,0.97,rain
WTH_00007897,2025-11-26,1,18.7,7.1,24.6,3664.0,0.83,rain
WTH_00007898,2025-11-26,2,13.7,12.09,23.5,2452.0,0.54,storm
WTH_00007899,2025-11-26,3,16.0,5.03,43.1,2702.0,1.0,rain
WTH_00007900,2025-11-26,4,16.9,12.64,29.0,3261.0,0.89,storm
WTH_00007901,2025-11-26,5,20.1,5.39,21.7,2571.0,0.55,rain
WTH_00007902,2025-11-26,6,16.5,5.67,17.1,3766.0,0.54,rain
WTH_00007903,2025-11-26,7,15.1,6.92,22.7,2876.0,0.57,rain
WTH_00007904,2025-11-26,8,18.1,6.88,25.9,3432.0,0.82,rain
WTH_00007905,2025-11-26,9,11.1,7.91,22.3,2247.0,0.84,rain
WTH_00007906,2025-11-26,10,13.8,4.65,22.6,1621.0,1.0,rain
WTH_00007907,2025-11-26,11,12.0,9.07,38.6,1073.0,0.48,storm
WTH_00007908,2025-11-26,12,11.5,0.99,22.3,2832.0,0.57,rain
WTH_00007909,2025-11-26,13,11.0,12.31,19.6,1844.0,0.84,storm
WTH_00007910,2025-11-26,14,12.6,5.66,22.1,909.0,0.81,rain
WTH_00007911,2025-11-26,15,9.2,11.07,32.0,3140.0,0.94,storm
WTH_00007912,2025-11-26,16,9.6,4.86,20.3,3619.0,0.62,rain
WTH_00007913,2025-11-26,17,11.7,10.92,43.6,2243.0,0.65,storm
WTH_00007914,2025-11-26,18,11.4,5.29,22.4,2354.0,0.77,rain
WTH_00007915,2025-11-26,19,10.7,8.74,20.5,3488.0,0.54,storm
WTH_00007916,2025-11-26,20,14.9,6.69,25.9,2462.0,0.64,rain
WTH_00007917,2025-11-26,21,17.5,8.59,19.4,1614.0,0.66,storm
WTH_00007918,2025-11-26,22,20.1,8.13,24.9,2463.0,0.51,storm
WTH_00007919,2025-11-26,23,14.9,2.12,16.2,3848.0,0.42,rain
WTH_00007920,2025-11-27,0,13.7,0.0,4.0,6337.0,0.14,clear
WTH_00007921,2025-11-27,1,15.9,0.0,6.8,10025.0,0.16,clear
WTH_00007922,2025-11-27,2,17.3,0.0,3.5,10780.0,0.27,clear
WTH_00007923,2025-11-27,3,15.4,0.0,18.6,10601.0,0.03,clear
WTH_00007924,2025-11-27,4,18.2,0.0,6.8,11973.0,0.34,clear
WTH_00007925,2025-11-27,5,17.0,0.0,9.5,6834.0,0.38,clear
WTH_00007926,2025-11-27,6,15.1,0.0,6.8,1038.0,0.52,fog
WTH_00007927,2025-11-27,7,16.2,0.0,5.7,6925.0,0.23,clear
WTH_00007928,2025-11-27,8,16.2,0.0,2.0,9301.0,0.03,clear
WTH_00007929,2025-11-27,9,11.7,0.0,5.1,8491.0,0.51,clear
WTH_00007930,2025-11-27,10,14.5,0.0,12.4,8289.0,0.25,clear
WTH_00007931,2025-11-27,11,9.0,0.0,7.7,7950.0,0.36,clear
WTH_00007932,2025-11-27,12,11.5,7.37,15.8,1322.0,0.62,rain
WTH_00007933,2025-11-27,13,10.4,0.0,19.6,11199.0,0.14,clear
WTH_00007934,2025-11-27,14,10.7,0.0,5.0,10978.0,0.43,clear
WTH_00007935,2025-11-27,15,7.8,0.0,18.1,8903.0,0.63,cloudy
WTH_00007936,2025-11-27,16,9.2,0.0,9.3,8723.0,0.05,clear
WTH_00007937,2025-11-27,17,7.8,0.0,19.8,10880.0,0.39,clear
WTH_00007938,2025-11-27,18,11.1,0.0,22.9,10137.0,0.49,clear
WTH_00007939,2025-11-27,19,17.0,0.0,3.8,9256.0,0.64,cloudy
WTH_00007940,2025-11-27,20,13.4,0.0,20.1,11692.0,0.08,clear
WTH_00007941,2025-11-27,21,16.8,0.0,5.2,8438.0,0.27,clear
WTH_00007942,2025-11-27,22,15.3,0.0,1.3,7649.0,0.62,cloudy
WTH_00007943,2025-11-27,23,16.4,0.0,23.6,8825.0,0.49,clear
WTH_00007944,2025-11-28,0,14.4,0.0,16.7,6008.0,0.11,clear
WTH_00007945,2025-11-28,1,17.9,0.0,27.7,8655.0,0.13,clear
WTH_00007946,2025-11-28,2,17.6,0.0,8.3,10603.0,0.33,clear
WTH_00007947,2025-11-28,3,15.0,0.0,4.9,8678.0,0.55,clear
WTH_00007948,2025-11-28,4,15.8,3.76,8.0,1751.0,1.0,rain
WTH_00007949,2025-11-28,5,19.2,0.0,10.5,7175.0,0.27,clear
WTH_00007950,2025-11-28,6,16.1,0.0,10.7,6724.0,0.21,clear
WTH_00007951,2025-11-28,7,13.3,0.0,8.6,8123.0,0.31,clear
WTH_00007952,2025-11-28,8,12.6,0.0,11.1,7944.0,0.6,cloudy
WTH_00007953,2025-11-28,9,15.4,0.0,11.6,10849.0,0.14,clear
WTH_00007954,2025-11-28,10,12.1,0.0,13.0,8737.0,0.74,cloudy
WTH_00007955,2025-11-28,11,11.3,0.0,8.4,7922.0,0.08,clear
WTH_00007956,2025-11-28,12,10.9,0.0,10.3,10630.0,0.26,clear
WTH_00007957,2025-11-28,13,15.2,0.0,5.1,7915.0,0.28,clear
WTH_00007958,2025-11-28,14,14.8,0.0,3.6,11467.0,0.41,clear
WTH_00007959,2025-11-28,15,11.1,0.0,12.6,10011.0,0.36,clear
WTH_00007960,2025-11-28,16,6.0,0.0,9.0,10089.0,0.48,clear
WTH_00007961,2025-11-28,17,9.8,0.0,1.7,9336.0,0.34,clear
WTH_00007962,2025-11-28,18,6.1,0.0,26.4,10362.0,0.24,clear
WTH_00007963,2025-11-28,19,12.2,0.0,17.9,8335.0,0.17,clear
WTH_00007964,2025-11-28,20,14.2,0.0,11.5,6521.0,0.42,clear
WTH_00007965,2025-11-28,21,17.9,0.0,9.0,10811.0,0.15,clear
WTH_00007966,2025-11-28,22,15.5,0.0,11.8,6150.0,0.36,clear
WTH_00007967,2025-11-28,23,14.4,0.0,12.4,9923.0,0.27,clear
WTH_00007968,2025-11-29,0,14.1,0.0,1.3,8925.0,0.44,clear
WTH_00007969,2025-11-29,1,16.1,0.0,4.8,10227.0,0.13,clear
WTH_00007970,2025-11-29,2,20.8,1.33,4.5,1535.0,0.62,rain
WTH_00007971,2025-11-29,3,19.4,0.0,3.6,11389.0,0.46,clear
WTH_00007972,2025-11-29,4,20.8,0.0,30.2,8990.0,0.16,clear
WTH_00007973,2025-11-29,5,14.2,0.0,0.4,10188.0,0.23,clear
WTH_00007974,2025-11-29,6,13.3,0.0,30.4,8005.0,0.54,clear
WTH_00007975,2025-11-29,7,14.7,0.0,2.6,8017.0,0.65,cloudy
WTH_00007976,2025-11-29,8,12.8,0.0,11.0,7054.0,0.14,clear
WTH_00007977,2025-11-29,9,10.7,0.0,2.9,8532.0,0.65,cloudy
WTH_00007978,2025-11-29,10,13.6,0.0,22.6,7347.0,0.35,clear
WTH_00007979,2025-11-29,11,14.6,0.0,4.1,7590.0,0.37,clear
WTH_00007980,2025-11-29,12,12.0,0.0,1.6,10154.0,0.17,clear
WTH_00007981,2025-11-29,13,9.9,0.0,13.7,8135.0,0.44,clear
WTH_00007982,2025-11-29,14,9.5,0.0,21.8,7395.0,0.09,clear
WTH_00007983,2025-11-29,15,8.9,0.0,22.8,6050.0,0.54,clear
WTH_00007984,2025-11-29,16,10.5,0.0,2.8,10533.0,0.41,clear
WTH_00007985,2025-11-29,17,9.7,0.0,6.4,10495.0,0.23,clear
WTH_00007986,2025-11-29,18,13.6,0.0,4.5,7530.0,0.34,clear
WTH_00007987,2025-11-29,19,11.8,0.0,9.5,6801.0,0.61,cloudy
WTH_00007988,2025-11-29,20,12.8,0.0,13.9,7269.0,0.11,clear
WTH_00007989,2025-11-29,21,13.5,0.0,19.8,11248.0,0.28,clear
WTH_00007990,2025-11-29,22,11.2,0.0,10.2,11045.0,0.09,clear
WTH_00007991,2025-11-29,23,14.4,1.71,10.0,2317.0,0.58,rain
WTH_00007992,2025-11-30,0,12.6,10.13,23.3,3795.0,0.63,storm
WTH_00007993,2025-11-30,1,21.2,3.56,20.0,1693.0,0.48,rain
WTH_00007994,2025-11-30,2,18.9,5.1,16.7,1664.0,0.42,rain
WTH_00007995,2025-11-30,3,16.6,3.8,23.6,1477.0,1.0,rain
WTH_00007996,2025-11-30,4,19.1,4.46,35.8,1254.0,0.78,rain
WTH_00007997,2025-11-30,5,17.4,6.08,31.6,2462.0,0.98,rain
WTH_00007998,2025-11-30,6,17.7,4.15,32.3,957.0,0.69,rain
WTH_00007999,2025-11-30,7,14.4,7.4,21.4,1391.0,0.8,rain
WTH_00008000,2025-11-30,8,17.3,3.64,17.2,2260.0,0.56,rain
WTH_00008001,2025-11-30,9,15.2,2.09,37.5,3718.0,0.72,rain
WTH_00008002,2025-11-30,10,12.9,7.49,24.1,861.0,1.0,rain
WTH_00008003,2025-11-30,11,12.8,8.27,20.5,2465.0,0.52,storm
WTH_00008004,2025-11-30,12,11.9,1.86,32.5,2838.0,0.46,rain
WTH_00008005,2025-11-30,13,10.2,4.57,24.7,2839.0,0.71,rain
WTH_00008006,2025-11-30,14,10.3,6.21,17.8,1503.0,1.0,rain
WTH_00008007,2025-11-30,15,7.6,8.05,25.8,2223.0,0.64,storm
WTH_00008008,2025-11-30,16,14.3,1.44,19.7,1179.0,0.59,rain
WTH_00008009,2025-11-30,17,12.1,4.1,20.8,3879.0,0.75,rain
WTH_00008010,2025-11-30,18,10.7,2.12,19.2,2546.0,1.0,rain
WTH_00008011,2025-11-30,19,13.2,12.3,23.2,2912.0,0.98,storm
WTH_00008012,2025-11-30,20,10.7,8.52,31.9,1990.0,0.63,storm
WTH_00008013,2025-11-30,21,16.1,8.6,26.5,3120.0,0.79,storm
WTH_00008014,2025-11-30,22,17.4,0.58,28.7,969.0,0.61,rain
WTH_00008015,2025-11-30,23,19.1,6.14,27.0,3897.0,0.73,rain
WTH_00008016,2025-12-01,0,6.3,0.0,20.9,9957.0,0.69,cloudy
WTH_00008017,2025-12-01,1,4.5,0.0,24.4,11642.0,0.41,clear
WTH_00008018,2025-12-01,2,7.2,0.0,4.2,7175.0,0.33,clear
WTH_00008019,2025-12-01,3,2.5,0.0,0.3,8814.0,0.3,clear
WTH_00008020,2025-12-01,4,3.1,0.0,12.1,9573.0,0.32,clear
WTH_00008021,2025-12-01,5,6.1,0.0,10.6,7132.0,0.21,clear
WTH_00008022,2025-12-01,6,5.3,0.0,13.9,512.0,0.27,fog
WTH_00008023,2025-12-01,7,4.3,4.66,30.1,3227.0,0.62,rain
WTH_00008024,2025-12-01,8,3.8,0.0,3.0,8767.0,0.38,clear
WTH_00008025,2025-12-01,9,3.4,0.0,0.2,6507.0,0.67,cloudy
WTH_00008026,2025-12-01,10,1.0,0.0,9.0,6458.0,0.44,clear
WTH_00008027,2025-12-01,11,-1.0,0.0,9.1,7312.0,0.54,clear
WTH_00008028,2025-12-01,12,-3.1,0.0,5.5,6066.0,0.4,clear
WTH_00008029,2025-12-01,13,-2.5,0.0,8.0,9169.0,0.1,clear
WTH_00008030,2025-12-01,14,-3.9,0.0,13.2,9189.0,0.14,clear
WTH_00008031,2025-12-01,15,-2.7,0.0,25.4,6481.0,0.52,clear
WTH_00008032,2025-12-01,16,-1.6,0.0,8.2,10048.0,0.54,clear
WTH_00008033,2025-12-01,17,-0.2,0.0,26.0,9001.0,0.06,clear
WTH_00008034,2025-12-01,18,0.9,0.0,2.4,7065.0,0.4,clear
WTH_00008035,2025-12-01,19,-2.3,0.0,29.7,9694.0,0.36,clear
WTH_00008036,2025-12-01,20,2.3,0.0,16.6,10165.0,0.36,clear
WTH_00008037,2025-12-01,21,3.1,0.0,7.3,9249.0,0.68,cloudy
WTH_00008038,2025-12-01,22,6.9,0.0,12.6,7234.0,0.28,clear
WTH_00008039,2025-12-01,23,9.0,0.0,5.6,11564.0,0.39,clear
WTH_00008040,2025-12-02,0,1.8,0.0,6.4,588.0,0.37,fog
WTH_00008041,2025-12-02,1,7.3,0.0,6.6,9522.0,0.32,clear
WTH_00008042,2025-12-02,2,8.4,0.0,1.6,7939.0,0.24,clear
WTH_00008043,2025-12-02,3,4.7,0.0,35.8,7849.0,0.15,clear
WTH_00008044,2025-12-02,4,8.4,0.0,4.3,8586.0,0.16,clear
WTH_00008045,2025-12-02,5,3.7,0.0,15.4,10539.0,0.23,clear
WTH_00008046,2025-12-02,6,8.3,0.0,15.3,7904.0,0.21,clear
WTH_00008047,2025-12-02,7,1.5,1.54,9.5,2684.0,0.93,snow
WTH_00008048,2025-12-02,8,4.7,0.0,19.6,9038.0,0.2,clear
WTH_00008049,2025-12-02,9,1.0,0.0,12.2,11232.0,0.38,clear
WTH_00008050,2025-12-02,10,1.3,0.0,5.4,10621.0,0.21,clear
WTH_00008051,2025-12-02,11,-2.0,0.0,26.0,10577.0,0.6,cloudy
WTH_00008052,2025-12-02,12,0.7,0.0,21.2,8131.0,0.11,clear
WTH_00008053,2025-12-02,13,-5.5,0.0,5.6,10600.0,0.34,clear
WTH_00008054,2025-12-02,14,-4.2,0.0,9.8,9465.0,0.25,clear
WTH_00008055,2025-12-02,15,-0.3,0.0,6.6,8231.0,0.05,clear
WTH_00008056,2025-12-02,16,-0.7,0.0,26.0,7884.0,0.4,clear
WTH_00008057,2025-12-02,17,-2.3,0.0,7.6,8029.0,0.08,clear
WTH_00008058,2025-12-02,18,1.4,0.0,6.0,7802.0,0.65,cloudy
WTH_00008059,2025-12-02,19,-2.2,0.0,3.2,8631.0,0.63,cloudy
WTH_00008060,2025-12-02,20,3.7,0.0,1.6,8084.0,0.67,cloudy
WTH_00008061,2025-12-02,21,4.1,0.0,13.2,9700.0,0.6,cloudy
WTH_00008062,2025-12-02,22,3.5,0.0,31.6,9871.0,0.18,clear
WTH_00008063,2025-12-02,23,3.2,0.0,19.7,9259.0,0.66,cloudy
WTH_00008064,2025-12-03,0,4.0,0.0,17.2,7860.0,0.32,clear
WTH_00008065,2025-12-03,1,5.2,0.0,5.0,6908.0,0.18,clear
WTH_00008066,2025-12-03,2,6.3,0.0,11.6,343.0,0.23,fog
WTH_00008067,2025-12-03,3,7.4,8.11,9.8,3290.0,0.62,rain
WTH_00008068,2025-12-03,4,6.1,0.0,8.6,6159.0,0.23,clear
WTH_00008069,2025-12-03,5,5.9,0.0,5.0,7605.0,0.32,clear
WTH_00008070,2025-12-03,6,4.8,0.0,12.3,9234.0,0.55,clear
WTH_00008071,2025-12-03,7,2.9,11.01,27.4,2638.0,0.59,rain
WTH_00008072,2025-12-03,8,3.1,1.55,9.6,3531.0,0.81,rain
WTH_00008073,2025-12-03,9,1.2,0.0,4.1,9538.0,0.09,clear
WTH_00008074,2025-12-03,10,-0.3,0.0,29.6,8371.0,0.31,clear
WTH_00008075,2025-12-03,11,3.6,0.0,14.4,9623.0,0.32,clear
WTH_00008076,2025-12-03,12,2.2,0.0,8.9,6522.0,0.5,clear
WTH_00008077,2025-12-03,13,-4.4,0.0,15.4,9247.0,0.38,clear
WTH_00008078,2025-12-03,14,1.0,0.0,12.7,8978.0,0.17,clear
WTH_00008079,2025-12-03,15,-0.3,0.0,9.4,6826.0,0.66,cloudy
WTH_00008080,2025-12-03,16,-0.4,0.0,9.2,10555.0,0.8,cloudy
WTH_00008081,2025-12-03,17,0.4,0.0,11.2,7885.0,0.3,clear
WTH_00008082,2025-12-03,18,-1.2,0.0,8.6,8654.0,0.36,clear
WTH_00008083,2025-12-03,19,1.6,0.0,4.7,9325.0,0.2,clear
WTH_00008084,2025-12-03,20,0.5,0.0,7.2,10478.0,0.05,clear
WTH_00008085,2025-12-03,21,-0.1,0.0,10.9,6956.0,0.34,clear
WTH_00008086,2025-12-03,22,1.0,0.0,5.2,9352.0,0.18,clear
WTH_00008087,2025-12-03,23,5.4,1.63,14.2,1662.0,0.93,rain
WTH_00008088,2025-12-04,0,6.5,0.0,8.0,7827.0,0.31,clear
WTH_00008089,2025-12-04,1,6.6,0.0,7.2,10255.0,0.17,clear
WTH_00008090,2025-12-04,2,3.5,0.0,4.9,7123.0,0.34,clear
WTH_00008091,2025-12-04,3,2.0,0.0,5.5,11693.0,0.55,clear
WTH_00008092,2025-12-04,4,3.8,0.0,14.7,11457.0,0.33,clear
WTH_00008093,2025-12-04,5,6.1,0.0,6.4,6199.0,0.08,clear
WTH_00008094,2025-12-04,6,3.4,7.55,34.7,1237.0,0.72,rain
WTH_00008095,2025-12-04,7,4.0,0.0,11.4,6117.0,0.37,clear
WTH_00008096,2025-12-04,8,3.6,0.0,12.4,8933.0,0.47,clear
WTH_00008097,2025-12-04,9,-0.9,0.0,2.9,9214.0,0.03,clear
WTH_00008098,2025-12-04,10,1.1,0.0,8.7,11869.0,0.15,clear
WTH_00008099,2025-12-04,11,-1.2,0.0,7.6,7926.0,0.35,clear
WTH_00008100,2025-12-04,12,-5.9,0.0,1.8,9475.0,0.21,clear
WTH_00008101,2025-12-04,13,2.9,0.0,4.5,6583.0,0.14,clear
WTH_00008102,2025-12-04,14,-0.2,0.0,8.6,10433.0,0.17,clear
WTH_00008103,2025-12-04,15,-4.7,0.0,16.0,9684.0,0.52,clear
WTH_00008104,2025-12-04,16,-1.5,0.0,11.0,11691.0,0.14,clear
WTH_00008105,2025-12-04,17,-4.8,0.0,15.5,11584.0,0.26,clear
WTH_00008106,2025-12-04,18,-1.4,0.0,6.7,10629.0,0.12,clear
WTH_00008107,2025-12-04,19,0.2,0.0,14.9,7780.0,0.17,clear
WTH_00008108,2025-12-04,20,2.8,0.0,23.0,11906.0,0.21,clear
WTH_00008109,2025-12-04,21,3.5,0.0,3.5,9909.0,0.1,clear
WTH_00008110,2025-12-04,22,1.3,0.0,3.8,11076.0,0.12,clear
WTH_00008111,2025-12-04,23,3.1,0.0,11.1,9368.0,0.24,clear
WTH_00008112,2025-12-05,0,3.8,0.0,26.7,8196.0,0.13,clear
WTH_00008113,2025-12-05,1,7.5,0.0,3.5,10217.0,0.41,clear
WTH_00008114,2025-12-05,2,5.8,0.0,13.8,9244.0,0.34,clear
WTH_00008115,2025-12-05,3,7.4,0.0,6.0,6614.0,0.04,clear
WTH_00008116,2025-12-05,4,8.9,0.0,13.6,8984.0,0.64,cloudy
WTH_00008117,2025-12-05,5,6.8,0.0,0.5,6596.0,0.63,cloudy
WTH_00008118,2025-12-05,6,5.6,0.0,14.1,6096.0,0.39,clear
WTH_00008119,2025-12-05,7,7.7,0.0,10.8,10694.0,0.62,cloudy
WTH_00008120,2025-12-05,8,2.3,0.0,3.6,6362.0,0.11,clear
WTH_00008121,2025-12-05,9,0.0,0.0,4.7,7983.0,0.44,clear
WTH_00008122,2025-12-05,10,-0.5,1.09,10.6,1455.0,0.75,snow
WTH_00008123,2025-12-05,11,-0.5,5.67,17.2,2620.0,0.61,snow
WTH_00008124,2025-12-05,12,-2.2,0.0,16.1,6191.0,0.07,clear
WTH_00008125,2025-12-05,13,-4.2,0.0,3.3,828.0,0.5,fog
WTH_00008126,2025-12-05,14,-5.1,0.0,19.8,7659.0,0.31,clear
WTH_00008127,2025-12-05,15,-1.2,0.0,6.9,8399.0,0.05,clear
WTH_00008128,2025-12-05,16,-0.5,0.0,14.0,6990.0,0.74,cloudy
WTH_00008129,2025-12-05,17,-1.7,0.0,16.2,11672.0,0.49,clear
WTH_00008130,2025-12-05,18,-1.2,0.0,11.5,11521.0,0.64,cloudy
WTH_00008131,2025-12-05,19,2.1,5.97,16.1,2274.0,0.59,rain
WTH_00008132,2025-12-05,20,1.6,0.0,6.1,6156.0,0.61,cloudy
WTH_00008133,2025-12-05,21,3.7,0.0,31.7,11162.0,0.58,clear
WTH_00008134,2025-12-05,22,5.2,0.0,11.9,9990.0,0.48,clear
WTH_00008135,2025-12-05,23,2.3,0.0,17.2,6822.0,0.43,clear
WTH_00008136,2025-12-06,0,5.0,3.55,42.0,1753.0,0.6,rain
WTH_00008137,2025-12-06,1,1.2,3.06,25.3,761.0,0.78,snow
WTH_00008138,2025-12-06,2,5.1,4.68,21.4,2355.0,0.91,rain
WTH_00008139,2025-12-06,3,0.8,5.81,23.7,977.0,0.6,snow
WTH_00008140,2025-12-06,4,4.5,3.99,42.4,3991.0,0.71,rain
WTH_00008141,2025-12-06,5,6.2,4.73,21.5,3386.0,1.0,rain
WTH_00008142,2025-12-06,6,6.1,5.38,36.5,2428.0,0.85,rain
WTH_00008143,2025-12-06,7,3.9,5.58,32.5,997.0,0.67,rain
WTH_00008144,2025-12-06,8,2.0,0.37,23.9,3924.0,0.84,rain
WTH_00008145,2025-12-06,9,2.4,1.73,22.5,1473.0,0.58,rain
WTH_00008146,2025-12-06,10,4.7,4.94,18.9,2945.0,0.87,rain
WTH_00008147,2025-12-06,11,1.8,5.12,32.1,2994.0,0.93,rain
WTH_00008148,2025-12-06,12,-1.9,3.82,27.4,1666.0,0.69,snow
WTH_00008149,2025-12-06,13,-1.1,2.97,37.1,1373.0,1.0,snow
WTH_00008150,2025-12-06,14,-3.3,0.8,20.8,2336.0,0.63,snow
WTH_00008151,2025-12-06,15,-4.6,5.59,30.1,1861.0,0.63,snow
WTH_00008152,2025-12-06,16,-1.2,2.71,20.8,2855.0,0.58,snow
WTH_00008153,2025-12-06,17,-4.1,11.63,34.0,1559.0,0.81,snow
WTH_00008154,2025-12-06,18,-0.7,6.07,19.1,1882.0,1.0,snow
WTH_00008155,2025-12-06,19,1.3,8.87,29.9,1490.0,0.51,snow
WTH_00008156,2025-12-06,20,-0.0,7.12,15.7,2852.0,0.79,snow
WTH_00008157,2025-12-06,21,3.2,0.69,18.5,1793.0,0.73,rain
WTH_00008158,2025-12-06,22,4.2,14.76,25.1,3958.0,0.58,storm
WTH_00008159,2025-12-06,23,5.9,2.61,34.0,1803.0,0.68,rain
WTH_00008160,2025-12-07,0,2.4,0.0,6.5,8445.0,0.08,clear
WTH_00008161,2025-12-07,1,3.6,0.0,13.9,7832.0,0.23,clear
WTH_00008162,2025-12-07,2,7.1,0.0,14.6,8035.0,0.1,clear
WTH_00008163,2025-12-07,3,5.9,0.0,7.2,6332.0,0.68,cloudy
WTH_00008164,2025-12-07,4,5.3,0.0,13.5,10148.0,0.38,clear
WTH_00008165,2025-12-07,5,7.8,0.0,16.7,9226.0,0.5,clear
WTH_00008166,2025-12-07,6,2.9,0.0,1.9,8344.0,0.05,clear
WTH_00008167,2025-12-07,7,6.4,0.0,13.3,6662.0,0.29,clear
WTH_00008168,2025-12-07,8,4.1,0.0,7.5,7395.0,0.18,clear
WTH_00008169,2025-12-07,9,1.3,0.0,10.1,7992.0,0.18,clear
WTH_00008170,2025-12-07,10,2.6,0.0,10.4,8765.0,0.36,clear
WTH_00008171,2025-12-07,11,0.3,0.0,5.5,9608.0,0.32,clear
WTH_00008172,2025-12-07,12,-0.8,0.0,16.5,10889.0,0.75,cloudy
WTH_00008173,2025-12-07,13,-1.9,0.0,20.6,10909.0,0.34,clear
WTH_00008174,2025-12-07,14,-0.9,0.0,11.4,11506.0,0.43,clear
WTH_00008175,2025-12-07,15,-0.0,0.0,17.8,9830.0,0.18,clear
WTH_00008176,2025-12-07,16,-3.1,0.0,3.9,10650.0,0.09,clear
WTH_00008177,2025-12-07,17,-7.5,0.0,2.5,9425.0,0.26,clear
WTH_00008178,2025-12-07,18,1.1,0.0,12.3,10984.0,0.28,clear
WTH_00008179,2025-12-07,19,-1.8,0.0,3.8,8524.0,0.72,cloudy
WTH_00008180,2025-12-07,20,-0.9,0.0,6.8,6023.0,0.23,clear
WTH_00008181,2025-12-07,21,-0.5,0.0,30.1,7474.0,0.31,clear
WTH_00008182,2025-12-07,22,3.7,0.0,5.6,8892.0,0.55,clear
WTH_00008183,2025-12-07,23,3.8,0.0,10.6,9311.0,0.38,clear
WTH_00008184,2025-12-08,0,2.1,3.75,25.1,3295.0,0.59,rain
WTH_00008185,2025-12-08,1,3.4,2.2,16.5,3390.0,0.6,rain
WTH_00008186,2025-12-08,2,8.2,13.3,18.0,3497.0,0.82,storm
WTH_00008187,2025-12-08,3,6.8,7.94,24.9,3704.0,1.0,rain
WTH_00008188,2025-12-08,4,5.3,1.65,19.6,1714.0,0.65,rain
WTH_00008189,2025-12-08,5,6.3,2.89,22.1,2779.0,0.76,rain
WTH_00008190,2025-12-08,6,7.5,0.47,53.5,3507.0,0.7,rain
WTH_00008191,2025-12-08,7,3.8,0.43,20.7,3609.0,0.7,rain
WTH_00008192,2025-12-08,8,2.2,3.74,18.4,2100.0,0.5,rain
WTH_00008193,2025-12-08,9,0.9,3.77,36.1,1988.0,0.66,snow
WTH_00008194,2025-12-08,10,-0.3,6.54,33.5,756.0,0.79,snow
WTH_00008195,2025-12-08,11,-0.4,4.5,25.8,1935.0,0.47,snow
WTH_00008196,2025-12-08,12,-1.8,8.76,20.6,1469.0,1.0,snow
WTH_00008197,2025-12-08,13,-0.7,1.72,28.9,1638.0,1.0,snow
WTH_00008198,2025-12-08,14,-2.8,8.45,27.6,1249.0,0.52,snow
WTH_00008199,2025-12-08,15,-0.9,5.19,22.5,594.0,1.0,snow
WTH_00008200,2025-12-08,16,-2.7,1.95,23.3,1611.0,0.5,snow
WTH_00008201,2025-12-08,17,-2.9,0.55,40.8,916.0,0.46,snow
WTH_00008202,2025-12-08,18,-5.1,3.59,32.4,1577.0,0.59,snow
WTH_00008203,2025-12-08,19,0.5,8.3,21.6,854.0,0.6,snow
WTH_00008204,2025-12-08,20,3.8,3.41,39.2,3147.0,0.65,rain
WTH_00008205,2025-12-08,21,0.3,2.91,32.6,1134.0,1.0,snow
WTH_00008206,2025-12-08,22,0.7,3.24,41.8,587.0,0.68,snow
WTH_00008207,2025-12-08,23,1.9,3.89,34.5,999.0,0.52,rain
WTH_00008208,2025-12-09,0,2.1,0.0,8.7,6868.0,0.3,clear
WTH_00008209,2025-12-09,1,2.5,0.0,15.7,6069.0,0.38,clear
WTH_00008210,2025-12-09,2,6.8,0.0,6.7,6939.0,0.16,clear
WTH_00008211,2025-12-09,3,6.7,0.0,17.0,7808.0,0.55,clear
WTH_00008212,2025-12-09,4,5.5,0.0,16.4,7611.0,0.44,clear
WTH_00008213,2025-12-09,5,6.8,0.0,4.0,6922.0,0.05,clear
WTH_00008214,2025-12-09,6,6.6,0.0,15.8,10872.0,0.22,clear
WTH_00008215,2025-12-09,7,5.2,0.0,3.1,10461.0,0.1,clear
WTH_00008216,2025-12-09,8,2.2,0.0,5.2,8865.0,0.28,clear
WTH_00008217,2025-12-09,9,0.8,0.0,0.5,6996.0,0.21,clear
WTH_00008218,2025-12-09,10,-1.4,0.0,12.0,10418.0,0.22,clear
WTH_00008219,2025-12-09,11,1.1,0.0,9.4,8079.0,0.38,clear
WTH_00008220,2025-12-09,12,-2.4,0.0,20.1,6182.0,0.49,clear
WTH_00008221,2025-12-09,13,-1.4,0.0,9.7,8887.0,0.55,clear
WTH_00008222,2025-12-09,14,0.3,0.0,21.1,9469.0,0.51,clear
WTH_00008223,2025-12-09,15,-1.1,0.0,12.8,11499.0,0.07,clear
WTH_00008224,2025-12-09,16,-3.3,0.0,7.6,7109.0,0.23,clear
WTH_00008225,2025-12-09,17,-3.6,0.0,3.7,7965.0,0.69,cloudy
WTH_00008226,2025-12-09,18,2.7,0.0,11.5,10061.0,0.25,clear
WTH_00008227,2025-12-09,19,3.1,0.0,15.4,9995.0,0.46,clear
WTH_00008228,2025-12-09,20,-0.4,0.0,11.8,9317.0,0.65,cloudy
WTH_00008229,2025-12-09,21,1.5,0.0,1.3,11219.0,0.23,clear
WTH_00008230,2025-12-09,22,3.0,0.0,16.6,10435.0,0.44,clear
WTH_00008231,2025-12-09,23,3.4,0.0,11.6,11057.0,0.46,clear
WTH_00008232,2025-12-10,0,5.5,0.0,3.8,10322.0,0.25,clear
WTH_00008233,2025-12-10,1,3.4,0.0,6.8,11459.0,0.61,cloudy
WTH_00008234,2025-12-10,2,4.3,0.0,18.1,10342.0,0.11,clear
WTH_00008235,2025-12-10,3,6.7,0.0,11.4,7683.0,0.3,clear
WTH_00008236,2025-12-10,4,6.6,0.0,20.4,9133.0,0.16,clear
WTH_00008237,2025-12-10,5,3.8,0.0,5.2,6475.0,0.26,clear
WTH_00008238,2025-12-10,6,2.7,0.0,18.4,11707.0,0.37,clear
WTH_00008239,2025-12-10,7,6.7,0.0,5.4,11695.0,0.32,clear
WTH_00008240,2025-12-10,8,5.8,0.0,11.6,8763.0,0.02,clear
WTH_00008241,2025-12-10,9,6.2,0.0,21.9,9256.0,0.24,clear
WTH_00008242,2025-12-10,10,1.9,0.0,16.6,8420.0,0.21,clear
WTH_00008243,2025-12-10,11,-3.8,0.0,1.6,11296.0,0.36,clear
WTH_00008244,2025-12-10,12,-3.4,0.0,1.8,9175.0,0.46,clear
WTH_00008245,2025-12-10,13,-0.2,0.0,7.8,10499.0,0.07,clear
WTH_00008246,2025-12-10,14,-6.0,0.0,12.8,7027.0,0.59,clear
WTH_00008247,2025-12-10,15,-4.4,0.0,21.6,10246.0,0.43,clear
WTH_00008248,2025-12-10,16,-5.1,3.0,6.8,946.0,0.59,snow
WTH_00008249,2025-12-10,17,-1.5,0.0,11.6,7411.0,0.3,clear
WTH_00008250,2025-12-10,18,1.6,0.0,18.4,6242.0,0.18,clear
WTH_00008251,2025-12-10,19,-1.6,6.95,30.4,623.0,0.76,snow
WTH_00008252,2025-12-10,20,3.5,0.0,9.1,6185.0,0.27,clear
WTH_00008253,2025-12-10,21,0.5,0.0,8.3,1032.0,0.19,fog
WTH_00008254,2025-12-10,22,4.1,0.0,16.0,11154.0,0.05,clear
WTH_00008255,2025-12-10,23,5.3,0.0,22.1,8965.0,0.25,clear
WTH_00008256,2025-12-11,0,4.8,0.0,5.5,6564.0,0.56,clear
WTH_00008257,2025-12-11,1,6.8,0.0,2.3,8391.0,0.38,clear
WTH_00008258,2025-12-11,2,7.1,0.0,6.0,6993.0,0.28,clear
WTH_00008259,2025-12-11,3,7.1,0.0,18.3,11775.0,0.44,clear
WTH_00008260,2025-12-11,4,2.2,0.0,5.3,11245.0,0.58,clear
WTH_00008261,2025-12-11,5,4.1,0.0,1.7,8208.0,0.59,clear
WTH_00008262,2025-12-11,6,3.7,0.0,0.8,11507.0,0.18,clear
WTH_00008263,2025-12-11,7,2.4,0.0,7.2,7513.0,0.17,clear
WTH_00008264,2025-12-11,8,5.3,0.0,9.3,9982.0,0.34,clear
WTH_00008265,2025-12-11,9,2.2,0.0,7.5,7031.0,0.65,cloudy
WTH_00008266,2025-12-11,10,-0.1,0.0,4.0,11060.0,0.44,clear
WTH_00008267,2025-12-11,11,-3.8,0.0,7.3,7752.0,0.12,clear
WTH_00008268,2025-12-11,12,5.6,0.0,12.7,11185.0,0.1,clear
WTH_00008269,2025-12-11,13,-1.8,0.0,16.3,11372.0,0.14,clear
WTH_00008270,2025-12-11,14,-2.7,0.0,11.1,11772.0,0.53,clear
WTH_00008271,2025-12-11,15,-5.2,0.0,11.0,10676.0,0.49,clear
WTH_00008272,2025-12-11,16,-2.6,0.0,3.5,9169.0,0.15,clear
WTH_00008273,2025-12-11,17,-1.7,0.0,19.5,8301.0,0.34,clear
WTH_00008274,2025-12-11,18,-4.2,0.0,3.4,9318.0,0.2,clear
WTH_00008275,2025-12-11,19,-0.1,0.0,40.6,10434.0,0.06,clear
WTH_00008276,2025-12-11,20,1.7,0.0,1.9,10091.0,0.32,clear
WTH_00008277,2025-12-11,21,0.9,0.0,16.8,7241.0,0.53,clear
WTH_00008278,2025-12-11,22,0.3,0.0,7.2,7380.0,0.37,clear
WTH_00008279,2025-12-11,23,2.0,0.0,9.3,9999.0,0.3,clear
WTH_00008280,2025-12-12,0,6.3,0.0,11.1,6780.0,0.27,clear
WTH_00008281,2025-12-12,1,5.9,15.9,6.2,3239.0,0.75,rain
WTH_00008282,2025-12-12,2,10.0,0.0,5.7,6168.0,0.09,clear
WTH_00008283,2025-12-12,3,8.8,0.0,14.4,11488.0,0.22,clear
WTH_00008284,2025-12-12,4,6.4,0.0,8.5,6796.0,0.34,clear
WTH_00008285,2025-12-12,5,2.4,0.0,5.5,9163.0,0.32,clear
WTH_00008286,2025-12-12,6,5.0,0.0,35.7,10300.0,0.77,cloudy
WTH_00008287,2025-12-12,7,3.0,0.0,11.9,10508.0,0.65,cloudy
WTH_00008288,2025-12-12,8,-2.2,0.0,1.1,7280.0,0.19,clear
WTH_00008289,2025-12-12,9,3.0,0.0,12.4,9189.0,0.62,cloudy
WTH_00008290,2025-12-12,10,-0.5,0.0,12.8,7027.0,0.66,cloudy
WTH_00008291,2025-12-12,11,-0.2,0.0,4.5,6759.0,0.15,clear
WTH_00008292,2025-12-12,12,-1.1,0.0,9.0,11832.0,0.27,clear
WTH_00008293,2025-12-12,13,-1.6,0.0,25.2,9598.0,0.68,cloudy
WTH_00008294,2025-12-12,14,2.1,0.0,7.9,8902.0,0.33,clear
WTH_00008295,2025-12-12,15,-3.3,0.0,7.2,7855.0,0.57,clear
WTH_00008296,2025-12-12,16,-3.0,0.0,4.2,9412.0,0.06,clear
WTH_00008297,2025-12-12,17,-1.4,5.87,18.6,1856.0,0.65,snow
WTH_00008298,2025-12-12,18,-0.1,0.0,18.1,8973.0,0.59,clear
WTH_00008299,2025-12-12,19,-2.2,0.0,8.7,8209.0,0.05,clear
WTH_00008300,2025-12-12,20,-3.6,0.0,9.9,11690.0,0.44,clear
WTH_00008301,2025-12-12,21,-0.4,0.0,11.8,11397.0,0.2,clear
WTH_00008302,2025-12-12,22,-1.2,0.0,20.6,10324.0,0.4,clear
WTH_00008303,2025-12-12,23,6.3,0.0,8.2,9328.0,0.18,clear
WTH_00008304,2025-12-13,0,6.5,0.0,7.8,10442.0,0.2,clear
WTH_00008305,2025-12-13,1,7.8,0.0,16.2,7397.0,0.5,clear
WTH_00008306,2025-12-13,2,6.9,0.0,3.5,9853.0,0.07,clear
WTH_00008307,2025-12-13,3,8.3,0.0,14.1,6609.0,0.19,clear
WTH_00008308,2025-12-13,4,4.6,0.0,3.2,11720.0,0.22,clear
WTH_00008309,2025-12-13,5,2.6,0.0,14.5,10346.0,0.43,clear
WTH_00008310,2025-12-13,6,5.9,0.0,5.0,11482.0,0.37,clear
WTH_00008311,2025-12-13,7,1.8,0.0,22.7,8786.0,0.35,clear
WTH_00008312,2025-12-13,8,2.6,0.0,4.4,8735.0,0.06,clear
WTH_00008313,2025-12-13,9,0.3,0.0,8.8,9091.0,0.16,clear
WTH_00008314,2025-12-13,10,-1.3,0.0,5.9,9422.0,0.09,clear
WTH_00008315,2025-12-13,11,0.6,0.0,3.3,8231.0,0.32,clear
WTH_00008316,2025-12-13,12,-0.5,0.0,2.0,9703.0,0.09,clear
WTH_00008317,2025-12-13,13,0.7,0.0,19.7,11990.0,0.31,clear
WTH_00008318,2025-12-13,14,-0.2,0.0,9.2,8082.0,0.42,clear
WTH_00008319,2025-12-13,15,-5.3,0.0,5.6,726.0,0.41,fog
WTH_00008320,2025-12-13,16,-3.3,0.0,28.2,10375.0,0.48,clear
WTH_00008321,2025-12-13,17,0.9,0.0,16.9,10169.0,0.21,clear
WTH_00008322,2025-12-13,18,-1.9,0.0,5.4,10191.0,0.1,clear
WTH_00008323,2025-12-13,19,-2.9,0.0,7.7,9297.0,0.13,clear
WTH_00008324,2025-12-13,20,2.0,0.0,6.8,8196.0,0.37,clear
WTH_00008325,2025-12-13,21,1.0,0.0,19.1,6798.0,0.21,clear
WTH_00008326,2025-12-13,22,3.8,0.0,25.2,7825.0,0.21,clear
WTH_00008327,2025-12-13,23,9.7,0.0,14.7,6598.0,0.21,clear
WTH_00008328,2025-12-14,0,7.3,0.0,9.6,11427.0,0.44,clear
WTH_00008329,2025-12-14,1,6.9,0.0,10.6,11711.0,0.7,cloudy
WTH_00008330,2025-12-14,2,4.0,0.0,5.2,7331.0,0.47,clear
WTH_00008331,2025-12-14,3,8.4,0.0,10.0,8812.0,0.22,clear
WTH_00008332,2025-12-14,4,5.7,0.0,13.0,10749.0,0.36,clear
WTH_00008333,2025-12-14,5,6.7,0.0,10.0,9062.0,0.29,clear
WTH_00008334,2025-12-14,6,8.4,0.0,10.9,9393.0,0.41,clear
WTH_00008335,2025-12-14,7,3.5,0.0,15.5,9341.0,0.46,clear
WTH_00008336,2025-12-14,8,0.1,0.0,5.9,8751.0,0.53,clear
WTH_00008337,2025-12-14,9,1.9,0.0,14.8,11579.0,0.47,clear
WTH_00008338,2025-12-14,10,-1.7,0.0,23.7,8913.0,0.53,clear
WTH_00008339,2025-12-14,11,0.5,0.0,9.0,10657.0,0.62,cloudy
WTH_00008340,2025-12-14,12,0.4,0.0,23.9,6544.0,0.22,clear
WTH_00008341,2025-12-14,13,-3.7,0.0,14.2,1039.0,0.35,fog
WTH_00008342,2025-12-14,14,-4.4,0.0,3.4,8037.0,0.6,clear
WTH_00008343,2025-12-14,15,-1.8,0.0,6.9,756.0,0.26,fog
WTH_00008344,2025-12-14,16,-1.4,0.0,10.8,10952.0,0.27,clear
WTH_00008345,2025-12-14,17,-3.2,0.0,11.9,7319.0,0.49,clear
WTH_00008346,2025-12-14,18,-0.6,0.0,2.3,8143.0,0.28,clear
WTH_00008347,2025-12-14,19,3.2,0.0,5.9,8159.0,0.23,clear
WTH_00008348,2025-12-14,20,1.4,0.0,10.2,8535.0,0.28,clear
WTH_00008349,2025-12-14,21,0.2,3.39,12.1,1823.0,0.84,snow
WTH_00008350,2025-12-14,22,3.3,0.0,3.6,8097.0,0.16,clear
WTH_00008351,2025-12-14,23,3.8,0.0,3.9,11917.0,0.52,clear
WTH_00008352,2025-12-15,0,1.9,0.0,31.0,9494.0,0.3,clear
WTH_00008353,2025-12-15,1,3.4,0.0,1.4,9671.0,0.33,clear
WTH_00008354,2025-12-15,2,4.8,2.58,14.3,1215.0,0.5,rain
WTH_00008355,2025-12-15,3,4.5,0.0,10.0,9101.0,0.36,clear
WTH_00008356,2025-12-15,4,3.9,0.0,15.9,11780.0,0.06,clear
WTH_00008357,2025-12-15,5,1.4,0.0,13.5,851.0,0.41,fog
WTH_00008358,2025-12-15,6,4.9,0.0,30.8,10689.0,0.6,clear
WTH_00008359,2025-12-15,7,1.2,0.0,0.1,7346.0,0.34,clear
WTH_00008360,2025-12-15,8,7.0,0.0,39.1,11708.0,0.5,clear
WTH_00008361,2025-12-15,9,0.3,0.0,4.4,8754.0,0.41,clear
WTH_00008362,2025-12-15,10,2.8,0.0,22.3,9235.0,0.48,clear
WTH_00008363,2025-12-15,11,0.2,0.0,18.3,161.0,0.32,fog
WTH_00008364,2025-12-15,12,-1.3,0.0,8.0,8566.0,0.69,cloudy
WTH_00008365,2025-12-15,13,0.2,0.0,8.9,10901.0,0.31,clear
WTH_00008366,2025-12-15,14,-5.7,0.0,10.2,11130.0,0.3,clear
WTH_00008367,2025-12-15,15,-0.8,0.0,4.8,11454.0,0.25,clear
WTH_00008368,2025-12-15,16,-4.6,0.0,12.4,8987.0,0.47,clear
WTH_00008369,2025-12-15,17,0.2,0.0,9.4,7053.0,0.23,clear
WTH_00008370,2025-12-15,18,-2.1,0.0,21.7,9131.0,0.72,cloudy
WTH_00008371,2025-12-15,19,-4.1,0.0,6.6,10889.0,0.58,clear
WTH_00008372,2025-12-15,20,1.9,0.0,54.1,9240.0,0.55,clear
WTH_00008373,2025-12-15,21,1.4,0.0,9.0,6288.0,0.64,cloudy
WTH_00008374,2025-12-15,22,1.7,0.0,55.1,9534.0,0.28,clear
WTH_00008375,2025-12-15,23,3.0,0.0,19.5,6676.0,0.56,clear
WTH_00008376,2025-12-16,0,3.8,0.0,9.5,9748.0,0.39,clear
WTH_00008377,2025-12-16,1,8.2,0.0,7.7,11447.0,0.03,clear
WTH_00008378,2025-12-16,2,7.2,0.0,11.3,7622.0,0.17,clear
WTH_00008379,2025-12-16,3,5.1,0.0,22.1,7616.0,0.55,clear
WTH_00008380,2025-12-16,4,4.6,0.0,7.4,10107.0,0.56,clear
WTH_00008381,2025-12-16,5,4.5,4.39,17.6,2014.0,0.57,rain
WTH_00008382,2025-12-16,6,5.4,0.0,9.6,10507.0,0.36,clear
WTH_00008383,2025-12-16,7,-2.4,0.0,21.4,11141.0,0.17,clear
WTH_00008384,2025-12-16,8,2.7,0.0,22.2,8143.0,0.19,clear
WTH_00008385,2025-12-16,9,-0.9,0.0,22.7,10987.0,0.31,clear
WTH_00008386,2025-12-16,10,1.3,0.0,5.2,7771.0,0.22,clear
WTH_00008387,2025-12-16,11,-2.0,0.0,28.7,9580.0,0.36,clear
WTH_00008388,2025-12-16,12,-4.1,0.0,28.8,8737.0,0.41,clear
WTH_00008389,2025-12-16,13,-4.4,0.0,13.0,7138.0,0.29,clear
WTH_00008390,2025-12-16,14,-1.0,0.0,27.7,10922.0,0.51,clear
WTH_00008391,2025-12-16,15,-0.5,0.0,3.3,11344.0,0.39,clear
WTH_00008392,2025-12-16,16,0.7,0.0,8.8,7876.0,0.18,clear
WTH_00008393,2025-12-16,17,-2.9,0.0,16.3,8018.0,0.41,clear
WTH_00008394,2025-12-16,18,1.2,0.0,5.4,10472.0,0.52,clear
WTH_00008395,2025-12-16,19,0.9,3.18,13.1,522.0,0.52,snow
WTH_00008396,2025-12-16,20,-0.5,0.0,4.8,10105.0,0.29,clear
WTH_00008397,2025-12-16,21,-1.5,0.0,5.1,7716.0,0.18,clear
WTH_00008398,2025-12-16,22,2.8,0.0,0.9,8164.0,0.36,clear
WTH_00008399,2025-12-16,23,4.9,0.0,5.1,7638.0,0.38,clear
WTH_00008400,2025-12-17,0,4.6,0.0,6.8,6977.0,0.58,clear
WTH_00008401,2025-12-17,1,7.7,0.0,10.1,7386.0,0.26,clear
WTH_00008402,2025-12-17,2,7.5,0.0,8.3,803.0,0.32,fog
WTH_00008403,2025-12-17,3,1.9,0.0,3.9,9969.0,0.23,clear
WTH_00008404,2025-12-17,4,7.3,0.0,20.3,8111.0,0.49,clear
WTH_00008405,2025-12-17,5,2.9,0.0,7.6,7842.0,0.18,clear
WTH_00008406,2025-12-17,6,3.2,0.0,22.6,8644.0,0.66,cloudy
WTH_00008407,2025-12-17,7,6.2,0.0,17.0,8104.0,0.45,clear
WTH_00008408,2025-12-17,8,6.1,0.0,3.1,8343.0,0.44,clear
WTH_00008409,2025-12-17,9,0.5,0.0,6.2,8775.0,0.14,clear
WTH_00008410,2025-12-17,10,-1.6,0.0,12.1,6619.0,0.36,clear
WTH_00008411,2025-12-17,11,-2.2,0.0,6.9,8574.0,0.39,clear
WTH_00008412,2025-12-17,12,-0.1,0.0,4.2,10918.0,0.44,clear
WTH_00008413,2025-12-17,13,0.5,0.0,9.5,11486.0,0.32,clear
WTH_00008414,2025-12-17,14,0.2,0.0,10.7,9547.0,0.33,clear
WTH_00008415,2025-12-17,15,2.7,0.0,10.8,9983.0,0.38,clear
WTH_00008416,2025-12-17,16,-3.3,0.0,17.0,11720.0,0.49,clear
WTH_00008417,2025-12-17,17,-0.5,0.0,8.9,6950.0,0.75,cloudy
WTH_00008418,2025-12-17,18,-3.7,0.0,6.3,6548.0,0.41,clear
WTH_00008419,2025-12-17,19,2.2,2.89,20.6,2794.0,0.63,rain
WTH_00008420,2025-12-17,20,1.7,0.0,8.3,10259.0,0.46,clear
WTH_00008421,2025-12-17,21,4.1,0.0,25.9,9754.0,0.51,clear
WTH_00008422,2025-12-17,22,3.4,0.0,16.1,7357.0,0.27,clear
WTH_00008423,2025-12-17,23,3.9,0.0,58.5,7839.0,0.38,clear
WTH_00008424,2025-12-18,0,5.0,0.0,2.0,6522.0,0.26,clear
WTH_00008425,2025-12-18,1,7.7,0.0,4.7,10308.0,0.58,clear
WTH_00008426,2025-12-18,2,6.0,0.0,11.1,6782.0,0.45,clear
WTH_00008427,2025-12-18,3,7.9,0.0,10.7,10670.0,0.26,clear
WTH_00008428,2025-12-18,4,4.2,0.0,9.0,11341.0,0.43,clear
WTH_00008429,2025-12-18,5,4.0,0.0,5.5,10364.0,0.35,clear
WTH_00008430,2025-12-18,6,4.2,0.0,9.6,9673.0,0.36,clear
WTH_00008431,2025-12-18,7,-0.4,0.0,10.1,9185.0,0.13,clear
WTH_00008432,2025-12-18,8,3.1,0.0,13.5,8121.0,0.3,clear
WTH_00008433,2025-12-18,9,4.4,0.0,6.5,8968.0,0.04,clear
WTH_00008434,2025-12-18,10,-1.7,0.0,5.1,10811.0,0.08,clear
WTH_00008435,2025-12-18,11,-0.7,0.0,10.4,8392.0,0.62,cloudy
WTH_00008436,2025-12-18,12,-1.4,0.0,23.1,11206.0,0.11,clear
WTH_00008437,2025-12-18,13,-1.0,0.0,25.4,8888.0,0.5,clear
WTH_00008438,2025-12-18,14,0.7,0.0,0.6,7184.0,0.21,clear
WTH_00008439,2025-12-18,15,-4.8,5.83,26.0,850.0,0.89,snow
WTH_00008440,2025-12-18,16,-3.3,0.0,18.5,9405.0,0.21,clear
WTH_00008441,2025-12-18,17,-0.5,0.0,2.7,8924.0,0.52,clear
WTH_00008442,2025-12-18,18,0.6,0.0,6.6,10510.0,0.48,clear
WTH_00008443,2025-12-18,19,3.3,0.0,8.7,10320.0,0.48,clear
WTH_00008444,2025-12-18,20,0.7,0.0,39.4,8275.0,0.06,clear
WTH_00008445,2025-12-18,21,-2.4,0.0,35.2,11799.0,0.11,clear
WTH_00008446,2025-12-18,22,5.5,0.0,14.3,8416.0,0.19,clear
WTH_00008447,2025-12-18,23,2.7,0.0,19.5,7781.0,0.18,clear
WTH_00008448,2025-12-19,0,6.6,0.0,13.8,10440.0,0.34,clear
WTH_00008449,2025-12-19,1,8.4,0.0,25.5,6306.0,0.25,clear
WTH_00008450,2025-12-19,2,6.2,0.0,10.9,8089.0,0.66,cloudy
WTH_00008451,2025-12-19,3,3.2,0.0,13.8,11169.0,0.75,cloudy
WTH_00008452,2025-12-19,4,3.7,0.0,22.3,8984.0,0.58,clear
WTH_00008453,2025-12-19,5,9.7,4.34,4.4,1344.0,0.58,rain
WTH_00008454,2025-12-19,6,7.5,0.0,5.8,10610.0,0.33,clear
WTH_00008455,2025-12-19,7,4.2,0.0,2.7,10499.0,0.27,clear
WTH_00008456,2025-12-19,8,-1.2,0.0,14.4,9509.0,0.38,clear
WTH_00008457,2025-12-19,9,1.7,0.0,14.0,11846.0,0.31,clear
WTH_00008458,2025-12-19,10,3.5,0.0,3.9,11279.0,0.08,clear
WTH_00008459,2025-12-19,11,-0.0,0.0,24.4,9854.0,0.19,clear
WTH_00008460,2025-12-19,12,-1.6,0.0,13.9,8812.0,0.46,clear
WTH_00008461,2025-12-19,13,-4.4,0.0,12.4,6320.0,0.2,clear
WTH_00008462,2025-12-19,14,-2.5,0.0,12.2,6468.0,0.45,clear
WTH_00008463,2025-12-19,15,-1.1,0.0,8.8,10679.0,0.09,clear
WTH_00008464,2025-12-19,16,-3.3,0.0,6.2,8451.0,0.13,clear
WTH_00008465,2025-12-19,17,-4.1,0.0,24.4,10749.0,0.38,clear
WTH_00008466,2025-12-19,18,0.7,0.0,11.2,9945.0,0.36,clear
WTH_00008467,2025-12-19,19,2.9,0.0,21.9,7440.0,0.29,clear
WTH_00008468,2025-12-19,20,0.2,0.0,3.8,10786.0,0.48,clear
WTH_00008469,2025-12-19,21,3.2,0.0,18.4,7528.0,0.14,clear
WTH_00008470,2025-12-19,22,4.3,0.0,6.6,10000.0,0.39,clear
WTH_00008471,2025-12-19,23,3.7,0.0,13.3,6403.0,0.43,clear
WTH_00008472,2025-12-20,0,3.2,8.47,20.5,1800.0,0.87,storm
WTH_00008473,2025-12-20,1,4.5,7.92,20.0,3598.0,0.89,rain
WTH_00008474,2025-12-20,2,4.8,7.92,22.1,3590.0,0.58,rain
WTH_00008475,2025-12-20,3,5.2,1.42,18.9,2902.0,0.74,rain
WTH_00008476,2025-12-20,4,6.7,3.66,26.0,3410.0,0.8,rain
WTH_00008477,2025-12-20,5,5.5,8.02,27.2,1695.0,1.0,storm
WTH_00008478,2025-12-20,6,5.4,4.83,18.5,2260.0,0.57,rain
WTH_00008479,2025-12-20,7,7.0,5.1,20.2,2627.0,1.0,rain
WTH_00008480,2025-12-20,8,4.2,4.52,25.2,1699.0,0.56,rain
WTH_00008481,2025-12-20,9,1.9,5.02,31.1,3793.0,0.96,rain
WTH_00008482,2025-12-20,10,0.7,2.31,20.9,1862.0,0.56,snow
WTH_00008483,2025-12-20,11,1.7,14.18,26.3,3842.0,0.66,storm
WTH_00008484,2025-12-20,12,1.0,3.12,23.6,1207.0,0.64,snow
WTH_00008485,2025-12-20,13,-2.1,3.3,28.3,1713.0,0.82,snow
WTH_00008486,2025-12-20,14,-2.4,8.06,21.1,1853.0,0.72,snow
WTH_00008487,2025-12-20,15,-3.4,0.44,20.2,2891.0,0.47,snow
WTH_00008488,2025-12-20,16,1.2,6.17,19.6,2719.0,0.73,snow
WTH_00008489,2025-12-20,17,-2.0,7.41,28.6,1622.0,0.83,snow
WTH_00008490,2025-12-20,18,-2.9,9.91,44.7,1792.0,0.71,snow
WTH_00008491,2025-12-20,19,1.9,3.47,30.5,2415.0,0.65,rain
WTH_00008492,2025-12-20,20,4.5,2.03,23.6,1667.0,0.76,rain
WTH_00008493,2025-12-20,21,2.9,4.29,37.5,3145.0,0.44,rain
WTH_00008494,2025-12-20,22,2.7,2.52,34.5,2323.0,0.71,rain
WTH_00008495,2025-12-20,23,5.2,6.06,17.4,2112.0,0.75,rain
WTH_00008496,2025-12-21,0,3.9,0.0,6.0,6536.0,0.12,clear
WTH_00008497,2025-12-21,1,3.9,0.0,13.0,6935.0,0.27,clear
WTH_00008498,2025-12-21,2,6.7,0.0,9.7,9772.0,0.37,clear
WTH_00008499,2025-12-21,3,3.8,0.0,24.6,9283.0,0.33,clear
WTH_00008500,2025-12-21,4,6.7,0.0,9.7,6728.0,0.54,clear
WTH_00008501,2025-12-21,5,6.5,0.0,0.3,10196.0,0.32,clear
WTH_00008502,2025-12-21,6,7.3,0.0,11.2,846.0,0.36,fog
WTH_00008503,2025-12-21,7,4.0,0.0,4.7,7934.0,0.53,clear
WTH_00008504,2025-12-21,8,2.0,0.0,3.4,10861.0,0.28,clear
WTH_00008505,2025-12-21,9,-1.0,0.0,4.3,10623.0,0.26,clear
WTH_00008506,2025-12-21,10,1.4,0.0,9.3,11479.0,0.07,clear
WTH_00008507,2025-12-21,11,-5.9,0.0,15.2,7928.0,0.08,clear
WTH_00008508,2025-12-21,12,0.3,0.0,6.4,10102.0,0.47,clear
WTH_00008509,2025-12-21,13,-3.8,0.0,2.0,6755.0,0.49,clear
WTH_00008510,2025-12-21,14,-1.3,0.0,12.9,6535.0,0.29,clear
WTH_00008511,2025-12-21,15,-2.3,0.0,16.8,11765.0,0.38,clear
WTH_00008512,2025-12-21,16,-3.8,0.0,14.1,8935.0,0.9,cloudy
WTH_00008513,2025-12-21,17,-1.8,0.0,22.7,11691.0,0.14,clear
WTH_00008514,2025-12-21,18,0.3,0.0,12.6,11801.0,0.27,clear
WTH_00008515,2025-12-21,19,-1.4,0.0,5.5,8732.0,0.25,clear
WTH_00008516,2025-12-21,20,0.4,0.0,6.7,10881.0,0.71,cloudy
WTH_00008517,2025-12-21,21,3.6,0.0,13.0,11213.0,0.6,clear
WTH_00008518,2025-12-21,22,2.4,0.0,4.8,10466.0,0.57,clear
WTH_00008519,2025-12-21,23,5.1,0.0,26.3,11182.0,0.31,clear
WTH_00008520,2025-12-22,0,4.7,0.0,24.1,8478.0,0.29,clear
WTH_00008521,2025-12-22,1,7.4,0.0,9.9,10849.0,0.37,clear
WTH_00008522,2025-12-22,2,3.5,0.0,24.6,7143.0,0.21,clear
WTH_00008523,2025-12-22,3,3.5,0.0,16.3,6547.0,0.5,clear
WTH_00008524,2025-12-22,4,6.7,0.0,11.0,7297.0,0.44,clear
WTH_00008525,2025-12-22,5,7.2,6.33,8.6,3710.0,0.69,rain
WTH_00008526,2025-12-22,6,4.0,0.0,12.4,7987.0,0.13,clear
WTH_00008527,2025-12-22,7,5.0,0.0,17.3,10296.0,0.11,clear
WTH_00008528,2025-12-22,8,0.4,0.0,7.6,10127.0,0.38,clear
WTH_00008529,2025-12-22,9,3.3,0.0,4.8,11688.0,0.15,clear
WTH_00008530,2025-12-22,10,1.9,0.0,10.0,11988.0,0.28,clear
WTH_00008531,2025-12-22,11,-1.8,0.0,8.4,6700.0,0.22,clear
WTH_00008532,2025-12-22,12,0.5,12.28,13.9,1246.0,1.0,snow
WTH_00008533,2025-12-22,13,-2.7,0.0,9.3,6661.0,0.29,clear
WTH_00008534,2025-12-22,14,-4.7,0.0,10.8,9369.0,0.06,clear
WTH_00008535,2025-12-22,15,-0.3,0.0,9.9,7048.0,0.28,clear
WTH_00008536,2025-12-22,16,-1.5,0.0,9.9,7655.0,0.2,clear
WTH_00008537,2025-12-22,17,-1.0,0.0,0.4,10623.0,0.23,clear
WTH_00008538,2025-12-22,18,0.1,0.0,30.4,6766.0,0.06,clear
WTH_00008539,2025-12-22,19,0.9,0.0,1.1,7822.0,0.68,cloudy
WTH_00008540,2025-12-22,20,-3.2,0.0,10.9,10162.0,0.38,clear
WTH_00008541,2025-12-22,21,4.1,0.0,23.5,11623.0,0.42,clear
WTH_00008542,2025-12-22,22,1.1,0.0,17.6,7803.0,0.48,clear
WTH_00008543,2025-12-22,23,1.2,0.0,19.1,11050.0,0.65,cloudy
WTH_00008544,2025-12-23,0,4.4,0.0,12.9,6843.0,0.32,clear
WTH_00008545,2025-12-23,1,3.7,0.0,10.9,8284.0,0.27,clear
WTH_00008546,2025-12-23,2,4.2,0.0,13.8,6909.0,0.45,clear
WTH_00008547,2025-12-23,3,9.5,0.0,2.7,9636.0,0.57,clear
WTH_00008548,2025-12-23,4,5.8,0.0,31.8,8624.0,0.61,cloudy
WTH_00008549,2025-12-23,5,4.1,0.0,20.6,9006.0,0.42,clear
WTH_00008550,2025-12-23,6,6.3,0.0,3.1,8669.0,0.6,cloudy
WTH_00008551,2025-12-23,7,5.0,0.0,3.6,10648.0,0.47,clear
WTH_00008552,2025-12-23,8,3.6,0.0,10.9,10743.0,0.24,clear
WTH_00008553,2025-12-23,9,3.3,0.0,11.1,9399.0,0.35,clear
WTH_00008554,2025-12-23,10,-2.9,0.0,5.2,8925.0,0.57,clear
WTH_00008555,2025-12-23,11,2.1,1.33,3.8,1593.0,0.65,rain
WTH_00008556,2025-12-23,12,1.7,14.21,19.5,3044.0,0.53,rain
WTH_00008557,2025-12-23,13,-3.6,0.0,7.1,8178.0,0.15,clear
WTH_00008558,2025-12-23,14,-1.7,0.0,17.5,11987.0,0.49,clear
WTH_00008559,2025-12-23,15,-2.6,0.0,17.7,9986.0,0.1,clear
WTH_00008560,2025-12-23,16,-3.1,0.0,9.3,6077.0,0.06,clear
WTH_00008561,2025-12-23,17,-0.1,0.0,13.8,10056.0,0.41,clear
WTH_00008562,2025-12-23,18,-0.2,0.0,15.4,10870.0,0.4,clear
WTH_00008563,2025-12-23,19,-1.0,0.0,9.1,6317.0,0.39,clear
WTH_00008564,2025-12-23,20,1.8,0.0,8.4,10764.0,0.42,clear
WTH_00008565,2025-12-23,21,2.5,0.0,22.1,6193.0,0.38,clear
WTH_00008566,2025-12-23,22,5.4,0.0,16.8,10358.0,0.09,clear
WTH_00008567,2025-12-23,23,2.6,0.0,5.8,8847.0,0.52,clear
WTH_00008568,2025-12-24,0,7.7,1.89,23.3,1114.0,0.58,rain
WTH_00008569,2025-12-24,1,2.8,1.47,33.4,2658.0,0.63,rain
WTH_00008570,2025-12-24,2,4.7,6.62,23.6,943.0,0.6,rain
WTH_00008571,2025-12-24,3,4.2,8.35,46.9,3450.0,0.69,storm
WTH_00008572,2025-12-24,4,6.0,3.17,24.3,3529.0,0.62,rain
WTH_00008573,2025-12-24,5,2.9,8.8,32.6,3270.0,0.94,storm
WTH_00008574,2025-12-24,6,4.7,7.58,30.7,2277.0,0.59,rain
WTH_00008575,2025-12-24,7,3.1,3.1,19.8,3154.0,0.68,rain
WTH_00008576,2025-12-24,8,2.8,7.42,22.9,848.0,0.58,rain
WTH_00008577,2025-12-24,9,1.5,11.16,30.2,1412.0,0.63,snow
WTH_00008578,2025-12-24,10,2.9,3.82,28.4,1728.0,0.53,rain
WTH_00008579,2025-12-24,11,-2.8,8.8,26.3,691.0,0.89,snow
WTH_00008580,2025-12-24,12,-3.4,4.39,16.0,1157.0,0.59,snow
WTH_00008581,2025-12-24,13,0.4,4.98,20.4,2389.0,0.61,snow
WTH_00008582,2025-12-24,14,-1.9,11.49,25.7,1743.0,0.52,snow
WTH_00008583,2025-12-24,15,-3.3,1.52,27.0,2698.0,0.75,snow
WTH_00008584,2025-12-24,16,-2.7,10.56,18.3,2419.0,0.57,snow
WTH_00008585,2025-12-24,17,-5.0,6.21,18.6,2840.0,0.55,snow
WTH_00008586,2025-12-24,18,1.9,1.78,18.2,2880.0,0.89,rain
WTH_00008587,2025-12-24,19,0.5,2.8,21.8,2106.0,0.79,snow
WTH_00008588,2025-12-24,20,2.0,10.95,23.0,3326.0,0.45,storm
WTH_00008589,2025-12-24,21,-0.3,5.62,18.6,707.0,1.0,snow
WTH_00008590,2025-12-24,22,3.0,13.54,47.4,3841.0,0.47,storm
WTH_00008591,2025-12-24,23,4.3,11.55,19.1,3420.0,0.51,storm
WTH_00008592,2025-12-25,0,4.7,0.0,3.5,7156.0,0.21,clear
WTH_00008593,2025-12-25,1,5.0,0.0,15.8,6815.0,0.21,clear
WTH_00008594,2025-12-25,2,7.0,0.0,35.6,10660.0,0.08,clear
WTH_00008595,2025-12-25,3,6.2,0.0,12.0,8384.0,0.52,clear
WTH_00008596,2025-12-25,4,5.1,0.0,8.4,8248.0,0.26,clear
WTH_00008597,2025-12-25,5,4.9,0.0,12.7,11375.0,0.36,clear
WTH_00008598,2025-12-25,6,3.6,0.0,3.4,11521.0,0.59,clear
WTH_00008599,2025-12-25,7,5.8,0.0,11.4,6180.0,0.2,clear
WTH_00008600,2025-12-25,8,4.4,0.0,17.0,10844.0,0.54,clear
WTH_00008601,2025-12-25,9,1.2,0.0,6.0,6325.0,0.07,clear
WTH_00008602,2025-12-25,10,4.2,0.0,12.3,6027.0,0.3,clear
WTH_00008603,2025-12-25,11,1.4,0.0,10.4,11524.0,0.37,clear
WTH_00008604,2025-12-25,12,-1.5,0.0,34.8,8540.0,0.61,cloudy
WTH_00008605,2025-12-25,13,1.7,0.0,13.1,9299.0,0.05,clear
WTH_00008606,2025-12-25,14,-3.1,0.0,14.1,11107.0,0.5,clear
WTH_00008607,2025-12-25,15,-0.2,0.0,16.7,11357.0,0.22,clear
WTH_00008608,2025-12-25,16,-3.9,0.0,26.2,11992.0,0.24,clear
WTH_00008609,2025-12-25,17,-1.7,0.0,5.7,11034.0,0.26,clear
WTH_00008610,2025-12-25,18,-1.4,0.0,15.5,10328.0,0.19,clear
WTH_00008611,2025-12-25,19,-2.6,0.0,4.7,7502.0,0.24,clear
WTH_00008612,2025-12-25,20,0.1,0.0,6.4,9943.0,0.46,clear
WTH_00008613,2025-12-25,21,1.2,0.0,23.2,11163.0,0.42,clear
WTH_00008614,2025-12-25,22,0.4,0.0,4.1,11162.0,0.31,clear
WTH_00008615,2025-12-25,23,5.6,0.0,15.3,10509.0,0.25,clear
WTH_00008616,2025-12-26,0,2.1,0.0,7.4,10241.0,0.22,clear
WTH_00008617,2025-12-26,1,7.0,0.0,11.5,9785.0,0.31,clear
WTH_00008618,2025-12-26,2,7.4,0.0,9.3,9133.0,0.31,clear
WTH_00008619,2025-12-26,3,8.3,0.0,3.2,9172.0,0.24,clear
WTH_00008620,2025-12-26,4,3.7,0.0,14.7,10626.0,0.39,clear
WTH_00008621,2025-12-26,5,2.5,0.0,22.1,9959.0,0.43,clear
WTH_00008622,2025-12-26,6,3.9,0.0,3.8,8657.0,0.35,clear
WTH_00008623,2025-12-26,7,6.6,0.0,6.6,11613.0,0.35,clear
WTH_00008624,2025-12-26,8,1.7,0.0,6.5,7229.0,0.18,clear
WTH_00008625,2025-12-26,9,3.0,0.0,31.1,11137.0,0.37,clear
WTH_00008626,2025-12-26,10,2.6,0.0,3.7,6517.0,0.22,clear
WTH_00008627,2025-12-26,11,-0.4,0.0,26.1,10926.0,0.24,clear
WTH_00008628,2025-12-26,12,-4.2,0.0,4.1,10849.0,0.65,cloudy
WTH_00008629,2025-12-26,13,-0.7,0.0,4.7,8854.0,0.35,clear
WTH_00008630,2025-12-26,14,-2.0,0.0,7.1,10306.0,0.26,clear
WTH_00008631,2025-12-26,15,-3.8,0.0,13.7,8467.0,0.31,clear
WTH_00008632,2025-12-26,16,0.3,0.0,8.3,10810.0,0.37,clear
WTH_00008633,2025-12-26,17,-1.2,0.0,5.0,11061.0,0.19,clear
WTH_00008634,2025-12-26,18,-0.5,0.0,9.2,7097.0,0.51,clear
WTH_00008635,2025-12-26,19,-0.9,0.0,8.6,7006.0,0.71,cloudy
WTH_00008636,2025-12-26,20,0.1,0.0,30.4,7221.0,0.51,clear
WTH_00008637,2025-12-26,21,2.0,0.0,2.5,8673.0,0.21,clear
WTH_00008638,2025-12-26,22,6.7,0.0,4.1,9734.0,0.43,clear
WTH_00008639,2025-12-26,23,6.2,0.0,9.9,6468.0,0.29,clear
WTH_00008640,2025-12-27,0,5.5,10.24,21.2,2879.0,0.53,storm
WTH_00008641,2025-12-27,1,2.9,4.66,18.4,3220.0,0.84,rain
WTH_00008642,2025-12-27,2,5.1,5.32,50.7,2845.0,0.75,rain
WTH_00008643,2025-12-27,3,5.7,4.27,23.2,955.0,0.64,rain
WTH_00008644,2025-12-27,4,6.1,10.97,27.0,1529.0,0.62,storm
WTH_00008645,2025-12-27,5,4.8,8.07,27.9,1885.0,0.73,storm
WTH_00008646,2025-12-27,6,7.8,5.71,19.3,1886.0,0.68,rain
WTH_00008647,2025-12-27,7,7.5,3.23,22.3,3968.0,1.0,rain
WTH_00008648,2025-12-27,8,3.8,9.94,30.2,3944.0,0.63,storm
WTH_00008649,2025-12-27,9,2.6,9.15,21.8,2836.0,0.7,storm
WTH_00008650,2025-12-27,10,-2.5,14.99,34.6,1005.0,0.68,snow
WTH_00008651,2025-12-27,11,0.8,3.06,35.9,1836.0,0.71,snow
WTH_00008652,2025-12-27,12,-1.1,13.73,25.6,557.0,1.0,snow
WTH_00008653,2025-12-27,13,-1.2,1.41,30.2,2414.0,0.84,snow
WTH_00008654,2025-12-27,14,0.3,9.6,29.0,2559.0,0.83,snow
WTH_00008655,2025-12-27,15,-0.6,19.11,33.6,2405.0,1.0,snow
WTH_00008656,2025-12-27,16,-0.5,2.21,25.2,782.0,1.0,snow
WTH_00008657,2025-12-27,17,-2.0,12.78,22.3,1646.0,0.52,snow
WTH_00008658,2025-12-27,18,-1.4,1.64,20.6,1035.0,0.59,snow
WTH_00008659,2025-12-27,19,-3.5,4.07,26.3,1165.0,0.54,snow
WTH_00008660,2025-12-27,20,-3.4,1.81,35.8,2366.0,0.67,snow
WTH_00008661,2025-12-27,21,1.9,6.33,33.2,3933.0,0.66,rain
WTH_00008662,2025-12-27,22,3.9,4.47,19.1,3144.0,0.56,rain
WTH_00008663,2025-12-27,23,2.8,7.11,20.9,2060.0,0.57,rain
WTH_00008664,2025-12-28,0,3.1,0.0,51.4,11144.0,0.3,clear
WTH_00008665,2025-12-28,1,3.8,0.0,12.8,7654.0,0.32,clear
WTH_00008666,2025-12-28,2,6.9,0.0,23.3,6787.0,0.14,clear
WTH_00008667,2025-12-28,3,5.5,0.0,4.9,7730.0,0.37,clear
WTH_00008668,2025-12-28,4,4.4,0.0,21.6,9926.0,0.25,clear
WTH_00008669,2025-12-28,5,5.6,0.0,13.8,7874.0,0.33,clear
WTH_00008670,2025-12-28,6,4.1,0.0,4.4,8575.0,0.34,clear
WTH_00008671,2025-12-28,7,1.6,0.0,8.5,8936.0,0.49,clear
WTH_00008672,2025-12-28,8,2.8,0.0,3.5,8236.0,0.52,clear
WTH_00008673,2025-12-28,9,0.7,0.0,9.3,8903.0,0.11,clear
WTH_00008674,2025-12-28,10,-0.9,9.11,12.9,670.0,0.61,snow
WTH_00008675,2025-12-28,11,0.4,3.0,8.3,2275.0,0.59,snow
WTH_00008676,2025-12-28,12,0.6,0.0,24.7,6852.0,0.51,clear
WTH_00008677,2025-12-28,13,2.5,0.0,3.3,11774.0,0.36,clear
WTH_00008678,2025-12-28,14,-1.9,0.0,5.6,11469.0,0.21,clear
WTH_00008679,2025-12-28,15,0.8,0.0,6.7,9428.0,0.71,cloudy
WTH_00008680,2025-12-28,16,-1.5,0.0,2.9,11148.0,0.46,clear
WTH_00008681,2025-12-28,17,-1.7,0.0,7.6,8226.0,0.21,clear
WTH_00008682,2025-12-28,18,-1.0,0.0,15.2,9652.0,0.11,clear
WTH_00008683,2025-12-28,19,-1.3,0.0,7.4,6119.0,0.6,clear
WTH_00008684,2025-12-28,20,-0.6,0.0,5.0,8706.0,0.03,clear
WTH_00008685,2025-12-28,21,3.3,0.0,11.6,9081.0,0.2,clear
WTH_00008686,2025-12-28,22,3.9,0.0,4.8,10331.0,0.3,clear
WTH_00008687,2025-12-28,23,4.0,4.38,9.9,965.0,0.68,rain
WTH_00008688,2025-12-29,0,5.7,0.0,5.2,6467.0,0.23,clear
WTH_00008689,2025-12-29,1,5.4,0.0,19.6,6608.0,0.56,clear
WTH_00008690,2025-12-29,2,5.9,0.0,5.4,7233.0,0.16,clear
WTH_00008691,2025-12-29,3,4.9,0.0,33.2,7605.0,0.01,clear
WTH_00008692,2025-12-29,4,8.6,0.0,14.7,11684.0,0.24,clear
WTH_00008693,2025-12-29,5,4.1,0.0,1.9,8185.0,0.05,clear
WTH_00008694,2025-12-29,6,4.0,0.0,8.4,792.0,0.15,fog
WTH_00008695,2025-12-29,7,3.9,0.0,12.6,11135.0,0.34,clear
WTH_00008696,2025-12-29,8,3.3,0.0,20.7,7401.0,0.21,clear
WTH_00008697,2025-12-29,9,1.6,0.0,13.7,11823.0,0.06,clear
WTH_00008698,2025-12-29,10,0.9,0.0,6.7,11884.0,0.1,clear
WTH_00008699,2025-12-29,11,-2.0,0.0,13.7,7036.0,0.33,clear
WTH_00008700,2025-12-29,12,-0.4,0.0,2.7,9306.0,0.18,clear
WTH_00008701,2025-12-29,13,-4.1,0.0,4.5,9094.0,0.46,clear
WTH_00008702,2025-12-29,14,-6.4,0.0,16.8,8869.0,0.52,clear
WTH_00008703,2025-12-29,15,-4.5,0.0,14.5,6715.0,0.17,clear
WTH_00008704,2025-12-29,16,-6.7,0.0,6.1,11524.0,0.35,clear
WTH_00008705,2025-12-29,17,-0.8,0.0,6.3,6709.0,0.44,clear
WTH_00008706,2025-12-29,18,1.5,0.0,7.5,6842.0,0.42,clear
WTH_00008707,2025-12-29,19,1.6,0.0,11.4,10299.0,0.14,clear
WTH_00008708,2025-12-29,20,0.5,0.0,8.6,11011.0,0.4,clear
WTH_00008709,2025-12-29,21,-2.5,0.0,4.9,7827.0,0.3,clear
WTH_00008710,2025-12-29,22,3.5,0.0,8.2,10186.0,0.41,clear
WTH_00008711,2025-12-29,23,1.7,0.0,10.8,6035.0,0.2,clear
WTH_00008712,2025-12-30,0,2.0,0.0,13.7,11026.0,0.36,clear
WTH_00008713,2025-12-30,1,3.5,0.0,25.5,7775.0,0.21,clear
WTH_00008714,2025-12-30,2,5.2,3.54,8.1,3668.0,0.67,rain
WTH_00008715,2025-12-30,3,4.8,0.0,0.4,6507.0,0.31,clear
WTH_00008716,2025-12-30,4,5.5,0.0,4.0,6541.0,0.22,clear
WTH_00008717,2025-12-30,5,4.3,0.0,21.6,7979.0,0.61,cloudy
WTH_00008718,2025-12-30,6,5.5,0.0,6.5,8737.0,0.5,clear
WTH_00008719,2025-12-30,7,4.4,0.0,34.2,7481.0,0.65,cloudy
WTH_00008720,2025-12-30,8,4.1,0.0,11.9,10212.0,0.51,clear
WTH_00008721,2025-12-30,9,2.0,0.0,3.0,7515.0,0.34,clear
WTH_00008722,2025-12-30,10,2.6,0.0,9.0,10899.0,0.42,clear
WTH_00008723,2025-12-30,11,0.3,0.0,14.7,6841.0,0.54,clear
WTH_00008724,2025-12-30,12,-1.8,0.0,20.6,10024.0,0.21,clear
WTH_00008725,2025-12-30,13,-0.8,0.0,8.7,9976.0,0.58,clear
WTH_00008726,2025-12-30,14,-2.9,0.0,41.3,10650.0,0.52,clear
WTH_00008727,2025-12-30,15,-3.8,0.0,8.9,7401.0,0.42,clear
WTH_00008728,2025-12-30,16,-5.2,0.0,2.9,8213.0,0.73,cloudy
WTH_00008729,2025-12-30,17,-3.1,0.0,2.8,9009.0,0.22,clear
WTH_00008730,2025-12-30,18,0.8,0.0,3.4,11581.0,0.51,clear
WTH_00008731,2025-12-30,19,-1.3,0.0,2.1,11861.0,0.19,clear
WTH_00008732,2025-12-30,20,2.5,0.0,5.6,541.0,0.45,fog
WTH_00008733,2025-12-30,21,0.7,0.0,12.5,10996.0,0.23,clear
WTH_00008734,2025-12-30,22,1.4,0.43,11.0,1219.0,0.48,snow
WTH_00008735,2025-12-30,23,6.4,0.0,38.3,9320.0,0.57,clear
WTH_00008736,2025-12-31,0,5.7,0.0,7.1,11690.0,0.16,clear
WTH_00008737,2025-12-31,1,6.3,0.0,31.0,8124.0,0.28,clear
WTH_00008738,2025-12-31,2,6.9,0.0,10.6,8277.0,0.64,cloudy
WTH_00008739,2025-12-31,3,8.4,0.0,7.4,8193.0,0.25,clear
WTH_00008740,2025-12-31,4,8.4,0.0,19.1,10994.0,0.16,clear
WTH_00008741,2025-12-31,5,3.2,0.0,4.4,11909.0,0.14,clear
WTH_00008742,2025-12-31,6,5.8,0.0,5.7,8535.0,0.04,clear
WTH_00008743,2025-12-31,7,4.7,0.0,8.4,11943.0,0.65,cloudy
WTH_00008744,2025-12-31,8,-1.1,0.0,3.8,388.0,0.3,fog
WTH_00008745,2025-12-31,9,5.4,0.0,14.2,7464.0,0.24,clear
WTH_00008746,2025-12-31,10,3.1,0.0,15.7,8006.0,0.04,clear
WTH_00008747,2025-12-31,11,0.4,0.0,3.3,9672.0,0.45,clear
WTH_00008748,2025-12-31,12,-1.2,0.0,5.5,7764.0,0.2,clear
WTH_00008749,2025-12-31,13,1.3,0.0,5.0,8012.0,0.26,clear
WTH_00008750,2025-12-31,14,0.7,0.0,2.3,8997.0,0.3,clear
WTH_00008751,2025-12-31,15,-2.6,0.0,10.2,6952.0,0.12,clear
WTH_00008752,2025-12-31,16,-2.9,0.0,8.1,9536.0,0.21,clear
WTH_00008753,2025-12-31,17,0.3,0.0,2.5,11056.0,0.15,clear
WTH_00008754,2025-12-31,18,-0.7,0.0,14.8,9745.0,0.11,clear
WTH_00008755,2025-12-31,19,1.0,0.0,3.0,11661.0,0.63,cloudy
WTH_00008756,2025-12-31,20,1.3,0.0,10.2,6334.0,0.2,clear
WTH_00008757,2025-12-31,21,-0.1,0.0,6.5,11800.0,0.21,clear
WTH_00008758,2025-12-31,22,0.9,0.0,4.3,11799.0,0.36,clear
WTH_00008759,2025-12-31,23,3.7,0.0,6.0,8697.0,0.57,clear
WTH_00008760,2026-01-01,0,1.8,0.0,12.4,7471.0,0.42,clear
WTH_00008761,2026-01-01,1,3.2,0.0,35.7,7814.0,0.37,clear
WTH_00008762,2026-01-01,2,8.5,0.0,14.5,10216.0,0.31,clear
WTH_00008763,2026-01-01,3,6.5,6.85,19.5,1824.0,1.0,rain
WTH_00008764,2026-01-01,4,5.5,0.0,10.9,6304.0,0.25,clear
WTH_00008765,2026-01-01,5,3.6,0.0,5.8,6789.0,0.45,clear
WTH_00008766,2026-01-01,6,5.2,0.0,4.4,7047.0,0.3,clear
WTH_00008767,2026-01-01,7,1.6,0.0,23.5,8355.0,0.62,cloudy
WTH_00008768,2026-01-01,8,1.9,0.0,28.0,9444.0,0.6,cloudy
WTH_00008769,2026-01-01,9,3.8,0.0,5.5,9757.0,0.04,clear
WTH_00008770,2026-01-01,10,4.4,0.0,4.4,8119.0,0.4,clear
WTH_00008771,2026-01-01,11,0.7,0.0,23.0,11570.0,0.32,clear
WTH_00008772,2026-01-01,12,1.4,0.0,14.5,10205.0,0.1,clear
WTH_00008773,2026-01-01,13,0.2,0.0,8.0,8382.0,0.31,clear
WTH_00008774,2026-01-01,14,-2.8,0.0,4.8,10643.0,0.49,clear
WTH_00008775,2026-01-01,15,-3.7,0.0,7.3,9385.0,0.64,cloudy
WTH_00008776,2026-01-01,16,-0.2,0.0,16.8,9405.0,0.18,clear
WTH_00008777,2026-01-01,17,-1.0,0.0,27.1,10609.0,0.49,clear
WTH_00008778,2026-01-01,18,-1.4,0.0,30.1,10477.0,0.24,clear
WTH_00008779,2026-01-01,19,-0.2,0.0,10.9,6103.0,0.6,cloudy
WTH_00008780,2026-01-01,20,0.2,0.0,24.7,7358.0,0.65,cloudy
WTH_00008781,2026-01-01,21,-3.1,0.0,16.4,9706.0,0.35,clear
WTH_00008782,2026-01-01,22,4.3,0.0,2.8,11624.0,0.35,clear
WTH_00008783,2026-01-01,23,1.4,0.0,7.0,10650.0,0.31,clear
WTH_00008784,2026-01-02,0,2.4,0.0,11.6,8373.0,0.19,clear
WTH_00008785,2026-01-02,1,6.1,0.0,14.8,7842.0,0.3,clear
WTH_00008786,2026-01-02,2,8.9,0.0,10.7,7490.0,0.24,clear
WTH_00008787,2026-01-02,3,7.5,0.0,21.3,6004.0,0.25,clear
WTH_00008788,2026-01-02,4,7.3,0.0,5.9,11556.0,0.11,clear
WTH_00008789,2026-01-02,5,6.4,0.0,17.9,6232.0,0.29,clear
WTH_00008790,2026-01-02,6,1.9,0.0,5.1,6183.0,0.82,cloudy
WTH_00008791,2026-01-02,7,3.9,0.0,5.6,6102.0,0.2,clear
WTH_00008792,2026-01-02,8,7.5,0.0,3.7,11346.0,0.12,clear
WTH_00008793,2026-01-02,9,-0.9,0.0,14.2,11565.0,0.3,clear
WTH_00008794,2026-01-02,10,0.4,0.0,3.0,10516.0,0.35,clear
WTH_00008795,2026-01-02,11,2.6,0.0,7.5,11958.0,0.41,clear
WTH_00008796,2026-01-02,12,-0.3,0.0,6.4,9336.0,0.45,clear
WTH_00008797,2026-01-02,13,-0.3,6.55,7.9,2609.0,0.59,snow
WTH_00008798,2026-01-02,14,-5.7,0.0,12.4,6520.0,0.22,clear
WTH_00008799,2026-01-02,15,-3.2,0.0,34.4,8501.0,0.18,clear
WTH_00008800,2026-01-02,16,-2.9,0.0,3.5,8804.0,0.68,cloudy
WTH_00008801,2026-01-02,17,-3.2,0.0,5.8,10143.0,0.55,clear
WTH_00008802,2026-01-02,18,-0.3,0.0,10.9,6252.0,0.27,clear
WTH_00008803,2026-01-02,19,-2.4,0.0,12.7,8981.0,0.57,clear
WTH_00008804,2026-01-02,20,4.6,0.0,8.2,7567.0,0.46,clear
WTH_00008805,2026-01-02,21,0.4,0.0,6.0,10353.0,0.47,clear
WTH_00008806,2026-01-02,22,6.5,0.0,4.7,7384.0,0.51,clear
WTH_00008807,2026-01-02,23,4.3,0.0,9.1,7903.0,0.16,clear
WTH_00008808,2026-01-03,0,1.3,0.0,3.7,6262.0,0.33,clear
WTH_00008809,2026-01-03,1,4.1,10.4,1.5,2658.0,0.99,rain
WTH_00008810,2026-01-03,2,2.4,0.0,14.9,11103.0,0.3,clear
WTH_00008811,2026-01-03,3,3.2,0.0,8.6,7850.0,0.26,clear
WTH_00008812,2026-01-03,4,5.3,0.0,2.1,7667.0,0.39,clear
WTH_00008813,2026-01-03,5,7.7,0.0,10.3,7710.0,0.39,clear
WTH_00008814,2026-01-03,6,7.4,0.0,3.7,10443.0,0.15,clear
WTH_00008815,2026-01-03,7,2.9,0.0,16.5,8621.0,0.53,clear
WTH_00008816,2026-01-03,8,1.8,0.0,4.8,10702.0,0.1,clear
WTH_00008817,2026-01-03,9,3.1,0.0,24.1,9917.0,0.07,clear
WTH_00008818,2026-01-03,10,-1.7,0.0,5.6,9602.0,0.11,clear
WTH_00008819,2026-01-03,11,-2.1,0.0,17.6,8866.0,0.24,clear
WTH_00008820,2026-01-03,12,-0.5,0.0,4.8,11566.0,0.24,clear
WTH_00008821,2026-01-03,13,-3.0,0.0,17.9,6022.0,0.08,clear
WTH_00008822,2026-01-03,14,-0.5,0.0,15.8,9312.0,0.1,clear
WTH_00008823,2026-01-03,15,-4.3,0.0,9.4,8081.0,0.24,clear
WTH_00008824,2026-01-03,16,-7.2,0.0,10.0,8234.0,0.45,clear
WTH_00008825,2026-01-03,17,-3.9,0.0,10.5,8197.0,0.08,clear
WTH_00008826,2026-01-03,18,-1.7,0.0,6.4,7516.0,0.12,clear
WTH_00008827,2026-01-03,19,-0.7,0.0,12.8,6040.0,0.12,clear
WTH_00008828,2026-01-03,20,3.9,0.0,3.3,9886.0,0.13,clear
WTH_00008829,2026-01-03,21,2.3,0.0,21.7,9560.0,0.45,clear
WTH_00008830,2026-01-03,22,0.7,0.0,8.6,8661.0,0.16,clear
WTH_00008831,2026-01-03,23,3.1,0.0,1.9,11251.0,0.55,clear
WTH_00008832,2026-01-04,0,3.7,0.0,12.1,8940.0,0.33,clear
WTH_00008833,2026-01-04,1,5.6,0.0,12.0,9056.0,0.36,clear
WTH_00008834,2026-01-04,2,9.2,0.0,2.3,6465.0,0.11,clear
WTH_00008835,2026-01-04,3,4.4,0.0,20.3,9891.0,0.29,clear
WTH_00008836,2026-01-04,4,6.0,2.97,11.6,2048.0,0.75,rain
WTH_00008837,2026-01-04,5,3.5,0.0,5.4,9999.0,0.18,clear
WTH_00008838,2026-01-04,6,7.3,0.0,0.9,8500.0,0.28,clear
WTH_00008839,2026-01-04,7,2.3,0.0,27.9,8302.0,0.62,cloudy
WTH_00008840,2026-01-04,8,3.9,0.0,6.1,6810.0,0.27,clear
WTH_00008841,2026-01-04,9,1.2,0.0,7.9,8998.0,0.42,clear
WTH_00008842,2026-01-04,10,1.0,0.0,11.2,9374.0,0.14,clear
WTH_00008843,2026-01-04,11,0.5,0.0,15.2,9979.0,0.47,clear
WTH_00008844,2026-01-04,12,-3.0,0.0,4.5,8596.0,0.24,clear
WTH_00008845,2026-01-04,13,-0.6,0.0,13.5,10755.0,0.34,clear
WTH_00008846,2026-01-04,14,-1.4,0.0,21.6,9991.0,0.39,clear
WTH_00008847,2026-01-04,15,-1.5,0.0,22.9,11163.0,0.05,clear
WTH_00008848,2026-01-04,16,-2.7,0.0,12.6,11281.0,0.44,clear
WTH_00008849,2026-01-04,17,-1.3,0.0,8.0,7342.0,0.22,clear
WTH_00008850,2026-01-04,18,-0.1,0.0,7.6,8273.0,0.75,cloudy
WTH_00008851,2026-01-04,19,-2.9,0.0,9.4,10072.0,0.21,clear
WTH_00008852,2026-01-04,20,1.8,0.0,11.0,6069.0,0.55,clear
WTH_00008853,2026-01-04,21,1.5,0.0,17.5,7257.0,0.45,clear
WTH_00008854,2026-01-04,22,1.0,0.0,21.5,10881.0,0.17,clear
WTH_00008855,2026-01-04,23,1.8,0.0,17.3,9672.0,0.44,clear
WTH_00008856,2026-01-05,0,2.8,5.94,5.2,3156.0,0.41,rain
WTH_00008857,2026-01-05,1,6.5,0.0,8.3,6363.0,0.57,clear
WTH_00008858,2026-01-05,2,6.1,0.0,20.9,10427.0,0.44,clear
WTH_00008859,2026-01-05,3,7.7,0.0,23.7,7683.0,0.21,clear
WTH_00008860,2026-01-05,4,6.3,0.0,19.6,10155.0,0.58,clear
WTH_00008861,2026-01-05,5,2.3,0.0,17.6,6308.0,0.03,clear
WTH_00008862,2026-01-05,6,6.7,0.0,3.1,10144.0,0.13,clear
WTH_00008863,2026-01-05,7,6.6,0.0,19.1,7933.0,0.35,clear
WTH_00008864,2026-01-05,8,3.3,0.0,3.0,6894.0,0.1,clear
WTH_00008865,2026-01-05,9,-0.4,0.0,28.4,8314.0,0.36,clear
WTH_00008866,2026-01-05,10,0.8,0.0,27.0,9304.0,0.13,clear
WTH_00008867,2026-01-05,11,-0.4,0.0,18.2,11601.0,0.53,clear
WTH_00008868,2026-01-05,12,-0.5,0.0,15.4,6208.0,0.41,clear
WTH_00008869,2026-01-05,13,-0.6,0.0,3.5,10293.0,0.46,clear
WTH_00008870,2026-01-05,14,-4.1,0.0,9.9,9897.0,0.27,clear
WTH_00008871,2026-01-05,15,-3.1,0.0,11.6,9333.0,0.1,clear
WTH_00008872,2026-01-05,16,-2.8,0.0,11.8,10157.0,0.2,clear
WTH_00008873,2026-01-05,17,-1.8,0.0,11.2,11639.0,0.1,clear
WTH_00008874,2026-01-05,18,-0.3,0.0,3.4,10333.0,0.28,clear
WTH_00008875,2026-01-05,19,1.4,0.0,6.2,6477.0,0.11,clear
WTH_00008876,2026-01-05,20,-3.6,0.0,12.3,7836.0,0.14,clear
WTH_00008877,2026-01-05,21,2.5,0.0,3.9,7592.0,0.3,clear
WTH_00008878,2026-01-05,22,1.9,0.0,14.8,11168.0,0.63,cloudy
WTH_00008879,2026-01-05,23,2.0,0.0,6.7,6516.0,0.5,clear
WTH_00008880,2026-01-06,0,2.6,0.0,5.1,11129.0,0.21,clear
WTH_00008881,2026-01-06,1,4.2,0.0,6.6,11608.0,0.07,clear
WTH_00008882,2026-01-06,2,8.8,0.0,1.3,6341.0,0.47,clear
WTH_00008883,2026-01-06,3,8.6,0.0,25.6,6151.0,0.02,clear
WTH_00008884,2026-01-06,4,5.1,0.0,22.4,7841.0,0.58,clear
WTH_00008885,2026-01-06,5,5.8,0.0,4.1,11036.0,0.44,clear
WTH_00008886,2026-01-06,6,2.2,0.0,12.8,8362.0,0.15,clear
WTH_00008887,2026-01-06,7,2.5,0.0,15.7,10256.0,0.3,clear
WTH_00008888,2026-01-06,8,2.8,0.0,7.5,11909.0,0.29,clear
WTH_00008889,2026-01-06,9,6.3,0.0,6.9,10572.0,0.12,clear
WTH_00008890,2026-01-06,10,3.5,0.0,30.9,10612.0,0.22,clear
WTH_00008891,2026-01-06,11,0.6,0.0,25.3,11609.0,0.13,clear
WTH_00008892,2026-01-06,12,3.4,0.0,17.9,7244.0,0.14,clear
WTH_00008893,2026-01-06,13,-3.0,0.0,25.2,11004.0,0.42,clear
WTH_00008894,2026-01-06,14,-2.7,0.0,22.6,11902.0,0.15,clear
WTH_00008895,2026-01-06,15,-1.9,0.0,25.7,921.0,0.24,fog
WTH_00008896,2026-01-06,16,-0.8,0.0,19.5,9112.0,0.4,clear
WTH_00008897,2026-01-06,17,0.3,0.0,6.7,9036.0,0.09,clear
WTH_00008898,2026-01-06,18,-0.9,0.0,21.0,8785.0,0.23,clear
WTH_00008899,2026-01-06,19,-0.8,0.0,19.0,10034.0,0.28,clear
WTH_00008900,2026-01-06,20,-2.7,0.0,6.8,9809.0,0.25,clear
WTH_00008901,2026-01-06,21,-2.3,0.0,5.9,6148.0,0.33,clear
WTH_00008902,2026-01-06,22,1.2,0.0,3.8,7508.0,0.39,clear
WTH_00008903,2026-01-06,23,1.0,0.0,13.3,7905.0,0.05,clear
WTH_00008904,2026-01-07,0,3.1,0.0,21.2,9189.0,0.65,cloudy
WTH_00008905,2026-01-07,1,5.0,0.0,17.0,9511.0,0.1,clear
WTH_00008906,2026-01-07,2,5.0,0.0,13.8,11871.0,0.29,clear
WTH_00008907,2026-01-07,3,7.5,0.0,30.1,9088.0,0.15,clear
WTH_00008908,2026-01-07,4,3.9,0.0,12.0,9712.0,0.32,clear
WTH_00008909,2026-01-07,5,3.9,0.0,43.3,7060.0,0.24,clear
WTH_00008910,2026-01-07,6,6.8,0.0,18.0,9634.0,0.16,clear
WTH_00008911,2026-01-07,7,3.5,0.0,11.2,7128.0,0.45,clear
WTH_00008912,2026-01-07,8,4.6,0.0,4.2,10112.0,0.31,clear
WTH_00008913,2026-01-07,9,0.2,7.77,14.8,2091.0,0.47,snow
WTH_00008914,2026-01-07,10,2.8,0.0,19.8,11893.0,0.47,clear
WTH_00008915,2026-01-07,11,1.9,0.0,9.5,8254.0,0.26,clear
WTH_00008916,2026-01-07,12,-0.2,0.0,16.6,8666.0,0.46,clear
WTH_00008917,2026-01-07,13,-0.4,7.12,15.5,2713.0,0.81,snow
WTH_00008918,2026-01-07,14,-0.6,0.0,18.7,7546.0,0.24,clear
WTH_00008919,2026-01-07,15,-2.8,0.0,7.7,7566.0,0.26,clear
WTH_00008920,2026-01-07,16,-2.3,0.0,3.2,10385.0,0.11,clear
WTH_00008921,2026-01-07,17,4.0,4.73,2.3,818.0,0.82,rain
WTH_00008922,2026-01-07,18,1.8,0.0,7.6,11045.0,0.49,clear
WTH_00008923,2026-01-07,19,0.4,0.0,3.7,9038.0,0.12,clear
WTH_00008924,2026-01-07,20,-0.1,0.0,4.8,8195.0,0.15,clear
WTH_00008925,2026-01-07,21,3.6,0.0,22.3,9183.0,0.11,clear
WTH_00008926,2026-01-07,22,3.5,0.0,7.6,11169.0,0.78,cloudy
WTH_00008927,2026-01-07,23,6.3,2.87,7.3,1445.0,0.9,rain
WTH_00008928,2026-01-08,0,3.1,0.0,4.0,6855.0,0.58,clear
WTH_00008929,2026-01-08,1,3.8,0.0,12.5,11781.0,0.25,clear
WTH_00008930,2026-01-08,2,10.7,0.0,11.5,6321.0,0.31,clear
WTH_00008931,2026-01-08,3,8.2,0.0,7.2,6687.0,0.51,clear
WTH_00008932,2026-01-08,4,5.7,0.0,16.1,9509.0,0.24,clear
WTH_00008933,2026-01-08,5,6.9,0.0,15.5,7582.0,0.38,clear
WTH_00008934,2026-01-08,6,1.6,0.0,13.5,11967.0,0.32,clear
WTH_00008935,2026-01-08,7,5.2,0.0,9.2,6116.0,0.33,clear
WTH_00008936,2026-01-08,8,2.8,0.0,1.7,6490.0,0.18,clear
WTH_00008937,2026-01-08,9,1.7,0.0,6.0,10024.0,0.21,clear
WTH_00008938,2026-01-08,10,0.5,0.0,1.3,11555.0,0.23,clear
WTH_00008939,2026-01-08,11,-2.7,0.0,12.2,7646.0,0.23,clear
WTH_00008940,2026-01-08,12,0.8,0.0,13.1,9810.0,0.67,cloudy
WTH_00008941,2026-01-08,13,-3.7,0.0,22.2,9689.0,0.06,clear
WTH_00008942,2026-01-08,14,-3.3,0.0,10.4,10774.0,0.23,clear
WTH_00008943,2026-01-08,15,-2.8,0.0,19.5,6783.0,0.45,clear
WTH_00008944,2026-01-08,16,-3.0,0.0,26.6,11274.0,0.29,clear
WTH_00008945,2026-01-08,17,-5.7,0.0,7.2,10863.0,0.1,clear
WTH_00008946,2026-01-08,18,-2.5,0.0,13.1,11155.0,0.33,clear
WTH_00008947,2026-01-08,19,4.4,8.16,12.2,3752.0,0.54,rain
WTH_00008948,2026-01-08,20,-0.8,0.0,4.0,11418.0,0.68,cloudy
WTH_00008949,2026-01-08,21,-1.5,0.0,7.6,11176.0,0.11,clear
WTH_00008950,2026-01-08,22,2.9,0.0,5.2,11990.0,0.33,clear
WTH_00008951,2026-01-08,23,3.8,0.0,13.5,9302.0,0.81,cloudy
WTH_00008952,2026-01-09,0,4.1,5.83,20.8,1098.0,1.0,rain
WTH_00008953,2026-01-09,1,6.7,0.0,5.6,7574.0,0.12,clear
WTH_00008954,2026-01-09,2,4.6,0.0,2.7,9479.0,0.3,clear
WTH_00008955,2026-01-09,3,5.4,7.5,21.3,2441.0,1.0,rain
WTH_00008956,2026-01-09,4,9.2,0.0,5.0,10078.0,0.44,clear
WTH_00008957,2026-01-09,5,7.3,0.0,9.7,11298.0,0.28,clear
WTH_00008958,2026-01-09,6,2.0,0.0,16.9,7113.0,0.24,clear
WTH_00008959,2026-01-09,7,5.5,2.48,20.1,2653.0,0.64,rain
WTH_00008960,2026-01-09,8,3.6,0.0,13.0,6013.0,0.64,cloudy
WTH_00008961,2026-01-09,9,-0.1,0.0,4.4,8190.0,0.45,clear
WTH_00008962,2026-01-09,10,-0.4,0.0,21.9,6763.0,0.14,clear
WTH_00008963,2026-01-09,11,-0.8,0.0,21.5,6290.0,0.64,cloudy
WTH_00008964,2026-01-09,12,3.0,0.0,1.7,8525.0,0.55,clear
WTH_00008965,2026-01-09,13,-0.3,0.0,26.5,11604.0,0.61,cloudy
WTH_00008966,2026-01-09,14,-0.0,4.81,11.0,2794.0,0.64,snow
WTH_00008967,2026-01-09,15,-3.7,0.0,2.6,9553.0,0.28,clear
WTH_00008968,2026-01-09,16,-1.6,0.0,5.1,7797.0,0.61,cloudy
WTH_00008969,2026-01-09,17,0.4,0.0,16.6,10530.0,0.68,cloudy
WTH_00008970,2026-01-09,18,2.4,0.0,6.6,10096.0,0.33,clear
WTH_00008971,2026-01-09,19,1.0,8.04,9.6,759.0,0.67,snow
WTH_00008972,2026-01-09,20,3.5,0.0,13.6,9562.0,0.6,cloudy
WTH_00008973,2026-01-09,21,1.6,0.0,23.7,11159.0,0.2,clear
WTH_00008974,2026-01-09,22,2.6,0.0,7.2,10393.0,0.26,clear
WTH_00008975,2026-01-09,23,5.6,0.0,2.0,10003.0,0.35,clear
WTH_00008976,2026-01-10,0,6.4,0.0,36.1,7861.0,0.09,clear
WTH_00008977,2026-01-10,1,7.7,0.0,14.8,8176.0,0.06,clear
WTH_00008978,2026-01-10,2,7.5,0.0,10.1,6211.0,0.67,cloudy
WTH_00008979,2026-01-10,3,5.9,0.0,13.6,9211.0,0.29,clear
WTH_00008980,2026-01-10,4,9.6,0.0,6.0,6036.0,0.14,clear
WTH_00008981,2026-01-10,5,4.0,0.0,12.9,10383.0,0.14,clear
WTH_00008982,2026-01-10,6,4.8,0.0,7.3,9535.0,0.47,clear
WTH_00008983,2026-01-10,7,5.1,0.0,6.4,6897.0,0.46,clear
WTH_00008984,2026-01-10,8,5.2,0.0,23.5,9785.0,0.22,clear
WTH_00008985,2026-01-10,9,2.4,0.0,40.6,6759.0,0.42,clear
WTH_00008986,2026-01-10,10,6.1,0.0,24.6,6205.0,0.51,clear
WTH_00008987,2026-01-10,11,1.1,0.0,11.9,7223.0,0.29,clear
WTH_00008988,2026-01-10,12,-0.9,0.0,6.0,11742.0,0.01,clear
WTH_00008989,2026-01-10,13,-1.8,0.0,36.6,6853.0,0.69,cloudy
WTH_00008990,2026-01-10,14,-5.6,0.0,7.8,9093.0,0.67,cloudy
WTH_00008991,2026-01-10,15,-2.6,0.0,10.6,11622.0,0.04,clear
WTH_00008992,2026-01-10,16,1.5,0.0,10.7,8938.0,0.54,clear
WTH_00008993,2026-01-10,17,-0.1,0.0,15.0,8077.0,0.27,clear
WTH_00008994,2026-01-10,18,-3.2,0.0,7.3,6581.0,0.4,clear
WTH_00008995,2026-01-10,19,-3.5,0.0,4.4,10147.0,0.22,clear
WTH_00008996,2026-01-10,20,-4.0,0.0,9.3,11378.0,0.34,clear
WTH_00008997,2026-01-10,21,-0.7,0.0,4.5,7847.0,0.29,clear
WTH_00008998,2026-01-10,22,2.1,0.0,11.5,11843.0,0.6,cloudy
WTH_00008999,2026-01-10,23,1.4,0.0,17.0,6221.0,0.18,clear
WTH_00009000,2026-01-11,0,0.1,0.0,15.8,7909.0,0.16,clear
WTH_00009001,2026-01-11,1,5.8,0.0,20.3,11270.0,0.21,clear
WTH_00009002,2026-01-11,2,7.4,0.0,4.9,7019.0,0.13,clear
WTH_00009003,2026-01-11,3,7.0,0.0,1.9,9527.0,0.22,clear
WTH_00009004,2026-01-11,4,4.9,0.0,10.9,8245.0,0.78,cloudy
WTH_00009005,2026-01-11,5,5.9,0.0,11.2,11307.0,0.39,clear
WTH_00009006,2026-01-11,6,4.2,0.0,21.6,11308.0,0.5,clear
WTH_00009007,2026-01-11,7,4.9,0.0,13.6,8996.0,0.7,cloudy
WTH_00009008,2026-01-11,8,2.8,0.0,9.7,11997.0,0.26,clear
WTH_00009009,2026-01-11,9,1.9,0.0,18.8,10393.0,0.28,clear
WTH_00009010,2026-01-11,10,-2.9,0.0,4.9,6163.0,0.36,clear
WTH_00009011,2026-01-11,11,0.2,0.0,9.7,10265.0,0.34,clear
WTH_00009012,2026-01-11,12,-2.8,0.0,14.4,6798.0,0.22,clear
WTH_00009013,2026-01-11,13,-3.3,0.0,4.0,7545.0,0.56,clear
WTH_00009014,2026-01-11,14,-6.7,0.0,1.3,6644.0,0.36,clear
WTH_00009015,2026-01-11,15,-3.9,0.0,12.2,7978.0,0.65,cloudy
WTH_00009016,2026-01-11,16,0.7,0.0,24.3,10990.0,0.6,cloudy
WTH_00009017,2026-01-11,17,0.5,0.0,3.3,8722.0,0.7,cloudy
WTH_00009018,2026-01-11,18,4.3,0.0,32.0,11801.0,0.43,clear
WTH_00009019,2026-01-11,19,1.6,0.0,13.3,8635.0,0.4,clear
WTH_00009020,2026-01-11,20,-0.2,0.0,8.8,6558.0,0.1,clear
WTH_00009021,2026-01-11,21,0.4,0.0,8.8,11605.0,0.32,clear
WTH_00009022,2026-01-11,22,5.4,0.0,4.9,11603.0,0.32,clear
WTH_00009023,2026-01-11,23,0.1,0.0,17.1,9687.0,0.45,clear
WTH_00009024,2026-01-12,0,4.4,6.8,24.8,2658.0,0.71,rain
WTH_00009025,2026-01-12,1,6.4,10.2,21.1,2270.0,0.49,storm
WTH_00009026,2026-01-12,2,5.5,5.79,25.9,3927.0,0.52,rain
WTH_00009027,2026-01-12,3,4.7,3.54,27.1,3446.0,0.46,rain
WTH_00009028,2026-01-12,4,3.4,8.28,37.6,2058.0,0.66,storm
WTH_00009029,2026-01-12,5,5.7,4.15,45.5,3091.0,0.57,rain
WTH_00009030,2026-01-12,6,3.4,9.23,22.7,1721.0,0.52,storm
WTH_00009031,2026-01-12,7,6.4,9.03,17.7,3423.0,0.55,storm
WTH_00009032,2026-01-12,8,5.4,3.07,34.3,3043.0,0.9,rain
WTH_00009033,2026-01-12,9,2.3,5.83,24.7,3752.0,0.81,rain
WTH_00009034,2026-01-12,10,2.8,4.15,24.2,1385.0,0.89,rain
WTH_00009035,2026-01-12,11,-4.1,4.28,16.4,2014.0,0.73,snow
WTH_00009036,2026-01-12,12,-0.1,4.56,31.7,2765.0,0.75,snow
WTH_00009037,2026-01-12,13,-3.5,8.24,20.8,539.0,1.0,snow
WTH_00009038,2026-01-12,14,-3.5,9.82,20.4,2888.0,0.68,snow
WTH_00009039,2026-01-12,15,-5.2,8.96,22.1,1232.0,1.0,snow
WTH_00009040,2026-01-12,16,-1.3,1.96,39.3,561.0,0.97,snow
WTH_00009041,2026-01-12,17,-1.1,2.8,31.7,2882.0,0.81,snow
WTH_00009042,2026-01-12,18,-3.8,6.62,36.0,1425.0,0.91,snow
WTH_00009043,2026-01-12,19,-0.3,7.91,29.3,1543.0,0.81,snow
WTH_00009044,2026-01-12,20,1.1,2.56,34.6,2120.0,0.68,snow
WTH_00009045,2026-01-12,21,6.4,3.61,28.6,1464.0,0.96,rain
WTH_00009046,2026-01-12,22,4.3,6.74,30.5,3491.0,0.77,rain
WTH_00009047,2026-01-12,23,2.7,6.14,28.2,3100.0,0.45,rain
WTH_00009048,2026-01-13,0,1.6,0.0,21.5,6361.0,0.38,clear
WTH_00009049,2026-01-13,1,4.8,0.0,10.0,9117.0,0.04,clear
WTH_00009050,2026-01-13,2,7.1,0.0,6.5,7235.0,0.34,clear
WTH_00009051,2026-01-13,3,3.8,0.0,5.4,7717.0,0.29,clear
WTH_00009052,2026-01-13,4,7.0,0.0,9.7,986.0,0.46,fog
WTH_00009053,2026-01-13,5,4.9,0.0,6.9,7630.0,0.41,clear
WTH_00009054,2026-01-13,6,-0.5,0.0,21.9,6845.0,0.46,clear
WTH_00009055,2026-01-13,7,5.2,0.0,3.5,6205.0,0.35,clear
WTH_00009056,2026-01-13,8,-0.5,0.0,16.1,7893.0,0.17,clear
WTH_00009057,2026-01-13,9,3.5,0.0,4.5,10068.0,0.59,clear
WTH_00009058,2026-01-13,10,-1.2,0.0,20.0,8902.0,0.06,clear
WTH_00009059,2026-01-13,11,1.9,0.0,7.5,8992.0,0.46,clear
WTH_00009060,2026-01-13,12,-3.1,0.0,9.4,7057.0,0.15,clear
WTH_00009061,2026-01-13,13,-3.9,0.0,5.8,7431.0,0.37,clear
WTH_00009062,2026-01-13,14,-2.0,0.0,5.9,7500.0,0.4,clear
WTH_00009063,2026-01-13,15,-3.3,0.0,17.0,6576.0,0.58,clear
WTH_00009064,2026-01-13,16,-2.6,0.0,10.6,9381.0,0.33,clear
WTH_00009065,2026-01-13,17,2.6,0.0,8.5,8999.0,0.45,clear
WTH_00009066,2026-01-13,18,2.3,0.0,8.2,6685.0,0.14,clear
WTH_00009067,2026-01-13,19,2.1,0.0,28.7,8661.0,0.47,clear
WTH_00009068,2026-01-13,20,0.9,0.0,3.2,7425.0,0.56,clear
WTH_00009069,2026-01-13,21,-0.0,0.0,32.8,8165.0,0.66,cloudy
WTH_00009070,2026-01-13,22,2.8,0.0,12.2,9868.0,0.22,clear
WTH_00009071,2026-01-13,23,7.3,0.0,30.0,9029.0,0.14,clear
WTH_00009072,2026-01-14,0,5.8,0.0,14.8,7418.0,0.72,cloudy
WTH_00009073,2026-01-14,1,2.3,0.0,5.4,7544.0,0.76,cloudy
WTH_00009074,2026-01-14,2,7.0,0.0,15.2,10231.0,0.21,clear
WTH_00009075,2026-01-14,3,6.5,0.0,2.1,9384.0,0.27,clear
WTH_00009076,2026-01-14,4,2.6,2.62,2.5,808.0,0.6,rain
WTH_00009077,2026-01-14,5,8.6,0.0,2.8,9161.0,0.4,clear
WTH_00009078,2026-01-14,6,6.4,0.0,6.0,6017.0,0.4,clear
WTH_00009079,2026-01-14,7,3.5,0.0,8.1,9851.0,0.27,clear
WTH_00009080,2026-01-14,8,3.5,0.0,3.0,11372.0,0.35,clear
WTH_00009081,2026-01-14,9,3.7,0.0,32.7,6884.0,0.08,clear
WTH_00009082,2026-01-14,10,-3.2,0.0,15.2,8141.0,0.35,clear
WTH_00009083,2026-01-14,11,0.1,0.0,1.7,6069.0,0.41,clear
WTH_00009084,2026-01-14,12,0.9,5.31,18.9,2378.0,0.62,snow
WTH_00009085,2026-01-14,13,-2.5,0.0,5.7,9187.0,0.25,clear
WTH_00009086,2026-01-14,14,2.4,0.0,5.7,6615.0,0.54,clear
WTH_00009087,2026-01-14,15,0.5,0.0,15.9,8902.0,0.14,clear
WTH_00009088,2026-01-14,16,4.2,0.0,24.1,418.0,0.04,fog
WTH_00009089,2026-01-14,17,-2.3,0.0,20.3,6274.0,0.11,clear
WTH_00009090,2026-01-14,18,-2.4,0.0,16.8,9481.0,0.39,clear
WTH_00009091,2026-01-14,19,2.3,0.0,5.4,7922.0,0.41,clear
WTH_00009092,2026-01-14,20,-1.0,0.0,2.8,6859.0,0.33,clear
WTH_00009093,2026-01-14,21,3.4,11.86,7.2,1201.0,0.54,rain
WTH_00009094,2026-01-14,22,2.8,0.0,16.4,8934.0,0.14,clear
WTH_00009095,2026-01-14,23,3.6,0.0,8.8,6161.0,0.43,clear
WTH_00009096,2026-01-15,0,7.3,0.0,5.6,10388.0,0.63,cloudy
WTH_00009097,2026-01-15,1,3.5,0.0,13.1,6643.0,0.17,clear
WTH_00009098,2026-01-15,2,8.2,0.0,1.6,8957.0,0.5,clear
WTH_00009099,2026-01-15,3,5.1,0.0,6.2,6199.0,0.03,clear
WTH_00009100,2026-01-15,4,3.9,0.0,15.4,11207.0,0.05,clear
WTH_00009101,2026-01-15,5,6.6,0.0,12.1,803.0,0.05,fog
WTH_00009102,2026-01-15,6,7.5,0.0,29.4,6763.0,0.12,clear
WTH_00009103,2026-01-15,7,4.9,0.0,10.3,6217.0,0.46,clear
WTH_00009104,2026-01-15,8,3.7,0.0,4.8,8932.0,0.25,clear
WTH_00009105,2026-01-15,9,0.4,0.0,5.8,9020.0,0.16,clear
WTH_00009106,2026-01-15,10,4.1,0.0,17.6,10859.0,0.16,clear
WTH_00009107,2026-01-15,11,-0.4,0.0,1.8,11944.0,0.35,clear
WTH_00009108,2026-01-15,12,-1.5,0.0,7.9,10632.0,0.3,clear
WTH_00009109,2026-01-15,13,-1.9,0.0,30.6,6555.0,0.3,clear
WTH_00009110,2026-01-15,14,-0.7,0.0,7.4,7003.0,0.41,clear
WTH_00009111,2026-01-15,15,-1.7,0.0,10.1,8875.0,0.55,clear
WTH_00009112,2026-01-15,16,-2.4,8.82,7.2,1092.0,0.63,snow
WTH_00009113,2026-01-15,17,-0.7,0.0,5.1,7554.0,0.28,clear
WTH_00009114,2026-01-15,18,-2.4,0.0,27.6,7836.0,0.32,clear
WTH_00009115,2026-01-15,19,1.7,0.0,8.8,9233.0,0.37,clear
WTH_00009116,2026-01-15,20,-2.0,0.0,13.0,7214.0,0.38,clear
WTH_00009117,2026-01-15,21,1.3,0.0,16.4,7097.0,0.44,clear
WTH_00009118,2026-01-15,22,5.0,0.0,24.1,7699.0,0.43,clear
WTH_00009119,2026-01-15,23,4.0,0.0,6.6,7945.0,0.17,clear
WTH_00009120,2026-01-16,0,2.5,0.0,20.4,8966.0,0.22,clear
WTH_00009121,2026-01-16,1,5.0,0.0,4.9,11378.0,0.23,clear
WTH_00009122,2026-01-16,2,7.1,0.0,2.5,7569.0,0.16,clear
WTH_00009123,2026-01-16,3,6.8,0.0,7.1,11407.0,0.39,clear
WTH_00009124,2026-01-16,4,8.2,0.0,10.2,10687.0,0.25,clear
WTH_00009125,2026-01-16,5,8.3,0.0,3.4,10887.0,0.09,clear
WTH_00009126,2026-01-16,6,4.6,0.0,25.2,9543.0,0.63,cloudy
WTH_00009127,2026-01-16,7,2.8,0.0,12.2,6752.0,0.39,clear
WTH_00009128,2026-01-16,8,2.4,0.0,3.2,11728.0,0.26,clear
WTH_00009129,2026-01-16,9,-2.8,2.37,3.8,2603.0,0.98,snow
WTH_00009130,2026-01-16,10,3.2,0.0,3.7,9830.0,0.49,clear
WTH_00009131,2026-01-16,11,-0.9,0.0,14.6,7171.0,0.27,clear
WTH_00009132,2026-01-16,12,-1.4,0.0,28.9,11388.0,0.37,clear
WTH_00009133,2026-01-16,13,-1.3,0.0,13.1,10000.0,0.29,clear
WTH_00009134,2026-01-16,14,-1.8,0.0,2.7,11930.0,0.08,clear
WTH_00009135,2026-01-16,15,-5.4,0.0,11.1,6467.0,0.53,clear
WTH_00009136,2026-01-16,16,-3.4,0.0,22.8,6104.0,0.22,clear
WTH_00009137,2026-01-16,17,-1.4,0.0,9.3,10833.0,0.4,clear
WTH_00009138,2026-01-16,18,-3.0,0.0,19.5,6785.0,0.53,clear
WTH_00009139,2026-01-16,19,-0.1,0.0,4.8,8708.0,0.3,clear
WTH_00009140,2026-01-16,20,-1.0,0.0,19.1,6831.0,0.19,clear
WTH_00009141,2026-01-16,21,-1.4,0.0,6.8,11793.0,0.3,clear
WTH_00009142,2026-01-16,22,4.0,0.0,15.4,6313.0,0.39,clear
WTH_00009143,2026-01-16,23,2.2,0.0,12.3,6493.0,0.11,clear
WTH_00009144,2026-01-17,0,5.3,0.0,5.6,11884.0,0.23,clear
WTH_00009145,2026-01-17,1,4.7,0.0,3.4,9036.0,0.51,clear
WTH_00009146,2026-01-17,2,4.2,0.0,5.0,7234.0,0.62,cloudy
WTH_00009147,2026-01-17,3,6.6,0.0,4.0,8524.0,0.14,clear
WTH_00009148,2026-01-17,4,4.5,0.0,8.0,11434.0,0.17,clear
WTH_00009149,2026-01-17,5,4.6,0.0,4.3,11797.0,0.28,clear
WTH_00009150,2026-01-17,6,6.7,0.0,31.7,10146.0,0.41,clear
WTH_00009151,2026-01-17,7,5.1,0.0,13.8,9467.0,0.76,cloudy
WTH_00009152,2026-01-17,8,4.9,0.0,11.4,10122.0,0.11,clear
WTH_00009153,2026-01-17,9,-0.3,0.0,4.0,8949.0,0.22,clear
WTH_00009154,2026-01-17,10,0.2,0.0,7.7,10239.0,0.21,clear
WTH_00009155,2026-01-17,11,-0.4,0.0,26.9,10500.0,0.55,clear
WTH_00009156,2026-01-17,12,-3.2,0.0,12.0,10224.0,0.33,clear
WTH_00009157,2026-01-17,13,-2.4,0.0,5.6,7278.0,0.13,clear
WTH_00009158,2026-01-17,14,1.6,0.0,26.0,6577.0,0.32,clear
WTH_00009159,2026-01-17,15,-1.6,0.0,8.2,10513.0,0.43,clear
WTH_00009160,2026-01-17,16,-3.4,0.0,4.3,6307.0,0.28,clear
WTH_00009161,2026-01-17,17,1.3,0.0,2.3,7153.0,0.52,clear
WTH_00009162,2026-01-17,18,-0.0,0.0,11.4,8849.0,0.51,clear
WTH_00009163,2026-01-17,19,-3.5,0.0,8.3,8910.0,0.61,cloudy
WTH_00009164,2026-01-17,20,-2.1,0.0,22.0,11480.0,0.59,clear
WTH_00009165,2026-01-17,21,2.0,2.22,23.9,2734.0,0.79,rain
WTH_00009166,2026-01-17,22,3.8,0.0,13.8,8610.0,0.18,clear
WTH_00009167,2026-01-17,23,5.8,0.0,3.7,7120.0,0.42,clear
WTH_00009168,2026-01-18,0,7.4,0.0,13.7,6751.0,0.7,cloudy
WTH_00009169,2026-01-18,1,9.8,0.0,14.6,6922.0,0.29,clear
WTH_00009170,2026-01-18,2,4.2,0.0,21.0,9215.0,0.12,clear
WTH_00009171,2026-01-18,3,7.5,0.0,26.3,6836.0,0.7,cloudy
WTH_00009172,2026-01-18,4,6.7,0.0,2.4,11938.0,0.13,clear
WTH_00009173,2026-01-18,5,4.7,0.0,16.8,7970.0,0.18,clear
WTH_00009174,2026-01-18,6,7.6,0.0,11.4,10924.0,0.22,clear
WTH_00009175,2026-01-18,7,3.8,0.0,7.7,8512.0,0.36,clear
WTH_00009176,2026-01-18,8,0.7,0.0,3.9,8855.0,0.18,clear
WTH_00009177,2026-01-18,9,2.2,0.0,15.5,11350.0,0.3,clear
WTH_00009178,2026-01-18,10,0.7,0.0,28.0,7973.0,0.37,clear
WTH_00009179,2026-01-18,11,-2.5,0.0,2.5,9036.0,0.4,clear
WTH_00009180,2026-01-18,12,-0.1,0.0,11.6,11481.0,0.46,clear
WTH_00009181,2026-01-18,13,-3.3,0.0,12.8,7582.0,0.41,clear
WTH_00009182,2026-01-18,14,-7.1,0.0,0.7,9496.0,0.2,clear
WTH_00009183,2026-01-18,15,-2.0,0.0,5.8,7185.0,0.33,clear
WTH_00009184,2026-01-18,16,-3.6,0.0,34.7,7386.0,0.56,clear
WTH_00009185,2026-01-18,17,-0.3,0.0,8.0,7153.0,0.11,clear
WTH_00009186,2026-01-18,18,-1.3,0.0,7.9,7167.0,0.23,clear
WTH_00009187,2026-01-18,19,-3.6,0.0,3.3,10617.0,0.84,cloudy
WTH_00009188,2026-01-18,20,0.9,0.0,24.0,9139.0,0.29,clear
WTH_00009189,2026-01-18,21,0.7,0.0,4.8,8371.0,0.23,clear
WTH_00009190,2026-01-18,22,7.8,0.0,12.9,10438.0,0.09,clear
WTH_00009191,2026-01-18,23,3.4,5.52,11.5,3843.0,0.55,rain
WTH_00009192,2026-01-19,0,3.9,11.8,15.2,3271.0,1.0,storm
WTH_00009193,2026-01-19,1,5.2,8.97,27.4,3892.0,0.72,storm
WTH_00009194,2026-01-19,2,5.4,9.94,18.4,3330.0,0.83,storm
WTH_00009195,2026-01-19,3,8.0,2.53,30.6,2067.0,0.83,rain
WTH_00009196,2026-01-19,4,6.5,2.96,34.0,2972.0,0.68,rain
WTH_00009197,2026-01-19,5,5.7,7.74,33.1,3842.0,0.67,rain
WTH_00009198,2026-01-19,6,3.3,6.16,23.9,3435.0,1.0,rain
WTH_00009199,2026-01-19,7,4.2,5.55,19.9,3495.0,0.89,rain
WTH_00009200,2026-01-19,8,3.8,5.04,29.9,1346.0,0.74,rain
WTH_00009201,2026-01-19,9,1.7,1.82,20.9,2598.0,0.71,rain
WTH_00009202,2026-01-19,10,-1.2,0.31,28.0,1322.0,0.82,snow
WTH_00009203,2026-01-19,11,2.2,5.6,23.3,2254.0,0.76,rain
WTH_00009204,2026-01-19,12,-1.6,18.34,28.2,2392.0,0.73,snow
WTH_00009205,2026-01-19,13,-1.8,2.42,16.7,2549.0,0.88,snow
WTH_00009206,2026-01-19,14,2.3,5.29,23.9,3512.0,0.84,rain
WTH_00009207,2026-01-19,15,-2.5,11.36,17.4,2868.0,0.96,snow
WTH_00009208,2026-01-19,16,-1.0,2.85,19.4,1380.0,0.97,snow
WTH_00009209,2026-01-19,17,-0.4,4.58,19.5,953.0,0.65,snow
WTH_00009210,2026-01-19,18,-3.1,5.9,42.8,957.0,1.0,snow
WTH_00009211,2026-01-19,19,1.6,4.9,23.8,1717.0,0.81,rain
WTH_00009212,2026-01-19,20,-3.1,12.64,23.2,2302.0,0.86,snow
WTH_00009213,2026-01-19,21,2.4,6.4,24.6,2567.0,0.57,rain
WTH_00009214,2026-01-19,22,2.5,3.21,35.4,3341.0,0.74,rain
WTH_00009215,2026-01-19,23,3.8,1.57,36.5,1754.0,0.86,rain
WTH_00009216,2026-01-20,0,4.9,0.0,36.5,6269.0,0.08,clear
WTH_00009217,2026-01-20,1,9.8,0.0,6.4,11737.0,0.44,clear
WTH_00009218,2026-01-20,2,9.5,0.0,6.0,11066.0,0.11,clear
WTH_00009219,2026-01-20,3,2.6,0.0,10.1,6303.0,0.27,clear
WTH_00009220,2026-01-20,4,7.1,5.43,8.3,2949.0,0.71,rain
WTH_00009221,2026-01-20,5,4.4,0.0,20.0,9203.0,0.19,clear
WTH_00009222,2026-01-20,6,5.7,0.0,8.8,11338.0,0.53,clear
WTH_00009223,2026-01-20,7,8.2,0.0,11.1,8214.0,0.65,cloudy
WTH_00009224,2026-01-20,8,3.5,1.61,13.6,3374.0,0.72,rain
WTH_00009225,2026-01-20,9,3.7,3.44,4.3,3011.0,0.55,rain
WTH_00009226,2026-01-20,10,3.4,0.0,22.6,9770.0,0.16,clear
WTH_00009227,2026-01-20,11,-0.0,5.23,13.5,2658.0,0.69,snow
WTH_00009228,2026-01-20,12,-2.1,0.0,7.2,8279.0,0.4,clear
WTH_00009229,2026-01-20,13,-1.7,0.0,30.2,7134.0,0.41,clear
WTH_00009230,2026-01-20,14,-0.7,0.0,6.7,11096.0,0.29,clear
WTH_00009231,2026-01-20,15,-3.3,0.0,12.5,6354.0,0.62,cloudy
WTH_00009232,2026-01-20,16,-3.7,0.0,8.0,7104.0,0.16,clear
WTH_00009233,2026-01-20,17,-0.2,0.0,2.4,6824.0,0.19,clear
WTH_00009234,2026-01-20,18,2.9,0.0,6.2,8242.0,0.43,clear
WTH_00009235,2026-01-20,19,-1.4,0.0,5.7,9408.0,0.12,clear
WTH_00009236,2026-01-20,20,0.4,0.0,7.6,8056.0,0.29,clear
WTH_00009237,2026-01-20,21,0.4,0.0,6.6,11370.0,0.11,clear
WTH_00009238,2026-01-20,22,3.5,0.0,13.1,7521.0,0.32,clear
WTH_00009239,2026-01-20,23,1.6,0.0,5.3,6491.0,0.53,clear
WTH_00009240,2026-01-21,0,2.5,0.0,48.9,8038.0,0.37,clear
WTH_00009241,2026-01-21,1,5.0,0.0,6.1,8173.0,0.48,clear
WTH_00009242,2026-01-21,2,-0.0,0.0,13.8,6754.0,0.25,clear
WTH_00009243,2026-01-21,3,7.3,0.0,18.5,11250.0,0.28,clear
WTH_00009244,2026-01-21,4,7.5,0.0,6.6,6948.0,0.29,clear
WTH_00009245,2026-01-21,5,3.7,0.0,3.3,7040.0,0.37,clear
WTH_00009246,2026-01-21,6,7.1,0.0,15.7,6710.0,0.66,cloudy
WTH_00009247,2026-01-21,7,2.4,0.0,4.5,11741.0,0.42,clear
WTH_00009248,2026-01-21,8,1.7,0.0,7.9,485.0,0.1,fog
WTH_00009249,2026-01-21,9,4.6,0.0,30.9,8138.0,0.54,clear
WTH_00009250,2026-01-21,10,2.7,0.0,18.2,9493.0,0.23,clear
WTH_00009251,2026-01-21,11,-0.1,0.0,7.2,11940.0,0.57,clear
WTH_00009252,2026-01-21,12,1.4,0.0,14.6,11837.0,0.6,clear
WTH_00009253,2026-01-21,13,-5.8,0.0,11.0,6855.0,0.26,clear
WTH_00009254,2026-01-21,14,-0.3,0.0,7.3,7869.0,0.37,clear
WTH_00009255,2026-01-21,15,-2.8,0.0,9.6,6484.0,0.54,clear
WTH_00009256,2026-01-21,16,-3.5,0.0,5.4,7475.0,0.55,clear
WTH_00009257,2026-01-21,17,0.7,0.0,6.1,8871.0,0.45,clear
WTH_00009258,2026-01-21,18,-1.4,0.0,19.1,7213.0,0.08,clear
WTH_00009259,2026-01-21,19,2.5,0.0,2.0,9346.0,0.48,clear
WTH_00009260,2026-01-21,20,-2.3,0.0,27.0,9174.0,0.29,clear
WTH_00009261,2026-01-21,21,3.7,0.0,1.6,9317.0,0.47,clear
WTH_00009262,2026-01-21,22,3.3,0.0,12.3,9351.0,0.18,clear
WTH_00009263,2026-01-21,23,4.4,0.0,9.2,7613.0,0.6,clear
WTH_00009264,2026-01-22,0,6.3,0.0,6.4,7079.0,0.12,clear
WTH_00009265,2026-01-22,1,6.1,0.0,11.4,11073.0,0.45,clear
WTH_00009266,2026-01-22,2,4.6,0.0,14.0,7926.0,0.14,clear
WTH_00009267,2026-01-22,3,7.9,0.0,7.7,8594.0,0.24,clear
WTH_00009268,2026-01-22,4,5.4,0.0,17.8,6844.0,0.56,clear
WTH_00009269,2026-01-22,5,9.9,0.0,6.8,10322.0,0.3,clear
WTH_00009270,2026-01-22,6,6.2,0.0,14.6,11621.0,0.55,clear
WTH_00009271,2026-01-22,7,7.7,0.0,5.8,1106.0,0.11,fog
WTH_00009272,2026-01-22,8,-0.6,0.0,6.5,11569.0,0.41,clear
WTH_00009273,2026-01-22,9,-2.1,0.0,43.6,10123.0,0.21,clear
WTH_00009274,2026-01-22,10,-0.0,0.0,11.2,9268.0,0.33,clear
WTH_00009275,2026-01-22,11,-0.3,0.0,10.7,944.0,0.54,fog
WTH_00009276,2026-01-22,12,1.2,0.0,1.7,8023.0,0.41,clear
WTH_00009277,2026-01-22,13,2.1,0.0,15.4,6425.0,0.36,clear
WTH_00009278,2026-01-22,14,-1.6,0.0,8.1,6623.0,0.3,clear
WTH_00009279,2026-01-22,15,-1.7,0.0,2.6,6324.0,0.53,clear
WTH_00009280,2026-01-22,16,-2.3,0.0,12.7,9624.0,0.19,clear
WTH_00009281,2026-01-22,17,1.7,0.0,17.0,7751.0,0.22,clear
WTH_00009282,2026-01-22,18,-2.7,0.0,6.0,11818.0,0.34,clear
WTH_00009283,2026-01-22,19,3.1,0.0,11.7,7577.0,0.32,clear
WTH_00009284,2026-01-22,20,5.0,0.0,9.3,10949.0,0.31,clear
WTH_00009285,2026-01-22,21,4.6,0.0,19.7,10078.0,0.45,clear
WTH_00009286,2026-01-22,22,1.0,0.0,4.7,10096.0,0.25,clear
WTH_00009287,2026-01-22,23,5.2,0.0,13.6,8658.0,0.37,clear
WTH_00009288,2026-01-23,0,4.7,0.0,12.0,8114.0,0.32,clear
WTH_00009289,2026-01-23,1,3.2,0.0,3.8,10671.0,0.41,clear
WTH_00009290,2026-01-23,2,6.8,0.0,12.4,7916.0,0.25,clear
WTH_00009291,2026-01-23,3,7.2,0.0,12.7,7336.0,0.48,clear
WTH_00009292,2026-01-23,4,6.8,0.0,40.2,7782.0,0.27,clear
WTH_00009293,2026-01-23,5,2.6,0.0,15.9,7019.0,0.26,clear
WTH_00009294,2026-01-23,6,1.4,0.0,2.9,9650.0,0.77,cloudy
WTH_00009295,2026-01-23,7,3.4,0.0,15.7,7664.0,0.15,clear
WTH_00009296,2026-01-23,8,1.3,0.0,4.6,9491.0,0.39,clear
WTH_00009297,2026-01-23,9,3.5,0.0,8.0,6280.0,0.55,clear
WTH_00009298,2026-01-23,10,-2.1,0.0,8.8,9508.0,0.11,clear
WTH_00009299,2026-01-23,11,3.7,0.0,30.2,11298.0,0.35,clear
WTH_00009300,2026-01-23,12,-2.1,0.0,1.6,6967.0,0.18,clear
WTH_00009301,2026-01-23,13,-0.8,0.0,5.0,6645.0,0.57,clear
WTH_00009302,2026-01-23,14,3.2,0.0,2.5,9707.0,0.78,cloudy
WTH_00009303,2026-01-23,15,-2.2,0.0,33.3,6658.0,0.7,cloudy
WTH_00009304,2026-01-23,16,-2.2,0.0,14.5,8491.0,0.78,cloudy
WTH_00009305,2026-01-23,17,-2.7,0.0,11.6,11068.0,0.2,clear
WTH_00009306,2026-01-23,18,-0.3,0.0,7.6,7193.0,0.23,clear
WTH_00009307,2026-01-23,19,1.6,0.0,1.6,7821.0,0.37,clear
WTH_00009308,2026-01-23,20,2.9,0.0,28.5,7695.0,0.45,clear
WTH_00009309,2026-01-23,21,-0.1,0.0,13.8,9516.0,0.07,clear
WTH_00009310,2026-01-23,22,2.2,0.0,6.8,7942.0,0.45,clear
WTH_00009311,2026-01-23,23,4.7,0.0,7.4,7557.0,0.47,clear
WTH_00009312,2026-01-24,0,2.2,0.0,6.3,11872.0,0.5,clear
WTH_00009313,2026-01-24,1,3.5,0.0,18.6,7772.0,0.59,clear
WTH_00009314,2026-01-24,2,6.1,0.0,4.7,10891.0,0.47,clear
WTH_00009315,2026-01-24,3,10.1,0.0,15.2,6482.0,0.49,clear
WTH_00009316,2026-01-24,4,7.0,0.0,1.6,6031.0,0.06,clear
WTH_00009317,2026-01-24,5,7.6,5.06,3.2,2372.0,0.72,rain
WTH_00009318,2026-01-24,6,6.5,0.0,7.2,7627.0,0.34,clear
WTH_00009319,2026-01-24,7,2.0,0.0,10.4,10284.0,0.68,cloudy
WTH_00009320,2026-01-24,8,4.0,0.0,4.3,7760.0,0.05,clear
WTH_00009321,2026-01-24,9,1.4,0.0,5.4,9299.0,0.4,clear
WTH_00009322,2026-01-24,10,1.0,0.0,29.8,10356.0,0.26,clear
WTH_00009323,2026-01-24,11,-3.9,0.0,4.5,7861.0,0.03,clear
WTH_00009324,2026-01-24,12,-0.8,0.0,33.4,8931.0,0.37,clear
WTH_00009325,2026-01-24,13,-2.3,4.97,6.2,2909.0,0.56,snow
WTH_00009326,2026-01-24,14,0.4,0.0,4.2,10832.0,0.21,clear
WTH_00009327,2026-01-24,15,-1.4,0.0,3.5,10935.0,0.69,cloudy
WTH_00009328,2026-01-24,16,-0.4,0.0,7.1,9324.0,0.61,cloudy
WTH_00009329,2026-01-24,17,-2.0,0.0,2.5,8225.0,0.31,clear
WTH_00009330,2026-01-24,18,1.7,0.0,7.1,7497.0,0.4,clear
WTH_00009331,2026-01-24,19,-0.0,0.0,1.4,11512.0,0.41,clear
WTH_00009332,2026-01-24,20,0.4,0.0,13.2,9509.0,0.29,clear
WTH_00009333,2026-01-24,21,6.3,0.0,24.0,9654.0,0.22,clear
WTH_00009334,2026-01-24,22,1.1,0.0,3.5,7503.0,0.28,clear
WTH_00009335,2026-01-24,23,7.1,0.0,7.4,6436.0,0.13,clear
WTH_00009336,2026-01-25,0,4.2,0.0,1.8,8832.0,0.31,clear
WTH_00009337,2026-01-25,1,4.2,0.0,3.7,8549.0,0.28,clear
WTH_00009338,2026-01-25,2,4.9,0.0,7.3,10438.0,0.42,clear
WTH_00009339,2026-01-25,3,7.6,0.0,11.7,10316.0,0.23,clear
WTH_00009340,2026-01-25,4,4.6,0.0,34.4,11251.0,0.36,clear
WTH_00009341,2026-01-25,5,6.4,0.0,13.3,11267.0,0.61,cloudy
WTH_00009342,2026-01-25,6,7.7,0.0,1.6,615.0,0.13,fog
WTH_00009343,2026-01-25,7,4.5,0.0,12.5,10786.0,0.16,clear
WTH_00009344,2026-01-25,8,4.0,0.0,4.2,7431.0,0.73,cloudy
WTH_00009345,2026-01-25,9,0.5,0.0,5.7,11705.0,0.16,clear
WTH_00009346,2026-01-25,10,1.6,0.0,5.5,7741.0,0.33,clear
WTH_00009347,2026-01-25,11,0.2,0.0,4.6,9829.0,0.36,clear
WTH_00009348,2026-01-25,12,-3.5,0.0,17.3,11729.0,0.32,clear
WTH_00009349,2026-01-25,13,-0.1,0.0,28.8,6104.0,0.17,clear
WTH_00009350,2026-01-25,14,-4.6,0.0,2.0,10210.0,0.16,clear
WTH_00009351,2026-01-25,15,-2.6,0.0,13.6,7122.0,0.16,clear
WTH_00009352,2026-01-25,16,-2.5,0.0,4.2,10848.0,0.19,clear
WTH_00009353,2026-01-25,17,-4.4,0.0,2.0,11596.0,0.41,clear
WTH_00009354,2026-01-25,18,-2.6,0.23,6.8,2498.0,0.62,snow
WTH_00009355,2026-01-25,19,-3.0,0.0,11.5,6254.0,0.38,clear
WTH_00009356,2026-01-25,20,2.2,0.0,10.4,9629.0,0.33,clear
WTH_00009357,2026-01-25,21,2.6,0.0,11.6,8721.0,0.29,clear
WTH_00009358,2026-01-25,22,1.4,0.0,4.0,9999.0,0.33,clear
WTH_00009359,2026-01-25,23,2.2,4.55,23.5,3079.0,0.97,rain
WTH_00009360,2026-01-26,0,2.1,0.0,16.7,6362.0,0.67,cloudy
WTH_00009361,2026-01-26,1,4.1,0.0,10.9,9629.0,0.41,clear
WTH_00009362,2026-01-26,2,8.7,5.47,13.9,2155.0,0.65,rain
WTH_00009363,2026-01-26,3,6.7,0.0,14.9,10093.0,0.1,clear
WTH_00009364,2026-01-26,4,5.2,0.0,6.5,7070.0,0.28,clear
WTH_00009365,2026-01-26,5,6.4,0.0,41.8,6921.0,0.23,clear
WTH_00009366,2026-01-26,6,7.3,0.0,23.9,6734.0,0.18,clear
WTH_00009367,2026-01-26,7,5.1,0.0,8.2,9524.0,0.1,clear
WTH_00009368,2026-01-26,8,4.6,0.0,21.5,569.0,0.28,fog
WTH_00009369,2026-01-26,9,1.8,0.0,19.0,10822.0,0.24,clear
WTH_00009370,2026-01-26,10,-2.1,0.0,11.2,9274.0,0.46,clear
WTH_00009371,2026-01-26,11,-0.7,0.0,16.9,6953.0,0.25,clear
WTH_00009372,2026-01-26,12,-1.4,0.0,22.4,7378.0,0.17,clear
WTH_00009373,2026-01-26,13,0.8,0.0,16.1,8288.0,0.25,clear
WTH_00009374,2026-01-26,14,-1.3,0.0,13.3,8346.0,0.25,clear
WTH_00009375,2026-01-26,15,-3.8,0.0,20.5,7562.0,0.53,clear
WTH_00009376,2026-01-26,16,-0.2,0.0,6.5,6514.0,0.49,clear
WTH_00009377,2026-01-26,17,-0.4,0.0,17.0,7725.0,0.45,clear
WTH_00009378,2026-01-26,18,-0.5,0.0,6.2,6874.0,0.35,clear
WTH_00009379,2026-01-26,19,0.1,0.0,15.7,8217.0,0.31,clear
WTH_00009380,2026-01-26,20,-1.4,0.0,12.0,8107.0,0.35,clear
WTH_00009381,2026-01-26,21,4.8,0.0,3.9,8828.0,0.21,clear
WTH_00009382,2026-01-26,22,0.4,0.0,18.1,7487.0,0.07,clear
WTH_00009383,2026-01-26,23,2.6,0.0,8.9,10964.0,0.28,clear
WTH_00009384,2026-01-27,0,3.6,0.0,9.3,6079.0,0.11,clear
WTH_00009385,2026-01-27,1,8.7,0.0,8.0,11711.0,0.37,clear
WTH_00009386,2026-01-27,2,4.0,0.0,3.1,7250.0,0.07,clear
WTH_00009387,2026-01-27,3,4.1,0.0,4.6,7342.0,0.26,clear
WTH_00009388,2026-01-27,4,7.9,0.0,20.2,10616.0,0.1,clear
WTH_00009389,2026-01-27,5,6.6,0.0,13.9,7464.0,0.32,clear
WTH_00009390,2026-01-27,6,8.9,0.0,3.7,10025.0,0.35,clear
WTH_00009391,2026-01-27,7,0.1,0.0,17.4,10810.0,0.13,clear
WTH_00009392,2026-01-27,8,2.6,0.0,2.8,309.0,0.25,fog
WTH_00009393,2026-01-27,9,2.8,0.0,3.5,8438.0,0.32,clear
WTH_00009394,2026-01-27,10,4.3,0.0,7.2,6492.0,0.28,clear
WTH_00009395,2026-01-27,11,0.9,0.0,7.2,6691.0,0.45,clear
WTH_00009396,2026-01-27,12,1.5,0.0,5.3,6369.0,0.34,clear
WTH_00009397,2026-01-27,13,-0.4,0.0,8.4,11159.0,0.14,clear
WTH_00009398,2026-01-27,14,-3.3,0.0,19.3,10283.0,0.54,clear
WTH_00009399,2026-01-27,15,-0.0,0.0,42.9,7746.0,0.61,cloudy
WTH_00009400,2026-01-27,16,-2.8,0.0,11.3,925.0,0.25,fog
WTH_00009401,2026-01-27,17,-3.1,0.0,17.6,7367.0,0.67,cloudy
WTH_00009402,2026-01-27,18,-1.4,0.0,6.5,6405.0,0.33,clear
WTH_00009403,2026-01-27,19,-0.6,0.0,6.1,9083.0,0.69,cloudy
WTH_00009404,2026-01-27,20,0.1,9.91,8.2,2527.0,0.51,snow
WTH_00009405,2026-01-27,21,0.4,0.0,10.8,8918.0,0.49,clear
WTH_00009406,2026-01-27,22,0.5,0.0,10.7,11662.0,0.29,clear
WTH_00009407,2026-01-27,23,2.9,0.0,4.6,8877.0,0.45,clear
WTH_00009408,2026-01-28,0,3.1,0.0,16.8,8202.0,0.15,clear
WTH_00009409,2026-01-28,1,2.5,0.0,22.4,8288.0,0.25,clear
WTH_00009410,2026-01-28,2,4.5,0.0,11.6,7769.0,0.35,clear
WTH_00009411,2026-01-28,3,5.9,0.0,5.8,11318.0,0.71,cloudy
WTH_00009412,2026-01-28,4,9.2,0.0,4.2,8522.0,0.13,clear
WTH_00009413,2026-01-28,5,4.5,0.0,7.6,7142.0,0.15,clear
WTH_00009414,2026-01-28,6,6.3,0.0,6.4,8362.0,0.11,clear
WTH_00009415,2026-01-28,7,4.5,0.0,14.6,11804.0,0.11,clear
WTH_00009416,2026-01-28,8,3.1,0.0,7.1,6268.0,0.22,clear
WTH_00009417,2026-01-28,9,3.4,3.41,16.1,1328.0,0.55,rain
WTH_00009418,2026-01-28,10,-1.2,0.0,1.6,10051.0,0.29,clear
WTH_00009419,2026-01-28,11,2.6,0.0,2.4,7589.0,0.42,clear
WTH_00009420,2026-01-28,12,-2.0,0.0,8.4,8243.0,0.65,cloudy
WTH_00009421,2026-01-28,13,-3.0,0.0,23.5,9775.0,0.61,cloudy
WTH_00009422,2026-01-28,14,-3.7,0.0,12.8,10347.0,0.47,clear
WTH_00009423,2026-01-28,15,-0.1,0.0,5.9,11738.0,0.17,clear
WTH_00009424,2026-01-28,16,-2.8,0.0,8.9,11744.0,0.39,clear
WTH_00009425,2026-01-28,17,1.8,0.0,5.4,6310.0,0.35,clear
WTH_00009426,2026-01-28,18,-4.0,0.0,5.4,11160.0,0.41,clear
WTH_00009427,2026-01-28,19,0.4,0.0,5.3,8026.0,0.3,clear
WTH_00009428,2026-01-28,20,-0.7,0.0,1.0,10222.0,0.28,clear
WTH_00009429,2026-01-28,21,0.2,0.0,12.7,7837.0,0.11,clear
WTH_00009430,2026-01-28,22,1.1,0.0,3.9,9428.0,0.32,clear
WTH_00009431,2026-01-28,23,5.2,0.0,5.3,6271.0,0.15,clear
WTH_00009432,2026-01-29,0,5.1,0.0,7.1,6914.0,0.22,clear
WTH_00009433,2026-01-29,1,5.0,0.0,24.1,6971.0,0.09,clear
WTH_00009434,2026-01-29,2,5.0,0.0,17.1,6842.0,0.44,clear
WTH_00009435,2026-01-29,3,6.9,0.0,13.3,8802.0,0.08,clear
WTH_00009436,2026-01-29,4,8.6,0.0,15.6,9078.0,0.61,cloudy
WTH_00009437,2026-01-29,5,0.9,0.0,11.2,9390.0,0.1,clear
WTH_00009438,2026-01-29,6,7.1,0.0,7.4,10470.0,0.25,clear
WTH_00009439,2026-01-29,7,4.4,0.0,2.3,10294.0,0.17,clear
WTH_00009440,2026-01-29,8,3.9,0.0,4.1,6272.0,0.34,clear
WTH_00009441,2026-01-29,9,2.2,0.0,3.4,6842.0,0.48,clear
WTH_00009442,2026-01-29,10,2.4,0.0,7.2,9452.0,0.41,clear
WTH_00009443,2026-01-29,11,0.4,0.0,26.9,9281.0,0.09,clear
WTH_00009444,2026-01-29,12,0.7,0.0,12.0,10263.0,0.19,clear
WTH_00009445,2026-01-29,13,-0.9,0.0,2.9,8587.0,0.07,clear
WTH_00009446,2026-01-29,14,0.2,0.0,1.8,6143.0,0.2,clear
WTH_00009447,2026-01-29,15,-0.9,0.0,12.9,11322.0,0.52,clear
WTH_00009448,2026-01-29,16,1.3,0.0,26.1,6729.0,0.1,clear
WTH_00009449,2026-01-29,17,1.5,0.0,3.5,11208.0,0.34,clear
WTH_00009450,2026-01-29,18,-0.4,0.0,12.3,8229.0,0.51,clear
WTH_00009451,2026-01-29,19,1.8,0.0,14.3,10573.0,0.36,clear
WTH_00009452,2026-01-29,20,1.7,0.0,26.1,10709.0,0.34,clear
WTH_00009453,2026-01-29,21,1.3,0.0,1.8,9030.0,0.02,clear
WTH_00009454,2026-01-29,22,2.3,0.0,8.5,7393.0,0.23,clear
WTH_00009455,2026-01-29,23,2.6,0.0,4.1,9545.0,0.48,clear
WTH_00009456,2026-01-30,0,-0.3,0.0,6.6,7535.0,0.59,clear
WTH_00009457,2026-01-30,1,2.8,0.0,4.2,10757.0,0.24,clear
WTH_00009458,2026-01-30,2,6.4,0.0,3.2,9231.0,0.05,clear
WTH_00009459,2026-01-30,3,6.9,0.0,14.2,10773.0,0.21,clear
WTH_00009460,2026-01-30,4,7.2,0.0,4.8,7566.0,0.47,clear
WTH_00009461,2026-01-30,5,3.3,0.0,23.4,9655.0,0.39,clear
WTH_00009462,2026-01-30,6,3.4,0.0,31.2,11742.0,0.2,clear
WTH_00009463,2026-01-30,7,4.0,0.0,5.4,8469.0,0.04,clear
WTH_00009464,2026-01-30,8,1.6,0.0,5.8,11798.0,0.42,clear
WTH_00009465,2026-01-30,9,3.1,0.0,7.8,9510.0,0.22,clear
WTH_00009466,2026-01-30,10,-3.2,0.0,2.4,11383.0,0.21,clear
WTH_00009467,2026-01-30,11,0.8,0.0,7.9,11157.0,0.15,clear
WTH_00009468,2026-01-30,12,2.0,0.0,13.5,7776.0,0.23,clear
WTH_00009469,2026-01-30,13,-1.4,0.0,9.5,8766.0,0.63,cloudy
WTH_00009470,2026-01-30,14,0.8,0.0,22.0,11746.0,0.52,clear
WTH_00009471,2026-01-30,15,0.6,0.0,31.6,9184.0,0.7,cloudy
WTH_00009472,2026-01-30,16,-0.1,0.0,4.9,6198.0,0.16,clear
WTH_00009473,2026-01-30,17,-1.9,0.0,5.9,8329.0,0.3,clear
WTH_00009474,2026-01-30,18,-0.8,0.0,3.2,7200.0,0.56,clear
WTH_00009475,2026-01-30,19,1.4,0.0,6.2,11625.0,0.44,clear
WTH_00009476,2026-01-30,20,0.3,0.0,1.3,10177.0,0.09,clear
WTH_00009477,2026-01-30,21,3.2,0.0,18.5,6938.0,0.1,clear
WTH_00009478,2026-01-30,22,3.0,0.0,4.1,8183.0,0.31,clear
WTH_00009479,2026-01-30,23,7.4,0.0,13.3,10644.0,0.22,clear
WTH_00009480,2026-01-31,0,6.5,0.0,12.2,11971.0,0.24,clear
WTH_00009481,2026-01-31,1,4.9,0.0,6.2,10881.0,0.29,clear
WTH_00009482,2026-01-31,2,5.4,7.29,8.0,1895.0,0.8,rain
WTH_00009483,2026-01-31,3,6.0,0.0,1.6,10527.0,0.09,clear
WTH_00009484,2026-01-31,4,5.5,0.0,14.8,6133.0,0.47,clear
WTH_00009485,2026-01-31,5,4.5,0.0,16.6,7586.0,0.37,clear
WTH_00009486,2026-01-31,6,4.1,0.0,3.4,7366.0,0.31,clear
WTH_00009487,2026-01-31,7,3.4,0.0,5.4,11908.0,0.21,clear
WTH_00009488,2026-01-31,8,-0.0,0.0,10.2,9739.0,0.24,clear
WTH_00009489,2026-01-31,9,-1.2,0.0,2.4,6321.0,0.22,clear
WTH_00009490,2026-01-31,10,-0.9,0.0,6.7,9802.0,0.24,clear
WTH_00009491,2026-01-31,11,-1.1,0.0,3.0,11166.0,0.58,clear
WTH_00009492,2026-01-31,12,0.4,0.0,2.5,11576.0,0.29,clear
WTH_00009493,2026-01-31,13,0.4,0.0,6.3,9383.0,0.38,clear
WTH_00009494,2026-01-31,14,-0.3,0.0,8.9,7804.0,0.21,clear
WTH_00009495,2026-01-31,15,3.0,0.0,2.9,8429.0,0.33,clear
WTH_00009496,2026-01-31,16,-0.9,0.0,18.9,7247.0,0.11,clear
WTH_00009497,2026-01-31,17,-1.6,0.0,21.0,9204.0,0.48,clear
WTH_00009498,2026-01-31,18,-0.7,0.0,24.8,11436.0,0.46,clear
WTH_00009499,2026-01-31,19,0.7,0.0,6.8,6455.0,0.36,clear
WTH_00009500,2026-01-31,20,0.5,0.0,5.8,10043.0,0.3,clear
WTH_00009501,2026-01-31,21,2.2,0.0,10.5,11059.0,0.39,clear
WTH_00009502,2026-01-31,22,4.7,0.0,7.3,9207.0,0.48,clear
WTH_00009503,2026-01-31,23,2.6,0.0,22.3,8285.0,0.34,clear
WTH_00009504,2026-02-01,0,3.9,6.78,27.0,2167.0,0.63,rain
WTH_00009505,2026-02-01,1,2.4,2.08,29.9,2264.0,0.83,rain
WTH_00009506,2026-02-01,2,7.4,6.33,21.4,2470.0,0.52,rain
WTH_00009507,2026-02-01,3,9.0,7.15,52.6,3134.0,0.9,rain
WTH_00009508,2026-02-01,4,6.3,3.16,37.4,2502.0,0.81,rain
WTH_00009509,2026-02-01,5,6.0,3.36,21.3,3876.0,0.77,rain
WTH_00009510,2026-02-01,6,3.1,2.14,29.7,2470.0,0.6,rain
WTH_00009511,2026-02-01,7,3.2,3.68,27.6,2808.0,0.73,rain
WTH_00009512,2026-02-01,8,1.4,2.63,39.7,895.0,1.0,snow
WTH_00009513,2026-02-01,9,3.5,4.17,36.8,3930.0,0.7,rain
WTH_00009514,2026-02-01,10,3.7,7.97,32.3,2523.0,0.57,rain
WTH_00009515,2026-02-01,11,-0.4,2.2,37.5,2862.0,0.9,snow
WTH_00009516,2026-02-01,12,0.7,9.23,24.3,821.0,1.0,snow
WTH_00009517,2026-02-01,13,0.7,2.41,43.3,1344.0,0.56,snow
WTH_00009518,2026-02-01,14,-5.4,0.6,30.8,1292.0,0.97,snow
WTH_00009519,2026-02-01,15,1.5,5.65,26.4,3637.0,0.46,rain
WTH_00009520,2026-02-01,16,-0.0,6.09,54.8,1245.0,0.83,snow
WTH_00009521,2026-02-01,17,0.0,9.39,24.7,2315.0,0.72,snow
WTH_00009522,2026-02-01,18,0.8,2.14,21.1,2766.0,1.0,snow
WTH_00009523,2026-02-01,19,-2.0,7.54,20.7,1412.0,0.59,snow
WTH_00009524,2026-02-01,20,-2.0,14.24,19.9,645.0,1.0,snow
WTH_00009525,2026-02-01,21,5.5,1.09,19.7,3834.0,0.88,rain
WTH_00009526,2026-02-01,22,2.9,5.15,23.3,1048.0,0.85,rain
WTH_00009527,2026-02-01,23,3.4,14.68,45.5,3530.0,0.66,storm
WTH_00009528,2026-02-02,0,7.5,0.0,12.6,10609.0,0.64,cloudy
WTH_00009529,2026-02-02,1,7.0,0.0,2.0,8495.0,0.09,clear
WTH_00009530,2026-02-02,2,5.3,0.0,7.4,6681.0,0.24,clear
WTH_00009531,2026-02-02,3,4.6,0.0,22.2,6108.0,0.2,clear
WTH_00009532,2026-02-02,4,6.5,0.0,0.3,8907.0,0.21,clear
WTH_00009533,2026-02-02,5,5.5,0.0,13.6,8803.0,0.22,clear
WTH_00009534,2026-02-02,6,6.4,0.0,5.3,10399.0,0.14,clear
WTH_00009535,2026-02-02,7,8.7,0.0,10.2,11594.0,0.44,clear
WTH_00009536,2026-02-02,8,2.0,0.0,16.6,6349.0,0.04,clear
WTH_00009537,2026-02-02,9,1.0,0.0,14.8,11613.0,0.47,clear
WTH_00009538,2026-02-02,10,1.5,0.0,1.8,8674.0,0.37,clear
WTH_00009539,2026-02-02,11,-2.1,0.0,25.6,7390.0,0.7,cloudy
WTH_00009540,2026-02-02,12,-0.5,0.0,15.9,10780.0,0.8,cloudy
WTH_00009541,2026-02-02,13,-3.4,0.0,4.6,8883.0,0.76,cloudy
WTH_00009542,2026-02-02,14,1.5,0.0,6.8,7462.0,0.05,clear
WTH_00009543,2026-02-02,15,-4.7,0.0,3.2,11350.0,0.1,clear
WTH_00009544,2026-02-02,16,-2.5,0.0,5.9,10101.0,0.3,clear
WTH_00009545,2026-02-02,17,-5.5,11.04,7.2,1811.0,0.67,snow
WTH_00009546,2026-02-02,18,-0.3,0.0,4.9,6900.0,0.86,cloudy
WTH_00009547,2026-02-02,19,-1.9,5.77,10.3,2268.0,0.77,snow
WTH_00009548,2026-02-02,20,2.5,0.0,7.3,11080.0,0.48,clear
WTH_00009549,2026-02-02,21,0.3,0.0,8.8,7643.0,0.35,clear
WTH_00009550,2026-02-02,22,5.2,0.0,16.5,10751.0,0.4,clear
WTH_00009551,2026-02-02,23,3.8,7.36,24.4,2197.0,0.69,rain
WTH_00009552,2026-02-03,0,7.3,0.0,7.4,8736.0,0.27,clear
WTH_00009553,2026-02-03,1,4.7,0.0,23.7,10745.0,0.15,clear
WTH_00009554,2026-02-03,2,8.5,0.0,8.6,6918.0,0.2,clear
WTH_00009555,2026-02-03,3,3.9,0.0,1.0,9202.0,0.23,clear
WTH_00009556,2026-02-03,4,7.4,0.0,21.8,10594.0,0.31,clear
WTH_00009557,2026-02-03,5,4.2,5.9,10.7,2322.0,0.48,rain
WTH_00009558,2026-02-03,6,2.5,0.0,7.7,11711.0,0.37,clear
WTH_00009559,2026-02-03,7,2.1,0.0,10.7,9505.0,0.22,clear
WTH_00009560,2026-02-03,8,0.4,0.0,4.2,9641.0,0.23,clear
WTH_00009561,2026-02-03,9,1.5,0.0,12.2,9941.0,0.21,clear
WTH_00009562,2026-02-03,10,3.8,0.0,1.8,6939.0,0.1,clear
WTH_00009563,2026-02-03,11,-0.3,16.82,6.8,1911.0,1.0,snow
WTH_00009564,2026-02-03,12,-2.3,0.0,13.9,7687.0,0.26,clear
WTH_00009565,2026-02-03,13,-0.2,0.0,11.9,7503.0,0.36,clear
WTH_00009566,2026-02-03,14,-5.4,0.0,3.1,9585.0,0.43,clear
WTH_00009567,2026-02-03,15,-1.6,0.0,3.0,6388.0,0.28,clear
WTH_00009568,2026-02-03,16,-2.5,0.0,18.0,7218.0,0.51,clear
WTH_00009569,2026-02-03,17,-5.0,0.0,7.2,870.0,0.4,fog
WTH_00009570,2026-02-03,18,-3.6,0.0,8.0,8716.0,0.14,clear
WTH_00009571,2026-02-03,19,2.2,0.0,2.3,7802.0,0.08,clear
WTH_00009572,2026-02-03,20,2.7,0.0,2.8,6230.0,0.03,clear
WTH_00009573,2026-02-03,21,1.9,0.0,14.1,865.0,0.08,fog
WTH_00009574,2026-02-03,22,1.0,5.79,5.8,2127.0,0.53,snow
WTH_00009575,2026-02-03,23,4.5,0.0,36.8,7416.0,0.2,clear
WTH_00009576,2026-02-04,0,5.0,0.0,7.6,6946.0,0.34,clear
WTH_00009577,2026-02-04,1,4.6,0.0,14.8,9258.0,0.31,clear
WTH_00009578,2026-02-04,2,7.0,0.0,5.4,11969.0,0.41,clear
WTH_00009579,2026-02-04,3,9.5,0.0,4.6,9570.0,0.34,clear
WTH_00009580,2026-02-04,4,6.0,0.0,15.8,9820.0,0.35,clear
WTH_00009581,2026-02-04,5,6.7,0.0,7.7,8819.0,0.06,clear
WTH_00009582,2026-02-04,6,9.3,0.0,15.8,704.0,0.43,fog
WTH_00009583,2026-02-04,7,4.8,0.0,20.7,10482.0,0.26,clear
WTH_00009584,2026-02-04,8,-0.1,0.0,7.1,10542.0,0.1,clear
WTH_00009585,2026-02-04,9,-0.2,0.0,2.8,9047.0,0.08,clear
WTH_00009586,2026-02-04,10,-1.9,0.0,7.7,9080.0,0.59,clear
WTH_00009587,2026-02-04,11,-0.5,6.2,21.6,1062.0,0.73,snow
WTH_00009588,2026-02-04,12,-0.8,0.0,6.4,7833.0,0.56,clear
WTH_00009589,2026-02-04,13,-0.7,0.0,3.6,11395.0,0.13,clear
WTH_00009590,2026-02-04,14,-3.3,0.0,10.5,7314.0,0.32,clear
WTH_00009591,2026-02-04,15,-1.2,0.0,6.7,7878.0,0.25,clear
WTH_00009592,2026-02-04,16,-2.6,0.0,26.5,8971.0,0.19,clear
WTH_00009593,2026-02-04,17,1.4,0.0,13.8,8331.0,0.22,clear
WTH_00009594,2026-02-04,18,-0.4,0.0,10.1,8526.0,0.4,clear
WTH_00009595,2026-02-04,19,-4.7,0.0,9.0,9695.0,0.77,cloudy
WTH_00009596,2026-02-04,20,0.9,0.0,6.0,11656.0,0.12,clear
WTH_00009597,2026-02-04,21,-1.4,0.0,4.7,11260.0,0.27,clear
WTH_00009598,2026-02-04,22,1.6,0.0,9.8,7188.0,0.3,clear
WTH_00009599,2026-02-04,23,4.2,0.0,23.4,6300.0,0.09,clear
WTH_00009600,2026-02-05,0,1.6,0.0,7.9,6403.0,0.13,clear
WTH_00009601,2026-02-05,1,8.7,0.0,11.8,8185.0,0.37,clear
WTH_00009602,2026-02-05,2,8.0,0.0,12.3,11572.0,0.19,clear
WTH_00009603,2026-02-05,3,7.9,0.0,7.5,7085.0,0.24,clear
WTH_00009604,2026-02-05,4,7.6,0.0,18.6,7552.0,0.13,clear
WTH_00009605,2026-02-05,5,3.9,0.0,2.0,8728.0,0.49,clear
WTH_00009606,2026-02-05,6,1.8,0.0,5.9,11224.0,0.36,clear
WTH_00009607,2026-02-05,7,6.9,0.0,11.0,11169.0,0.22,clear
WTH_00009608,2026-02-05,8,3.2,0.0,16.1,8489.0,0.59,clear
WTH_00009609,2026-02-05,9,0.3,0.0,30.5,6166.0,0.41,clear
WTH_00009610,2026-02-05,10,-1.0,0.0,4.5,10190.0,0.44,clear
WTH_00009611,2026-02-05,11,0.4,0.0,3.4,6041.0,0.15,clear
WTH_00009612,2026-02-05,12,0.3,0.0,9.5,9600.0,0.21,clear
WTH_00009613,2026-02-05,13,-1.3,0.0,18.2,10696.0,0.15,clear
WTH_00009614,2026-02-05,14,0.4,0.0,17.6,11802.0,0.85,cloudy
WTH_00009615,2026-02-05,15,-3.0,0.0,2.8,10135.0,0.38,clear
WTH_00009616,2026-02-05,16,-4.5,1.57,4.8,546.0,0.56,snow
WTH_00009617,2026-02-05,17,-0.4,0.0,16.8,8440.0,0.28,clear
WTH_00009618,2026-02-05,18,-1.7,0.0,4.3,9796.0,0.36,clear
WTH_00009619,2026-02-05,19,-1.1,0.0,16.8,9221.0,0.17,clear
WTH_00009620,2026-02-05,20,0.1,0.0,4.9,10716.0,0.24,clear
WTH_00009621,2026-02-05,21,2.3,0.0,6.9,6841.0,0.56,clear
WTH_00009622,2026-02-05,22,3.2,0.0,8.5,9415.0,0.13,clear
WTH_00009623,2026-02-05,23,1.6,0.0,13.7,9765.0,0.6,clear
WTH_00009624,2026-02-06,0,5.5,0.0,2.5,10228.0,0.55,clear
WTH_00009625,2026-02-06,1,4.8,0.0,33.9,9114.0,0.32,clear
WTH_00009626,2026-02-06,2,4.1,0.0,19.4,6026.0,0.38,clear
WTH_00009627,2026-02-06,3,5.5,0.0,33.4,7609.0,0.3,clear
WTH_00009628,2026-02-06,4,7.2,0.0,3.6,7509.0,0.65,cloudy
WTH_00009629,2026-02-06,5,4.6,0.0,16.2,6251.0,0.38,clear
WTH_00009630,2026-02-06,6,5.9,0.0,6.9,6598.0,0.23,clear
WTH_00009631,2026-02-06,7,4.0,0.0,24.4,9742.0,0.53,clear
WTH_00009632,2026-02-06,8,3.6,0.0,5.5,9350.0,0.3,clear
WTH_00009633,2026-02-06,9,0.4,0.0,13.3,362.0,0.37,fog
WTH_00009634,2026-02-06,10,-1.2,0.0,10.4,6003.0,0.61,cloudy
WTH_00009635,2026-02-06,11,-4.1,0.0,2.3,6306.0,0.21,clear
WTH_00009636,2026-02-06,12,-2.5,0.0,11.3,8298.0,0.28,clear
WTH_00009637,2026-02-06,13,-1.8,0.0,9.7,6815.0,0.31,clear
WTH_00009638,2026-02-06,14,-1.2,0.0,10.3,6293.0,0.41,clear
WTH_00009639,2026-02-06,15,-1.8,0.0,6.9,10417.0,0.35,clear
WTH_00009640,2026-02-06,16,-2.2,0.0,4.6,6310.0,0.27,clear
WTH_00009641,2026-02-06,17,-1.5,0.0,14.9,11738.0,0.17,clear
WTH_00009642,2026-02-06,18,0.7,0.0,6.4,10594.0,0.21,clear
WTH_00009643,2026-02-06,19,1.5,0.0,17.1,11954.0,0.14,clear
WTH_00009644,2026-02-06,20,2.1,0.0,10.2,11848.0,0.11,clear
WTH_00009645,2026-02-06,21,2.6,0.0,10.1,8425.0,0.13,clear
WTH_00009646,2026-02-06,22,2.7,7.29,13.4,3999.0,0.65,rain
WTH_00009647,2026-02-06,23,5.0,9.89,14.9,2723.0,0.52,rain
WTH_00009648,2026-02-07,0,1.9,0.0,26.1,10233.0,0.13,clear
WTH_00009649,2026-02-07,1,8.2,0.0,13.5,11285.0,0.2,clear
WTH_00009650,2026-02-07,2,6.4,0.0,7.0,9401.0,0.21,clear
WTH_00009651,2026-02-07,3,3.3,0.0,18.1,11959.0,0.35,clear
WTH_00009652,2026-02-07,4,5.8,0.0,10.7,7119.0,0.37,clear
WTH_00009653,2026-02-07,5,4.1,4.16,24.4,2982.0,0.99,rain
WTH_00009654,2026-02-07,6,5.3,0.0,21.5,10414.0,0.43,clear
WTH_00009655,2026-02-07,7,5.4,0.0,3.9,9597.0,0.27,clear
WTH_00009656,2026-02-07,8,5.0,0.0,15.5,8502.0,0.2,clear
WTH_00009657,2026-02-07,9,4.2,0.0,8.4,6959.0,0.56,clear
WTH_00009658,2026-02-07,10,-0.5,0.0,7.6,6278.0,0.06,clear
WTH_00009659,2026-02-07,11,-7.0,0.0,6.2,327.0,0.19,fog
WTH_00009660,2026-02-07,12,-4.3,0.0,22.7,10706.0,0.56,clear
WTH_00009661,2026-02-07,13,-2.9,0.0,6.5,11123.0,0.59,clear
WTH_00009662,2026-02-07,14,-1.0,0.0,26.9,8582.0,0.38,clear
WTH_00009663,2026-02-07,15,-0.1,0.0,13.0,9582.0,0.22,clear
WTH_00009664,2026-02-07,16,0.0,0.0,25.5,7357.0,0.25,clear
WTH_00009665,2026-02-07,17,-1.3,0.0,21.8,452.0,0.42,fog
WTH_00009666,2026-02-07,18,-0.8,0.0,16.4,9967.0,0.47,clear
WTH_00009667,2026-02-07,19,2.0,0.0,14.1,8981.0,0.69,cloudy
WTH_00009668,2026-02-07,20,2.0,0.0,11.9,436.0,0.48,fog
WTH_00009669,2026-02-07,21,-1.7,0.0,4.3,8327.0,0.43,clear
WTH_00009670,2026-02-07,22,2.8,0.0,23.8,6971.0,0.19,clear
WTH_00009671,2026-02-07,23,6.7,0.0,8.8,6499.0,0.27,clear
WTH_00009672,2026-02-08,0,3.6,0.0,26.4,7919.0,0.29,clear
WTH_00009673,2026-02-08,1,4.3,0.0,11.5,8269.0,0.52,clear
WTH_00009674,2026-02-08,2,4.5,0.0,7.4,8396.0,0.73,cloudy
WTH_00009675,2026-02-08,3,5.0,0.0,4.2,11442.0,0.37,clear
WTH_00009676,2026-02-08,4,4.4,0.0,3.6,7589.0,0.41,clear
WTH_00009677,2026-02-08,5,8.8,0.0,7.7,8621.0,0.46,clear
WTH_00009678,2026-02-08,6,3.7,0.0,16.6,7520.0,0.77,cloudy
WTH_00009679,2026-02-08,7,2.2,0.0,24.1,9438.0,0.26,clear
WTH_00009680,2026-02-08,8,3.3,0.0,10.3,9167.0,0.7,cloudy
WTH_00009681,2026-02-08,9,5.8,0.0,12.6,9375.0,0.24,clear
WTH_00009682,2026-02-08,10,-1.4,0.0,4.7,10718.0,0.14,clear
WTH_00009683,2026-02-08,11,-0.7,0.0,21.2,7897.0,0.2,clear
WTH_00009684,2026-02-08,12,-2.2,0.0,7.2,9727.0,0.09,clear
WTH_00009685,2026-02-08,13,-0.3,0.0,10.2,10890.0,0.13,clear
WTH_00009686,2026-02-08,14,-1.4,0.0,17.9,11372.0,0.11,clear
WTH_00009687,2026-02-08,15,-6.6,0.0,54.0,9529.0,0.15,clear
WTH_00009688,2026-02-08,16,-4.2,0.0,6.5,10146.0,0.09,clear
WTH_00009689,2026-02-08,17,-2.4,0.0,8.5,6953.0,0.53,clear
WTH_00009690,2026-02-08,18,-0.9,0.0,21.4,11084.0,0.21,clear
WTH_00009691,2026-02-08,19,-2.9,0.0,1.8,6313.0,0.42,clear
WTH_00009692,2026-02-08,20,4.6,10.08,4.2,966.0,0.5,rain
WTH_00009693,2026-02-08,21,1.5,0.0,6.0,6758.0,0.83,cloudy
WTH_00009694,2026-02-08,22,2.7,0.0,40.4,8294.0,0.08,clear
WTH_00009695,2026-02-08,23,3.3,10.48,7.2,2862.0,0.65,rain
WTH_00009696,2026-02-09,0,5.5,0.0,13.1,11353.0,0.32,clear
WTH_00009697,2026-02-09,1,5.2,0.0,2.6,9982.0,0.23,clear
WTH_00009698,2026-02-09,2,3.7,0.0,12.7,7852.0,0.06,clear
WTH_00009699,2026-02-09,3,9.6,0.0,16.7,8044.0,0.59,clear
WTH_00009700,2026-02-09,4,6.2,0.0,16.7,9457.0,0.07,clear
WTH_00009701,2026-02-09,5,6.2,0.0,8.4,6330.0,0.11,clear
WTH_00009702,2026-02-09,6,0.3,0.0,1.5,9523.0,0.27,clear
WTH_00009703,2026-02-09,7,4.7,0.0,6.8,9182.0,0.63,cloudy
WTH_00009704,2026-02-09,8,4.4,0.0,2.6,7699.0,0.15,clear
WTH_00009705,2026-02-09,9,1.4,0.0,4.5,6023.0,0.42,clear
WTH_00009706,2026-02-09,10,1.1,0.0,21.9,6646.0,0.36,clear
WTH_00009707,2026-02-09,11,-1.5,0.0,4.1,8363.0,0.65,cloudy
WTH_00009708,2026-02-09,12,-1.1,0.0,9.2,7384.0,0.4,clear
WTH_00009709,2026-02-09,13,2.0,0.0,4.5,11901.0,0.65,cloudy
WTH_00009710,2026-02-09,14,-1.7,0.0,5.2,9463.0,0.35,clear
WTH_00009711,2026-02-09,15,-2.0,0.0,7.8,8970.0,0.15,clear
WTH_00009712,2026-02-09,16,-1.4,13.13,11.9,1326.0,0.6,snow
WTH_00009713,2026-02-09,17,-0.8,0.0,18.1,8564.0,0.22,clear
WTH_00009714,2026-02-09,18,-0.7,0.0,23.1,10666.0,0.43,clear
WTH_00009715,2026-02-09,19,-0.6,0.0,5.2,11477.0,0.38,clear
WTH_00009716,2026-02-09,20,3.0,0.0,12.5,9171.0,0.19,clear
WTH_00009717,2026-02-09,21,2.7,0.0,6.8,9081.0,0.23,clear
WTH_00009718,2026-02-09,22,2.5,0.0,5.4,7493.0,0.05,clear
WTH_00009719,2026-02-09,23,7.1,0.0,8.7,10378.0,0.19,clear
WTH_00009720,2026-02-10,0,5.8,0.0,7.9,7602.0,0.71,cloudy
WTH_00009721,2026-02-10,1,3.5,0.0,12.3,8012.0,0.47,clear
WTH_00009722,2026-02-10,2,7.3,0.0,8.4,8765.0,0.29,clear
WTH_00009723,2026-02-10,3,4.4,0.0,7.1,8396.0,0.38,clear
WTH_00009724,2026-02-10,4,4.8,0.0,6.6,8473.0,0.4,clear
WTH_00009725,2026-02-10,5,5.2,0.0,8.7,8150.0,0.64,cloudy
WTH_00009726,2026-02-10,6,6.3,0.0,8.6,9601.0,0.26,clear
WTH_00009727,2026-02-10,7,1.2,0.0,15.3,9577.0,0.12,clear
WTH_00009728,2026-02-10,8,2.4,0.0,5.4,10340.0,0.82,cloudy
WTH_00009729,2026-02-10,9,1.4,0.0,9.0,8180.0,0.78,cloudy
WTH_00009730,2026-02-10,10,3.3,0.0,8.4,7254.0,0.31,clear
WTH_00009731,2026-02-10,11,-2.6,0.0,12.0,9224.0,0.74,cloudy
WTH_00009732,2026-02-10,12,-1.0,0.0,23.6,8627.0,0.29,clear
WTH_00009733,2026-02-10,13,-2.7,0.0,15.0,9200.0,0.04,clear
WTH_00009734,2026-02-10,14,-0.8,0.0,12.0,10954.0,0.44,clear
WTH_00009735,2026-02-10,15,0.2,0.0,20.8,6015.0,0.39,clear
WTH_00009736,2026-02-10,16,-2.8,0.0,7.9,10563.0,0.55,clear
WTH_00009737,2026-02-10,17,-4.8,0.0,4.3,8455.0,0.06,clear
WTH_00009738,2026-02-10,18,0.7,0.0,4.3,7305.0,0.59,clear
WTH_00009739,2026-02-10,19,-1.6,0.0,8.6,8842.0,0.33,clear
WTH_00009740,2026-02-10,20,2.7,0.0,27.7,11404.0,0.29,clear
WTH_00009741,2026-02-10,21,-0.9,0.0,2.2,10728.0,0.63,cloudy
WTH_00009742,2026-02-10,22,1.0,7.64,13.3,1724.0,0.96,snow
WTH_00009743,2026-02-10,23,-0.3,0.0,5.8,8727.0,0.33,clear
WTH_00009744,2026-02-11,0,1.6,19.58,26.5,3040.0,0.41,storm
WTH_00009745,2026-02-11,1,7.6,6.99,29.7,2522.0,0.59,rain
WTH_00009746,2026-02-11,2,6.0,9.84,34.8,1740.0,1.0,storm
WTH_00009747,2026-02-11,3,4.2,6.31,31.8,2709.0,1.0,rain
WTH_00009748,2026-02-11,4,0.6,2.83,23.4,2713.0,0.57,snow
WTH_00009749,2026-02-11,5,3.2,3.52,31.6,2045.0,0.42,rain
WTH_00009750,2026-02-11,6,5.1,4.09,33.1,3292.0,0.78,rain
WTH_00009751,2026-02-11,7,3.1,2.36,28.2,1504.0,0.6,rain
WTH_00009752,2026-02-11,8,4.3,3.01,18.1,2765.0,0.76,rain
WTH_00009753,2026-02-11,9,0.8,11.57,19.2,1352.0,0.55,snow
WTH_00009754,2026-02-11,10,0.5,5.77,24.0,1043.0,0.65,snow
WTH_00009755,2026-02-11,11,-2.4,3.48,22.7,2791.0,0.53,snow
WTH_00009756,2026-02-11,12,2.0,2.03,30.2,3544.0,0.79,rain
WTH_00009757,2026-02-11,13,-3.6,1.22,25.7,738.0,0.57,snow
WTH_00009758,2026-02-11,14,-1.7,3.29,29.0,1321.0,0.58,snow
WTH_00009759,2026-02-11,15,-4.5,2.82,19.3,1219.0,0.43,snow
WTH_00009760,2026-02-11,16,-2.1,4.9,38.7,1156.0,0.44,snow
WTH_00009761,2026-02-11,17,-4.4,10.5,22.0,2316.0,0.44,snow
WTH_00009762,2026-02-11,18,-2.1,7.05,26.1,1444.0,0.75,snow
WTH_00009763,2026-02-11,19,0.6,4.95,17.9,1389.0,0.91,snow
WTH_00009764,2026-02-11,20,-0.3,6.15,17.4,946.0,0.53,snow
WTH_00009765,2026-02-11,21,0.0,2.78,19.5,1836.0,0.72,snow
WTH_00009766,2026-02-11,22,2.1,1.34,25.3,3296.0,0.69,rain
WTH_00009767,2026-02-11,23,6.5,2.07,32.0,2090.0,0.95,rain
WTH_00009768,2026-02-12,0,3.3,0.0,2.8,9825.0,0.36,clear
WTH_00009769,2026-02-12,1,7.7,0.0,19.1,6916.0,0.3,clear
WTH_00009770,2026-02-12,2,4.7,0.0,3.9,10531.0,0.31,clear
WTH_00009771,2026-02-12,3,1.0,0.0,12.7,8701.0,0.48,clear
WTH_00009772,2026-02-12,4,4.9,0.0,27.7,6470.0,0.23,clear
WTH_00009773,2026-02-12,5,7.5,0.0,10.0,7186.0,0.31,clear
WTH_00009774,2026-02-12,6,2.8,0.0,3.4,7500.0,0.56,clear
WTH_00009775,2026-02-12,7,-0.3,0.0,2.5,10530.0,0.8,cloudy
WTH_00009776,2026-02-12,8,4.2,0.0,15.3,11641.0,0.53,clear
WTH_00009777,2026-02-12,9,3.5,0.0,3.8,8875.0,0.44,clear
WTH_00009778,2026-02-12,10,1.4,0.0,23.2,10015.0,0.56,clear
WTH_00009779,2026-02-12,11,-5.6,0.0,4.6,11258.0,0.49,clear
WTH_00009780,2026-02-12,12,-3.4,0.0,2.1,11048.0,0.17,clear
WTH_00009781,2026-02-12,13,-2.4,0.0,15.1,10151.0,0.29,clear
WTH_00009782,2026-02-12,14,0.2,0.0,9.0,6618.0,0.57,clear
WTH_00009783,2026-02-12,15,-0.9,0.0,21.6,11965.0,0.27,clear
WTH_00009784,2026-02-12,16,1.7,0.0,3.3,10826.0,0.6,clear
WTH_00009785,2026-02-12,17,-1.0,0.0,14.0,7392.0,0.21,clear
WTH_00009786,2026-02-12,18,-1.1,0.0,3.8,9418.0,0.11,clear
WTH_00009787,2026-02-12,19,1.2,0.0,7.8,6126.0,0.31,clear
WTH_00009788,2026-02-12,20,3.5,0.0,19.6,8706.0,0.36,clear
WTH_00009789,2026-02-12,21,3.5,0.0,23.3,7848.0,0.3,clear
WTH_00009790,2026-02-12,22,1.3,0.0,22.0,9750.0,0.5,clear
WTH_00009791,2026-02-12,23,4.1,0.0,3.1,7803.0,0.29,clear
WTH_00009792,2026-02-13,0,5.7,0.0,19.0,7645.0,0.06,clear
WTH_00009793,2026-02-13,1,4.9,0.0,2.9,11088.0,0.32,clear
WTH_00009794,2026-02-13,2,2.4,0.0,8.1,9478.0,0.4,clear
WTH_00009795,2026-02-13,3,8.4,0.0,19.0,8531.0,0.15,clear
WTH_00009796,2026-02-13,4,3.2,0.0,2.8,8875.0,0.31,clear
WTH_00009797,2026-02-13,5,7.5,0.0,7.4,6736.0,0.07,clear
WTH_00009798,2026-02-13,6,4.2,9.23,24.6,3483.0,0.68,rain
WTH_00009799,2026-02-13,7,5.4,0.0,9.0,6448.0,0.64,cloudy
WTH_00009800,2026-02-13,8,2.0,0.0,4.6,10281.0,0.37,clear
WTH_00009801,2026-02-13,9,3.9,0.0,19.5,6590.0,0.26,clear
WTH_00009802,2026-02-13,10,3.8,0.0,12.9,11487.0,0.59,clear
WTH_00009803,2026-02-13,11,4.5,0.0,7.4,10657.0,0.32,clear
WTH_00009804,2026-02-13,12,1.3,0.0,12.6,8690.0,0.12,clear
WTH_00009805,2026-02-13,13,-0.7,0.0,33.8,6117.0,0.15,clear
WTH_00009806,2026-02-13,14,-1.1,0.0,14.1,8255.0,0.16,clear
WTH_00009807,2026-02-13,15,-2.6,0.0,9.5,9574.0,0.2,clear
WTH_00009808,2026-02-13,16,-2.8,7.55,5.7,1752.0,0.46,snow
WTH_00009809,2026-02-13,17,-2.5,0.0,10.8,11139.0,0.44,clear
WTH_00009810,2026-02-13,18,-1.1,0.0,12.9,10974.0,0.53,clear
WTH_00009811,2026-02-13,19,-2.3,0.0,11.1,8143.0,0.18,clear
WTH_00009812,2026-02-13,20,2.9,0.0,5.2,8799.0,0.49,clear
WTH_00009813,2026-02-13,21,-5.2,0.0,4.8,8725.0,0.46,clear
WTH_00009814,2026-02-13,22,3.1,0.0,4.4,10058.0,0.21,clear
WTH_00009815,2026-02-13,23,3.6,0.0,3.8,10493.0,0.36,clear
WTH_00009816,2026-02-14,0,3.4,0.0,8.1,7890.0,0.74,cloudy
WTH_00009817,2026-02-14,1,4.5,0.0,3.7,6643.0,0.24,clear
WTH_00009818,2026-02-14,2,6.0,2.13,6.0,2710.0,0.72,rain
WTH_00009819,2026-02-14,3,4.5,0.0,9.2,10979.0,0.47,clear
WTH_00009820,2026-02-14,4,5.7,0.0,22.7,10484.0,0.4,clear
WTH_00009821,2026-02-14,5,6.5,0.0,15.0,7075.0,0.22,clear
WTH_00009822,2026-02-14,6,7.9,0.0,5.7,11871.0,0.36,clear
WTH_00009823,2026-02-14,7,4.7,0.0,11.9,10248.0,0.21,clear
WTH_00009824,2026-02-14,8,4.1,0.0,26.3,10537.0,0.12,clear
WTH_00009825,2026-02-14,9,1.0,0.0,3.2,11593.0,0.12,clear
WTH_00009826,2026-02-14,10,1.8,0.0,10.8,6823.0,0.31,clear
WTH_00009827,2026-02-14,11,3.6,6.72,21.5,1167.0,0.7,rain
WTH_00009828,2026-02-14,12,-3.1,0.0,6.1,6528.0,0.11,clear
WTH_00009829,2026-02-14,13,-0.5,0.0,16.2,9190.0,0.25,clear
WTH_00009830,2026-02-14,14,-3.1,0.0,26.4,7994.0,0.41,clear
WTH_00009831,2026-02-14,15,-2.5,0.0,29.3,9512.0,0.28,clear
WTH_00009832,2026-02-14,16,-0.9,0.0,4.6,11718.0,0.27,clear
WTH_00009833,2026-02-14,17,-0.4,0.0,5.8,9565.0,0.11,clear
WTH_00009834,2026-02-14,18,2.5,0.0,20.5,11367.0,0.35,clear
WTH_00009835,2026-02-14,19,1.7,0.0,7.7,9837.0,0.72,cloudy
WTH_00009836,2026-02-14,20,1.3,0.0,8.6,6617.0,0.15,clear
WTH_00009837,2026-02-14,21,0.6,0.0,18.8,6958.0,0.67,cloudy
WTH_00009838,2026-02-14,22,5.1,0.0,15.6,7609.0,0.4,clear
WTH_00009839,2026-02-14,23,5.6,0.0,64.2,6093.0,0.32,clear
WTH_00009840,2026-02-15,0,6.7,0.0,8.2,7996.0,0.17,clear
WTH_00009841,2026-02-15,1,6.2,0.0,1.8,11106.0,0.1,clear
WTH_00009842,2026-02-15,2,2.5,0.0,5.0,10164.0,0.58,clear
WTH_00009843,2026-02-15,3,7.2,0.0,34.6,8084.0,0.38,clear
WTH_00009844,2026-02-15,4,6.9,0.0,31.8,9613.0,0.39,clear
WTH_00009845,2026-02-15,5,6.6,0.0,11.6,6302.0,0.11,clear
WTH_00009846,2026-02-15,6,2.4,0.0,3.6,8727.0,0.27,clear
WTH_00009847,2026-02-15,7,6.0,0.0,8.3,8998.0,0.44,clear
WTH_00009848,2026-02-15,8,7.5,0.0,36.2,10345.0,0.51,clear
WTH_00009849,2026-02-15,9,0.2,0.0,3.7,11803.0,0.3,clear
WTH_00009850,2026-02-15,10,1.1,0.0,26.6,7330.0,0.18,clear
WTH_00009851,2026-02-15,11,3.7,0.0,10.1,10476.0,0.37,clear
WTH_00009852,2026-02-15,12,-5.2,0.0,2.5,6622.0,0.14,clear
WTH_00009853,2026-02-15,13,1.4,0.0,8.4,11786.0,0.31,clear
WTH_00009854,2026-02-15,14,-0.9,0.0,11.1,11653.0,0.42,clear
WTH_00009855,2026-02-15,15,-4.5,0.0,19.5,8219.0,0.2,clear
WTH_00009856,2026-02-15,16,1.8,0.0,30.0,11365.0,0.49,clear
WTH_00009857,2026-02-15,17,0.1,8.74,22.1,1586.0,0.87,snow
WTH_00009858,2026-02-15,18,0.2,0.0,5.3,11384.0,0.67,cloudy
WTH_00009859,2026-02-15,19,-0.6,0.0,25.7,10945.0,0.54,clear
WTH_00009860,2026-02-15,20,2.5,0.0,8.9,6448.0,0.06,clear
WTH_00009861,2026-02-15,21,2.1,0.0,13.2,11574.0,0.6,cloudy
WTH_00009862,2026-02-15,22,3.8,0.0,3.9,7288.0,0.52,clear
WTH_00009863,2026-02-15,23,1.9,0.0,7.5,7709.0,0.17,clear
WTH_00009864,2026-02-16,0,6.9,0.0,9.7,6585.0,0.06,clear
WTH_00009865,2026-02-16,1,6.2,0.0,11.6,7840.0,0.31,clear
WTH_00009866,2026-02-16,2,9.5,0.0,12.1,6167.0,0.21,clear
WTH_00009867,2026-02-16,3,2.7,0.0,8.9,6620.0,0.42,clear
WTH_00009868,2026-02-16,4,4.0,0.0,20.2,9752.0,0.41,clear
WTH_00009869,2026-02-16,5,5.3,0.0,10.3,10502.0,0.21,clear
WTH_00009870,2026-02-16,6,6.1,0.0,6.0,7368.0,0.17,clear
WTH_00009871,2026-02-16,7,2.1,0.0,25.0,7010.0,0.51,clear
WTH_00009872,2026-02-16,8,1.4,0.0,20.2,9847.0,0.16,clear
WTH_00009873,2026-02-16,9,5.3,0.0,7.7,9984.0,0.16,clear
WTH_00009874,2026-02-16,10,3.9,0.0,8.6,10443.0,0.69,cloudy
WTH_00009875,2026-02-16,11,1.6,0.0,9.2,9967.0,0.56,clear
WTH_00009876,2026-02-16,12,-1.0,0.0,10.2,7158.0,0.38,clear
WTH_00009877,2026-02-16,13,-4.1,0.0,7.5,11539.0,0.24,clear
WTH_00009878,2026-02-16,14,-4.9,4.52,10.2,1391.0,0.58,snow
WTH_00009879,2026-02-16,15,-1.6,0.0,9.3,835.0,0.46,fog
WTH_00009880,2026-02-16,16,-0.4,0.0,18.1,7075.0,0.1,clear
WTH_00009881,2026-02-16,17,-4.6,0.0,17.5,10508.0,0.09,clear
WTH_00009882,2026-02-16,18,-2.1,0.0,5.2,11119.0,0.72,cloudy
WTH_00009883,2026-02-16,19,-1.9,0.0,4.9,9974.0,0.21,clear
WTH_00009884,2026-02-16,20,-3.9,0.0,11.9,7461.0,0.16,clear
WTH_00009885,2026-02-16,21,0.0,0.0,8.2,9910.0,0.15,clear
WTH_00009886,2026-02-16,22,1.6,0.0,18.0,6526.0,0.07,clear
WTH_00009887,2026-02-16,23,3.7,0.0,3.6,9615.0,0.3,clear
WTH_00009888,2026-02-17,0,6.9,0.0,16.4,7449.0,0.52,clear
WTH_00009889,2026-02-17,1,8.8,0.0,8.9,7467.0,0.38,clear
WTH_00009890,2026-02-17,2,7.1,0.0,15.9,11632.0,0.48,clear
WTH_00009891,2026-02-17,3,8.1,0.0,22.2,9721.0,0.17,clear
WTH_00009892,2026-02-17,4,7.5,0.0,9.4,11633.0,0.44,clear
WTH_00009893,2026-02-17,5,5.5,0.0,19.5,10327.0,0.29,clear
WTH_00009894,2026-02-17,6,5.4,0.0,20.9,11230.0,0.22,clear
WTH_00009895,2026-02-17,7,3.5,0.0,4.7,9310.0,0.13,clear
WTH_00009896,2026-02-17,8,1.3,0.0,20.3,10039.0,0.18,clear
WTH_00009897,2026-02-17,9,3.5,0.0,4.5,9086.0,0.37,clear
WTH_00009898,2026-02-17,10,-1.0,0.0,1.8,9107.0,0.11,clear
WTH_00009899,2026-02-17,11,-0.1,0.0,5.1,7439.0,0.18,clear
WTH_00009900,2026-02-17,12,-1.6,0.0,7.7,11038.0,0.36,clear
WTH_00009901,2026-02-17,13,-0.6,0.0,11.9,641.0,0.59,fog
WTH_00009902,2026-02-17,14,-0.9,0.0,4.5,8267.0,0.53,clear
WTH_00009903,2026-02-17,15,-3.7,0.0,51.3,6817.0,0.39,clear
WTH_00009904,2026-02-17,16,0.1,0.0,7.6,10451.0,0.49,clear
WTH_00009905,2026-02-17,17,-2.0,0.0,11.1,11219.0,0.63,cloudy
WTH_00009906,2026-02-17,18,-3.8,0.0,13.0,10744.0,0.11,clear
WTH_00009907,2026-02-17,19,1.3,0.0,14.9,7257.0,0.13,clear
WTH_00009908,2026-02-17,20,0.8,0.0,7.3,6042.0,0.49,clear
WTH_00009909,2026-02-17,21,2.5,0.0,25.0,9875.0,0.07,clear
WTH_00009910,2026-02-17,22,1.7,0.0,23.2,11523.0,0.23,clear
WTH_00009911,2026-02-17,23,5.6,0.0,6.1,11060.0,0.14,clear
WTH_00009912,2026-02-18,0,1.9,0.0,6.0,9620.0,0.25,clear
WTH_00009913,2026-02-18,1,2.6,0.0,23.5,11529.0,0.66,cloudy
WTH_00009914,2026-02-18,2,7.7,0.0,39.2,9075.0,0.18,clear
WTH_00009915,2026-02-18,3,5.4,0.0,11.1,6059.0,0.7,cloudy
WTH_00009916,2026-02-18,4,7.2,0.0,2.4,7320.0,0.29,clear
WTH_00009917,2026-02-18,5,7.2,0.0,10.1,8948.0,0.58,clear
WTH_00009918,2026-02-18,6,4.8,0.0,9.5,9082.0,0.4,clear
WTH_00009919,2026-02-18,7,4.4,1.75,8.8,3452.0,0.94,rain
WTH_00009920,2026-02-18,8,0.4,0.0,1.1,10042.0,0.79,cloudy
WTH_00009921,2026-02-18,9,1.0,0.0,10.6,7824.0,0.66,cloudy
WTH_00009922,2026-02-18,10,2.3,0.0,17.2,10339.0,0.41,clear
WTH_00009923,2026-02-18,11,-0.5,0.0,10.0,10438.0,0.4,clear
WTH_00009924,2026-02-18,12,-2.8,0.0,24.6,8212.0,0.64,cloudy
WTH_00009925,2026-02-18,13,-3.4,0.0,4.1,6565.0,0.58,clear
WTH_00009926,2026-02-18,14,1.5,0.0,2.2,7415.0,0.31,clear
WTH_00009927,2026-02-18,15,-0.6,0.0,17.8,11006.0,0.28,clear
WTH_00009928,2026-02-18,16,1.9,0.0,21.8,11105.0,0.21,clear
WTH_00009929,2026-02-18,17,-1.1,0.0,2.9,11293.0,0.05,clear
WTH_00009930,2026-02-18,18,1.4,0.0,11.7,6363.0,0.24,clear
WTH_00009931,2026-02-18,19,-1.5,0.0,14.8,10379.0,0.59,clear
WTH_00009932,2026-02-18,20,1.7,0.0,9.2,11381.0,0.48,clear
WTH_00009933,2026-02-18,21,2.8,0.0,22.6,9850.0,0.4,clear
WTH_00009934,2026-02-18,22,0.2,0.0,7.7,11788.0,0.59,clear
WTH_00009935,2026-02-18,23,4.0,0.0,10.3,11832.0,0.28,clear
WTH_00009936,2026-02-19,0,7.5,0.0,14.5,6197.0,0.26,clear
WTH_00009937,2026-02-19,1,5.7,0.0,8.5,10923.0,0.35,clear
WTH_00009938,2026-02-19,2,6.7,0.0,1.4,9855.0,0.49,clear
WTH_00009939,2026-02-19,3,8.2,0.0,5.0,10924.0,0.06,clear
WTH_00009940,2026-02-19,4,4.9,0.0,3.7,7006.0,0.39,clear
WTH_00009941,2026-02-19,5,6.0,0.0,23.7,10955.0,0.57,clear
WTH_00009942,2026-02-19,6,3.9,0.0,11.2,11836.0,0.39,clear
WTH_00009943,2026-02-19,7,1.3,0.0,14.5,9217.0,0.29,clear
WTH_00009944,2026-02-19,8,4.1,0.0,4.5,7817.0,0.21,clear
WTH_00009945,2026-02-19,9,3.5,0.0,0.6,11489.0,0.3,clear
WTH_00009946,2026-02-19,10,1.1,0.0,34.3,10245.0,0.7,cloudy
WTH_00009947,2026-02-19,11,2.4,7.08,18.7,830.0,0.95,rain
WTH_00009948,2026-02-19,12,-2.2,0.0,6.9,10677.0,0.08,clear
WTH_00009949,2026-02-19,13,-3.6,0.0,8.8,7922.0,0.23,clear
WTH_00009950,2026-02-19,14,2.6,0.0,18.7,9883.0,0.45,clear
WTH_00009951,2026-02-19,15,-3.5,5.37,14.0,1565.0,0.98,snow
WTH_00009952,2026-02-19,16,2.2,0.0,24.0,6830.0,0.37,clear
WTH_00009953,2026-02-19,17,1.4,0.0,43.4,10100.0,0.15,clear
WTH_00009954,2026-02-19,18,-0.3,0.0,10.9,9999.0,0.44,clear
WTH_00009955,2026-02-19,19,0.5,0.0,22.6,650.0,0.34,fog
WTH_00009956,2026-02-19,20,1.2,0.0,5.4,8028.0,0.09,clear
WTH_00009957,2026-02-19,21,-2.8,0.0,6.4,8810.0,0.65,cloudy
WTH_00009958,2026-02-19,22,3.2,0.0,17.6,6957.0,0.49,clear
WTH_00009959,2026-02-19,23,1.9,0.0,13.8,10138.0,0.22,clear
WTH_00009960,2026-02-20,0,3.4,2.31,36.1,3624.0,0.85,rain
WTH_00009961,2026-02-20,1,2.2,4.92,31.7,3564.0,0.76,rain
WTH_00009962,2026-02-20,2,1.6,5.17,22.1,1911.0,0.53,rain
WTH_00009963,2026-02-20,3,8.1,2.72,31.6,2660.0,0.69,rain
WTH_00009964,2026-02-20,4,9.6,2.04,24.8,3848.0,0.48,rain
WTH_00009965,2026-02-20,5,5.4,3.0,23.6,1245.0,0.6,rain
WTH_00009966,2026-02-20,6,7.1,11.23,25.0,3401.0,0.65,storm
WTH_00009967,2026-02-20,7,3.7,9.55,29.8,3033.0,0.9,storm
WTH_00009968,2026-02-20,8,2.8,8.91,19.5,2637.0,0.92,storm
WTH_00009969,2026-02-20,9,0.7,2.23,32.7,512.0,0.75,snow
WTH_00009970,2026-02-20,10,1.4,7.96,27.4,1942.0,0.53,snow
WTH_00009971,2026-02-20,11,-2.3,3.52,22.0,2908.0,0.62,snow
WTH_00009972,2026-02-20,12,-0.4,6.57,20.1,1992.0,0.78,snow
WTH_00009973,2026-02-20,13,0.0,4.13,21.7,1777.0,0.74,snow
WTH_00009974,2026-02-20,14,0.9,3.92,27.4,774.0,0.48,snow
WTH_00009975,2026-02-20,15,-3.0,1.29,37.9,539.0,0.52,snow
WTH_00009976,2026-02-20,16,-0.2,1.33,26.9,2056.0,1.0,snow
WTH_00009977,2026-02-20,17,-0.6,7.31,21.5,1125.0,0.75,snow
WTH_00009978,2026-02-20,18,4.6,2.82,24.7,3454.0,0.6,rain
WTH_00009979,2026-02-20,19,3.0,3.33,23.5,874.0,0.89,rain
WTH_00009980,2026-02-20,20,3.6,4.41,24.2,1460.0,0.84,rain
WTH_00009981,2026-02-20,21,2.1,3.92,17.8,3906.0,0.54,rain
WTH_00009982,2026-02-20,22,5.8,0.85,35.8,1194.0,0.87,rain
WTH_00009983,2026-02-20,23,1.7,12.36,17.0,2916.0,0.63,storm
WTH_00009984,2026-02-21,0,3.5,4.09,23.4,1060.0,0.53,rain
WTH_00009985,2026-02-21,1,5.6,10.87,18.0,2370.0,0.71,storm
WTH_00009986,2026-02-21,2,2.2,14.13,28.8,3755.0,0.76,storm
WTH_00009987,2026-02-21,3,5.3,2.38,27.9,961.0,0.63,rain
WTH_00009988,2026-02-21,4,6.5,4.72,19.1,2793.0,0.58,rain
WTH_00009989,2026-02-21,5,3.0,5.36,21.3,3471.0,0.87,rain
WTH_00009990,2026-02-21,6,3.9,10.87,30.2,1384.0,0.67,storm
WTH_00009991,2026-02-21,7,6.1,4.41,18.3,3731.0,0.68,rain
WTH_00009992,2026-02-21,8,2.8,3.0,34.7,2491.0,0.74,rain
WTH_00009993,2026-02-21,9,1.0,15.13,28.9,737.0,0.5,snow
WTH_00009994,2026-02-21,10,-0.6,6.38,24.5,2637.0,0.88,snow
WTH_00009995,2026-02-21,11,1.6,2.47,53.1,2244.0,0.83,rain
WTH_00009996,2026-02-21,12,-2.6,10.95,39.3,1410.0,0.9,snow
WTH_00009997,2026-02-21,13,-4.0,8.13,20.6,2295.0,0.41,snow
WTH_00009998,2026-02-21,14,0.3,2.03,18.8,1007.0,0.65,snow
WTH_00009999,2026-02-21,15,-2.0,6.87,24.0,2500.0,0.41,snow
WTH_00010000,2026-02-21,16,-3.8,0.74,28.7,1104.0,0.91,snow
WTH_00010001,2026-02-21,17,0.1,6.89,31.2,1942.0,0.76,snow
WTH_00010002,2026-02-21,18,-0.4,2.83,21.0,2032.0,0.73,snow
WTH_00010003,2026-02-21,19,3.0,2.62,32.0,3731.0,1.0,rain
WTH_00010004,2026-02-21,20,0.1,1.93,22.5,597.0,0.67,snow
WTH_00010005,2026-02-21,21,1.0,9.64,36.9,2004.0,0.49,snow
WTH_00010006,2026-02-21,22,5.3,6.57,28.1,2763.0,1.0,rain
WTH_00010007,2026-02-21,23,4.2,3.49,22.0,2673.0,0.73,rain
WTH_00010008,2026-02-22,0,5.4,1.61,19.9,1653.0,0.89,rain
WTH_00010009,2026-02-22,1,4.2,14.88,35.8,2634.0,0.84,storm
WTH_00010010,2026-02-22,2,4.8,9.8,26.1,2998.0,0.96,storm
WTH_00010011,2026-02-22,3,7.4,2.25,42.2,2949.0,0.76,rain
WTH_00010012,2026-02-22,4,7.1,8.15,17.2,2926.0,0.69,storm
WTH_00010013,2026-02-22,5,9.5,11.7,28.5,3573.0,0.93,storm
WTH_00010014,2026-02-22,6,8.7,8.14,44.7,1917.0,0.68,storm
WTH_00010015,2026-02-22,7,5.2,1.66,30.4,2340.0,0.6,rain
WTH_00010016,2026-02-22,8,4.5,3.81,20.8,936.0,0.8,rain
WTH_00010017,2026-02-22,9,2.1,4.12,22.1,2262.0,0.52,rain
WTH_00010018,2026-02-22,10,1.0,12.59,23.7,884.0,0.95,snow
WTH_00010019,2026-02-22,11,-3.0,6.62,33.1,1202.0,0.65,snow
WTH_00010020,2026-02-22,12,-0.3,2.1,20.5,546.0,0.73,snow
WTH_00010021,2026-02-22,13,-4.6,7.52,27.3,2337.0,0.74,snow
WTH_00010022,2026-02-22,14,-0.3,4.45,18.9,2044.0,0.52,snow
WTH_00010023,2026-02-22,15,-1.3,1.61,52.9,1491.0,0.44,snow
WTH_00010024,2026-02-22,16,-3.6,1.25,29.8,638.0,1.0,snow
WTH_00010025,2026-02-22,17,-0.3,1.73,23.9,1943.0,0.74,snow
WTH_00010026,2026-02-22,18,-1.8,14.25,25.1,2728.0,0.48,snow
WTH_00010027,2026-02-22,19,-1.8,1.38,26.6,2561.0,0.54,snow
WTH_00010028,2026-02-22,20,1.2,6.72,44.1,1740.0,0.68,snow
WTH_00010029,2026-02-22,21,0.7,1.18,19.1,2433.0,0.55,snow
WTH_00010030,2026-02-22,22,5.5,6.19,21.9,1137.0,0.54,rain
WTH_00010031,2026-02-22,23,3.8,4.92,29.2,1142.0,0.97,rain
WTH_00010032,2026-02-23,0,4.4,0.0,21.8,7149.0,0.37,clear
WTH_00010033,2026-02-23,1,4.1,0.0,11.3,8491.0,0.36,clear
WTH_00010034,2026-02-23,2,5.4,0.0,10.9,11579.0,0.34,clear
WTH_00010035,2026-02-23,3,11.4,0.0,24.6,7436.0,0.35,clear
WTH_00010036,2026-02-23,4,3.9,0.0,15.2,7452.0,0.4,clear
WTH_00010037,2026-02-23,5,5.1,0.0,11.5,9892.0,0.45,clear
WTH_00010038,2026-02-23,6,3.7,0.0,10.8,9813.0,0.75,cloudy
WTH_00010039,2026-02-23,7,2.2,0.0,3.9,9304.0,0.43,clear
WTH_00010040,2026-02-23,8,0.8,0.0,31.8,6309.0,0.29,clear
WTH_00010041,2026-02-23,9,0.3,0.0,6.4,6061.0,0.18,clear
WTH_00010042,2026-02-23,10,4.0,0.0,9.0,11385.0,0.16,clear
WTH_00010043,2026-02-23,11,0.9,0.0,31.0,10449.0,0.23,clear
WTH_00010044,2026-02-23,12,0.5,0.0,2.1,6346.0,0.16,clear
WTH_00010045,2026-02-23,13,-2.3,0.0,11.2,11070.0,0.22,clear
WTH_00010046,2026-02-23,14,-1.9,0.0,6.8,10343.0,0.3,clear
WTH_00010047,2026-02-23,15,-2.8,0.0,10.5,7609.0,0.26,clear
WTH_00010048,2026-02-23,16,-2.9,0.0,14.2,9699.0,0.45,clear
WTH_00010049,2026-02-23,17,-5.1,0.0,8.8,7006.0,0.31,clear
WTH_00010050,2026-02-23,18,-2.4,0.0,19.3,11398.0,0.23,clear
WTH_00010051,2026-02-23,19,-0.7,5.17,4.1,873.0,0.88,snow
WTH_00010052,2026-02-23,20,-1.2,0.0,15.7,8412.0,0.35,clear
WTH_00010053,2026-02-23,21,0.5,0.0,9.2,10395.0,0.55,clear
WTH_00010054,2026-02-23,22,4.1,0.0,22.3,7248.0,0.3,clear
WTH_00010055,2026-02-23,23,2.5,0.0,8.5,11461.0,0.52,clear
WTH_00010056,2026-02-24,0,6.4,0.0,7.2,8887.0,0.6,cloudy
WTH_00010057,2026-02-24,1,6.4,0.0,8.5,6733.0,0.28,clear
WTH_00010058,2026-02-24,2,7.3,0.0,7.3,9381.0,0.4,clear
WTH_00010059,2026-02-24,3,7.5,0.0,5.8,6270.0,0.54,clear
WTH_00010060,2026-02-24,4,4.9,0.0,17.8,9288.0,0.2,clear
WTH_00010061,2026-02-24,5,5.6,0.0,9.5,10798.0,0.52,clear
WTH_00010062,2026-02-24,6,6.9,0.0,5.6,7182.0,0.05,clear
WTH_00010063,2026-02-24,7,4.8,0.0,4.9,11482.0,0.25,clear
WTH_00010064,2026-02-24,8,2.4,0.0,6.0,10394.0,0.69,cloudy
WTH_00010065,2026-02-24,9,1.5,4.5,1.9,3390.0,0.85,rain
WTH_00010066,2026-02-24,10,0.8,0.0,24.9,7281.0,0.23,clear
WTH_00010067,2026-02-24,11,-2.9,0.0,20.6,10354.0,0.23,clear
WTH_00010068,2026-02-24,12,1.2,0.0,10.7,6868.0,0.16,clear
WTH_00010069,2026-02-24,13,1.3,0.0,7.1,6349.0,0.7,cloudy
WTH_00010070,2026-02-24,14,-5.4,0.0,12.1,9745.0,0.08,clear
WTH_00010071,2026-02-24,15,-2.8,3.8,7.0,1085.0,0.51,snow
WTH_00010072,2026-02-24,16,-4.4,0.0,21.8,7473.0,0.15,clear
WTH_00010073,2026-02-24,17,0.6,0.0,16.5,6379.0,0.29,clear
WTH_00010074,2026-02-24,18,0.1,0.0,8.6,9321.0,0.14,clear
WTH_00010075,2026-02-24,19,0.3,0.0,6.8,10480.0,0.36,clear
WTH_00010076,2026-02-24,20,0.8,0.0,9.3,6492.0,0.22,clear
WTH_00010077,2026-02-24,21,2.8,0.0,3.4,9713.0,0.58,clear
WTH_00010078,2026-02-24,22,4.7,0.0,10.1,557.0,0.45,fog
WTH_00010079,2026-02-24,23,1.6,0.0,23.8,6330.0,0.22,clear
WTH_00010080,2026-02-25,0,1.8,0.0,13.3,9330.0,0.28,clear
WTH_00010081,2026-02-25,1,7.4,0.0,5.3,8255.0,0.29,clear
WTH_00010082,2026-02-25,2,5.8,0.0,23.5,8063.0,0.08,clear
WTH_00010083,2026-02-25,3,5.8,0.0,24.1,8978.0,0.62,cloudy
WTH_00010084,2026-02-25,4,8.4,0.0,8.4,11221.0,0.28,clear
WTH_00010085,2026-02-25,5,6.9,0.0,18.8,6609.0,0.13,clear
WTH_00010086,2026-02-25,6,5.0,0.0,17.2,8858.0,0.24,clear
WTH_00010087,2026-02-25,7,2.7,0.0,18.4,9520.0,0.4,clear
WTH_00010088,2026-02-25,8,0.8,0.0,10.1,9953.0,0.32,clear
WTH_00010089,2026-02-25,9,3.3,0.0,8.7,7777.0,0.06,clear
WTH_00010090,2026-02-25,10,1.4,0.0,23.0,10180.0,0.21,clear
WTH_00010091,2026-02-25,11,0.2,0.0,7.5,6552.0,0.07,clear
WTH_00010092,2026-02-25,12,-3.2,0.0,21.4,7185.0,0.26,clear
WTH_00010093,2026-02-25,13,-2.0,0.0,3.9,7756.0,0.19,clear
WTH_00010094,2026-02-25,14,-4.3,0.0,5.0,11533.0,0.64,cloudy
WTH_00010095,2026-02-25,15,2.1,0.0,10.6,7681.0,0.19,clear
WTH_00010096,2026-02-25,16,-2.4,0.0,13.7,10285.0,0.11,clear
WTH_00010097,2026-02-25,17,-2.5,0.0,14.4,9954.0,0.45,clear
WTH_00010098,2026-02-25,18,-3.0,0.0,13.6,10216.0,0.78,cloudy
WTH_00010099,2026-02-25,19,-2.2,0.0,17.6,10340.0,0.32,clear
WTH_00010100,2026-02-25,20,0.3,0.0,21.1,8580.0,0.6,clear
WTH_00010101,2026-02-25,21,0.2,0.0,5.9,8472.0,0.63,cloudy
WTH_00010102,2026-02-25,22,3.5,0.0,13.1,7876.0,0.41,clear
WTH_00010103,2026-02-25,23,-0.6,0.0,2.7,6757.0,0.09,clear
WTH_00010104,2026-02-26,0,6.9,0.0,13.8,7096.0,0.03,clear
WTH_00010105,2026-02-26,1,2.5,0.13,5.2,2876.0,0.71,rain
WTH_00010106,2026-02-26,2,9.3,0.0,12.7,10112.0,0.15,clear
WTH_00010107,2026-02-26,3,4.9,0.0,18.2,10340.0,0.37,clear
WTH_00010108,2026-02-26,4,2.9,0.0,11.5,8941.0,0.34,clear
WTH_00010109,2026-02-26,5,3.1,0.0,6.7,9675.0,0.17,clear
WTH_00010110,2026-02-26,6,4.1,0.0,13.8,10262.0,0.59,clear
WTH_00010111,2026-02-26,7,-0.5,0.0,6.2,6190.0,0.22,clear
WTH_00010112,2026-02-26,8,0.2,0.0,7.6,7686.0,0.18,clear
WTH_00010113,2026-02-26,9,1.5,1.39,15.1,801.0,0.49,snow
WTH_00010114,2026-02-26,10,1.4,0.0,3.1,8503.0,0.48,clear
WTH_00010115,2026-02-26,11,3.0,0.0,13.1,11434.0,0.15,clear
WTH_00010116,2026-02-26,12,-0.6,0.0,1.9,6948.0,0.71,cloudy
WTH_00010117,2026-02-26,13,-0.5,0.0,15.8,8941.0,0.43,clear
WTH_00010118,2026-02-26,14,-2.8,0.0,24.8,592.0,0.22,fog
WTH_00010119,2026-02-26,15,-2.2,0.0,3.5,8010.0,0.11,clear
WTH_00010120,2026-02-26,16,-0.2,0.0,12.1,11193.0,0.21,clear
WTH_00010121,2026-02-26,17,-3.0,0.0,2.5,11699.0,0.36,clear
WTH_00010122,2026-02-26,18,-0.3,0.0,11.8,10689.0,0.67,cloudy
WTH_00010123,2026-02-26,19,-0.4,0.0,1.6,6519.0,0.27,clear
WTH_00010124,2026-02-26,20,0.5,0.0,4.9,10235.0,0.23,clear
WTH_00010125,2026-02-26,21,3.7,0.0,5.5,8172.0,0.41,clear
WTH_00010126,2026-02-26,22,3.9,0.0,26.0,6939.0,0.55,clear
WTH_00010127,2026-02-26,23,6.7,0.0,16.1,9500.0,0.36,clear
WTH_00010128,2026-02-27,0,4.8,0.0,3.2,8970.0,0.22,clear
WTH_00010129,2026-02-27,1,4.9,0.0,7.8,9399.0,0.37,clear
WTH_00010130,2026-02-27,2,5.0,0.0,5.2,7970.0,0.43,clear
WTH_00010131,2026-02-27,3,6.3,0.0,7.8,9050.0,0.18,clear
WTH_00010132,2026-02-27,4,6.3,0.0,2.1,9020.0,0.16,clear
WTH_00010133,2026-02-27,5,5.8,0.0,14.3,8317.0,0.16,clear
WTH_00010134,2026-02-27,6,4.9,0.0,9.2,10061.0,0.14,clear
WTH_00010135,2026-02-27,7,2.6,0.0,1.5,10490.0,0.11,clear
WTH_00010136,2026-02-27,8,5.0,0.0,17.0,6666.0,0.56,clear
WTH_00010137,2026-02-27,9,1.2,0.0,6.3,9358.0,0.33,clear
WTH_00010138,2026-02-27,10,-0.6,0.0,5.3,6251.0,0.26,clear
WTH_00010139,2026-02-27,11,-0.9,0.0,3.5,10613.0,0.22,clear
WTH_00010140,2026-02-27,12,-1.5,0.0,17.5,8940.0,0.04,clear
WTH_00010141,2026-02-27,13,0.1,0.0,2.0,11133.0,0.18,clear
WTH_00010142,2026-02-27,14,-1.8,0.0,17.1,8919.0,0.31,clear
WTH_00010143,2026-02-27,15,1.3,0.0,5.0,11073.0,0.15,clear
WTH_00010144,2026-02-27,16,-1.5,0.0,15.5,6665.0,0.32,clear
WTH_00010145,2026-02-27,17,-3.1,0.0,5.0,8839.0,0.36,clear
WTH_00010146,2026-02-27,18,-0.1,0.0,5.0,9366.0,0.13,clear
WTH_00010147,2026-02-27,19,-2.4,0.0,3.0,869.0,0.15,fog
WTH_00010148,2026-02-27,20,0.3,0.0,16.1,7610.0,0.71,cloudy
WTH_00010149,2026-02-27,21,2.4,0.0,5.8,7606.0,0.01,clear
WTH_00010150,2026-02-27,22,4.1,0.0,5.2,7891.0,0.37,clear
WTH_00010151,2026-02-27,23,1.7,0.0,17.5,177.0,0.23,fog
WTH_00010152,2026-02-28,0,7.0,10.23,51.5,3432.0,0.81,storm
WTH_00010153,2026-02-28,1,4.1,5.66,22.5,3485.0,0.54,rain
WTH_00010154,2026-02-28,2,5.9,2.23,23.2,2416.0,0.67,rain
WTH_00010155,2026-02-28,3,6.1,3.39,16.6,2344.0,1.0,rain
WTH_00010156,2026-02-28,4,5.1,2.54,17.2,948.0,0.9,rain
WTH_00010157,2026-02-28,5,5.9,12.77,27.0,1575.0,0.65,storm
WTH_00010158,2026-02-28,6,1.4,1.05,30.8,1273.0,0.72,snow
WTH_00010159,2026-02-28,7,3.3,1.02,17.7,3432.0,0.7,rain
WTH_00010160,2026-02-28,8,5.3,3.27,35.2,1449.0,0.92,rain
WTH_00010161,2026-02-28,9,3.4,8.85,19.2,1105.0,0.4,storm
WTH_00010162,2026-02-28,10,-0.8,1.94,20.0,1561.0,0.91,snow
WTH_00010163,2026-02-28,11,2.6,5.32,22.5,2944.0,0.65,rain
WTH_00010164,2026-02-28,12,0.7,8.41,33.7,859.0,0.47,snow
WTH_00010165,2026-02-28,13,0.9,1.11,22.9,1785.0,0.94,snow
WTH_00010166,2026-02-28,14,-2.2,0.44,22.1,2764.0,0.73,snow
WTH_00010167,2026-02-28,15,-5.2,6.03,22.8,735.0,0.57,snow
WTH_00010168,2026-02-28,16,-0.2,5.08,20.8,1234.0,0.73,snow
WTH_00010169,2026-02-28,17,-4.0,6.06,34.1,1635.0,0.56,snow
WTH_00010170,2026-02-28,18,-1.1,5.97,17.5,643.0,0.51,snow
WTH_00010171,2026-02-28,19,-4.2,0.87,36.3,635.0,0.82,snow
WTH_00010172,2026-02-28,20,1.9,4.63,27.0,3895.0,0.54,rain
WTH_00010173,2026-02-28,21,6.6,5.17,38.5,3430.0,0.78,rain
WTH_00010174,2026-02-28,22,3.4,4.5,25.8,2798.0,0.6,rain
WTH_00010175,2026-02-28,23,5.9,8.12,26.3,1998.0,0.91,storm
WTH_00010176,2026-03-01,0,14.6,0.0,8.5,9919.0,0.25,clear
WTH_00010177,2026-03-01,1,14.6,0.0,9.1,9238.0,0.05,clear
WTH_00010178,2026-03-01,2,15.4,0.0,1.5,10694.0,0.15,clear
WTH_00010179,2026-03-01,3,14.4,0.0,6.1,6853.0,0.51,clear
WTH_00010180,2026-03-01,4,18.2,0.0,0.2,7496.0,0.38,clear
WTH_00010181,2026-03-01,5,17.2,0.0,6.1,6214.0,0.67,cloudy
WTH_00010182,2026-03-01,6,16.1,0.0,24.2,8793.0,0.39,clear
WTH_00010183,2026-03-01,7,14.3,0.0,6.2,7834.0,0.06,clear
WTH_00010184,2026-03-01,8,13.5,0.0,11.7,7229.0,0.12,clear
WTH_00010185,2026-03-01,9,13.3,0.0,22.9,11133.0,0.32,clear
WTH_00010186,2026-03-01,10,10.8,0.0,0.3,10556.0,0.18,clear
WTH_00010187,2026-03-01,11,10.2,0.0,20.3,11449.0,0.53,clear
WTH_00010188,2026-03-01,12,9.8,0.0,19.9,11862.0,0.21,clear
WTH_00010189,2026-03-01,13,8.3,0.0,27.4,9105.0,0.19,clear
WTH_00010190,2026-03-01,14,10.1,0.0,12.9,9650.0,0.51,clear
WTH_00010191,2026-03-01,15,6.3,2.0,5.3,1092.0,1.0,rain
WTH_00010192,2026-03-01,16,12.3,0.0,13.5,9024.0,0.48,clear
WTH_00010193,2026-03-01,17,10.7,0.0,10.4,10991.0,0.45,clear
WTH_00010194,2026-03-01,18,9.3,0.0,9.3,7121.0,0.33,clear
WTH_00010195,2026-03-01,19,10.9,0.0,11.2,7277.0,0.28,clear
WTH_00010196,2026-03-01,20,10.2,0.0,8.9,7862.0,0.32,clear
WTH_00010197,2026-03-01,21,13.8,0.0,4.0,7717.0,0.32,clear
WTH_00010198,2026-03-01,22,12.4,0.0,14.6,8709.0,0.49,clear
WTH_00010199,2026-03-01,23,15.2,0.0,18.9,11640.0,0.16,clear
WTH_00010200,2026-03-02,0,14.8,0.0,52.2,6291.0,0.32,clear
WTH_00010201,2026-03-02,1,15.5,0.0,16.0,9956.0,0.07,clear
WTH_00010202,2026-03-02,2,19.5,0.0,16.5,11639.0,0.07,clear
WTH_00010203,2026-03-02,3,16.5,0.0,23.2,1004.0,0.08,fog
WTH_00010204,2026-03-02,4,17.1,0.0,5.6,11935.0,0.43,clear
WTH_00010205,2026-03-02,5,14.9,0.0,3.4,9205.0,0.47,clear
WTH_00010206,2026-03-02,6,18.5,0.0,12.4,11210.0,0.29,clear
WTH_00010207,2026-03-02,7,14.7,0.0,16.0,10293.0,0.38,clear
WTH_00010208,2026-03-02,8,14.2,6.87,0.7,2665.0,0.91,rain
WTH_00010209,2026-03-02,9,13.0,0.0,26.9,6666.0,0.71,cloudy
WTH_00010210,2026-03-02,10,8.8,0.0,12.2,7900.0,0.26,clear
WTH_00010211,2026-03-02,11,11.7,0.0,16.0,9764.0,0.42,clear
WTH_00010212,2026-03-02,12,7.1,0.0,5.3,9000.0,0.38,clear
WTH_00010213,2026-03-02,13,6.6,0.0,6.9,11973.0,0.39,clear
WTH_00010214,2026-03-02,14,12.0,0.0,7.4,10628.0,0.35,clear
WTH_00010215,2026-03-02,15,8.1,0.0,5.3,10276.0,0.17,clear
WTH_00010216,2026-03-02,16,11.6,0.0,24.0,8006.0,0.68,cloudy
WTH_00010217,2026-03-02,17,6.8,0.0,12.2,10464.0,0.14,clear
WTH_00010218,2026-03-02,18,6.2,0.0,13.6,10256.0,0.19,clear
WTH_00010219,2026-03-02,19,10.8,0.0,17.1,8957.0,0.44,clear
WTH_00010220,2026-03-02,20,12.7,0.0,11.5,11791.0,0.4,clear
WTH_00010221,2026-03-02,21,12.6,0.0,1.2,11654.0,0.82,cloudy
WTH_00010222,2026-03-02,22,17.8,0.0,10.2,11188.0,0.14,clear
WTH_00010223,2026-03-02,23,13.0,0.0,8.0,10980.0,0.24,clear
WTH_00010224,2026-03-03,0,21.7,0.0,2.2,10170.0,0.46,clear
WTH_00010225,2026-03-03,1,16.9,0.0,5.2,10111.0,0.37,clear
WTH_00010226,2026-03-03,2,18.5,0.0,22.3,783.0,0.42,fog
WTH_00010227,2026-03-03,3,17.0,0.0,8.6,10572.0,0.33,clear
WTH_00010228,2026-03-03,4,18.7,0.0,8.6,9600.0,0.37,clear
WTH_00010229,2026-03-03,5,20.0,0.0,6.5,10081.0,0.24,clear
WTH_00010230,2026-03-03,6,14.4,0.0,8.3,7189.0,0.58,clear
WTH_00010231,2026-03-03,7,18.5,0.0,1.8,6808.0,0.63,cloudy
WTH_00010232,2026-03-03,8,13.0,6.78,4.2,1361.0,0.76,rain
WTH_00010233,2026-03-03,9,14.6,0.0,12.7,7945.0,0.16,clear
WTH_00010234,2026-03-03,10,12.0,0.0,3.1,9809.0,0.8,cloudy
WTH_00010235,2026-03-03,11,13.5,0.0,11.1,10165.0,0.7,cloudy
WTH_00010236,2026-03-03,12,11.8,0.0,18.2,8454.0,0.4,clear
WTH_00010237,2026-03-03,13,12.1,0.0,10.9,8253.0,0.18,clear
WTH_00010238,2026-03-03,14,6.4,0.0,12.2,6095.0,0.55,clear
WTH_00010239,2026-03-03,15,7.7,0.0,10.2,9451.0,0.4,clear
WTH_00010240,2026-03-03,16,10.2,0.0,19.3,6470.0,0.16,clear
WTH_00010241,2026-03-03,17,10.9,0.0,9.4,8736.0,0.05,clear
WTH_00010242,2026-03-03,18,8.4,0.0,5.6,9391.0,0.13,clear
WTH_00010243,2026-03-03,19,10.2,0.0,11.9,6020.0,0.44,clear
WTH_00010244,2026-03-03,20,14.0,0.0,19.5,9488.0,0.12,clear
WTH_00010245,2026-03-03,21,12.4,0.0,7.7,11906.0,0.15,clear
WTH_00010246,2026-03-03,22,11.9,0.0,4.0,9226.0,0.24,clear
WTH_00010247,2026-03-03,23,15.1,0.0,12.9,10513.0,0.08,clear
WTH_00010248,2026-03-04,0,14.4,8.73,27.3,2536.0,0.49,storm
WTH_00010249,2026-03-04,1,19.5,2.33,24.7,3546.0,0.52,rain
WTH_00010250,2026-03-04,2,17.7,2.38,28.8,913.0,0.52,rain
WTH_00010251,2026-03-04,3,16.2,8.17,24.2,3755.0,0.68,storm
WTH_00010252,2026-03-04,4,16.3,7.59,17.7,3641.0,0.55,rain
WTH_00010253,2026-03-04,5,18.0,5.17,34.5,3734.0,0.54,rain
WTH_00010254,2026-03-04,6,14.7,13.94,33.6,3463.0,0.65,storm
WTH_00010255,2026-03-04,7,15.1,14.09,34.3,2735.0,0.65,storm
WTH_00010256,2026-03-04,8,13.1,9.45,33.7,2280.0,1.0,storm
WTH_00010257,2026-03-04,9,11.6,2.3,24.1,1729.0,0.48,rain
WTH_00010258,2026-03-04,10,10.5,7.86,32.6,2254.0,0.48,rain
WTH_00010259,2026-03-04,11,7.4,1.07,34.6,1384.0,0.52,rain
WTH_00010260,2026-03-04,12,12.8,4.54,32.3,2037.0,1.0,rain
WTH_00010261,2026-03-04,13,11.2,3.63,36.6,3914.0,0.48,rain
WTH_00010262,2026-03-04,14,8.1,6.62,41.1,2971.0,0.52,rain
WTH_00010263,2026-03-04,15,10.2,8.06,23.3,3721.0,0.69,storm
WTH_00010264,2026-03-04,16,5.8,3.31,27.0,2071.0,0.49,rain
WTH_00010265,2026-03-04,17,12.2,1.45,31.2,2697.0,0.74,rain
WTH_00010266,2026-03-04,18,9.7,3.35,40.3,2530.0,0.56,rain
WTH_00010267,2026-03-04,19,12.6,3.92,19.2,3721.0,0.51,rain
WTH_00010268,2026-03-04,20,11.1,2.9,26.9,3844.0,0.87,rain
WTH_00010269,2026-03-04,21,17.1,6.7,27.6,3770.0,0.95,rain
WTH_00010270,2026-03-04,22,14.1,6.76,42.5,2202.0,0.61,rain
WTH_00010271,2026-03-04,23,14.5,13.89,28.6,1601.0,0.59,storm
WTH_00010272,2026-03-05,0,18.4,0.0,8.6,10760.0,0.74,cloudy
WTH_00010273,2026-03-05,1,11.6,0.0,1.3,441.0,0.26,fog
WTH_00010274,2026-03-05,2,15.9,0.0,20.1,8363.0,0.38,clear
WTH_00010275,2026-03-05,3,18.5,0.0,29.9,11993.0,0.55,clear
WTH_00010276,2026-03-05,4,16.1,0.0,8.0,6606.0,0.38,clear
WTH_00010277,2026-03-05,5,16.5,0.0,15.1,11067.0,0.29,clear
WTH_00010278,2026-03-05,6,14.9,0.0,0.7,6845.0,0.58,clear
WTH_00010279,2026-03-05,7,13.1,0.0,8.8,6293.0,0.18,clear
WTH_00010280,2026-03-05,8,11.9,0.0,6.3,11806.0,0.5,clear
WTH_00010281,2026-03-05,9,14.0,0.0,9.6,8344.0,0.21,clear
WTH_00010282,2026-03-05,10,10.5,0.0,14.9,9785.0,0.47,clear
WTH_00010283,2026-03-05,11,10.1,0.0,8.5,7579.0,0.19,clear
WTH_00010284,2026-03-05,12,13.0,0.0,16.4,10478.0,0.45,clear
WTH_00010285,2026-03-05,13,11.1,1.95,9.8,2823.0,0.78,rain
WTH_00010286,2026-03-05,14,8.2,0.0,9.0,11340.0,0.46,clear
WTH_00010287,2026-03-05,15,13.7,0.0,15.9,1040.0,0.09,fog
WTH_00010288,2026-03-05,16,10.7,0.0,3.6,8503.0,0.64,cloudy
WTH_00010289,2026-03-05,17,8.1,0.0,15.1,9408.0,0.47,clear
WTH_00010290,2026-03-05,18,10.1,0.0,23.9,11331.0,0.16,clear
WTH_00010291,2026-03-05,19,11.5,0.0,4.7,11205.0,0.34,clear
WTH_00010292,2026-03-05,20,12.6,0.0,16.5,11029.0,0.45,clear
WTH_00010293,2026-03-05,21,17.4,0.0,6.9,11974.0,0.1,clear
WTH_00010294,2026-03-05,22,16.2,0.0,21.9,8547.0,0.39,clear
WTH_00010295,2026-03-05,23,14.1,0.0,1.8,8287.0,0.61,cloudy
WTH_00010296,2026-03-06,0,16.4,0.0,8.3,7637.0,0.14,clear
WTH_00010297,2026-03-06,1,14.6,0.0,14.4,10045.0,0.65,cloudy
WTH_00010298,2026-03-06,2,19.4,0.0,18.6,9879.0,0.71,cloudy
WTH_00010299,2026-03-06,3,19.0,0.0,9.0,7425.0,0.3,clear
WTH_00010300,2026-03-06,4,19.0,0.0,11.5,6582.0,0.75,cloudy
WTH_00010301,2026-03-06,5,15.4,0.0,10.5,10515.0,0.21,clear
WTH_00010302,2026-03-06,6,17.5,0.0,24.7,7707.0,0.12,clear
WTH_00010303,2026-03-06,7,14.5,0.0,8.1,10916.0,0.29,clear
WTH_00010304,2026-03-06,8,14.8,0.0,2.8,9876.0,0.19,clear
WTH_00010305,2026-03-06,9,13.0,0.0,5.4,7511.0,0.58,clear
WTH_00010306,2026-03-06,10,10.8,0.0,17.6,7335.0,0.15,clear
WTH_00010307,2026-03-06,11,10.8,0.0,10.4,11965.0,0.59,clear
WTH_00010308,2026-03-06,12,11.2,0.0,25.5,6194.0,0.45,clear
WTH_00010309,2026-03-06,13,10.8,0.0,19.9,8150.0,0.39,clear
WTH_00010310,2026-03-06,14,12.6,0.0,9.9,8711.0,0.06,clear
WTH_00010311,2026-03-06,15,8.8,0.0,4.4,7435.0,0.43,clear
WTH_00010312,2026-03-06,16,8.9,0.0,32.1,10624.0,0.07,clear
WTH_00010313,2026-03-06,17,12.0,0.0,3.6,8260.0,0.33,clear
WTH_00010314,2026-03-06,18,10.8,0.0,16.8,6088.0,0.38,clear
WTH_00010315,2026-03-06,19,14.1,0.0,14.7,7195.0,0.2,clear
WTH_00010316,2026-03-06,20,10.5,0.0,6.5,10599.0,0.34,clear
WTH_00010317,2026-03-06,21,14.1,0.0,7.7,6375.0,0.47,clear
WTH_00010318,2026-03-06,22,9.9,0.0,6.3,10720.0,0.31,clear
WTH_00010319,2026-03-06,23,13.1,0.0,17.8,11074.0,0.36,clear
WTH_00010320,2026-03-07,0,16.8,1.31,18.4,3127.0,0.49,rain
WTH_00010321,2026-03-07,1,17.6,7.3,32.3,3089.0,0.74,rain
WTH_00010322,2026-03-07,2,15.6,3.86,24.4,2632.0,0.6,rain
WTH_00010323,2026-03-07,3,18.7,13.05,34.6,1232.0,0.72,storm
WTH_00010324,2026-03-07,4,17.7,3.56,17.3,2708.0,0.74,rain
WTH_00010325,2026-03-07,5,18.9,5.44,24.9,1498.0,1.0,rain
WTH_00010326,2026-03-07,6,14.7,10.79,41.2,1061.0,0.46,storm
WTH_00010327,2026-03-07,7,11.8,6.28,34.6,1783.0,0.91,rain
WTH_00010328,2026-03-07,8,12.3,10.63,42.3,1381.0,0.57,storm
WTH_00010329,2026-03-07,9,15.4,2.5,45.0,1393.0,0.76,rain
WTH_00010330,2026-03-07,10,11.0,12.99,17.2,1346.0,0.83,storm
WTH_00010331,2026-03-07,11,10.8,10.69,17.1,2805.0,0.73,storm
WTH_00010332,2026-03-07,12,15.3,7.74,44.6,3111.0,0.47,rain
WTH_00010333,2026-03-07,13,8.4,9.87,29.6,2667.0,0.88,storm
WTH_00010334,2026-03-07,14,8.3,9.4,23.0,1935.0,0.52,storm
WTH_00010335,2026-03-07,15,11.7,9.9,42.9,3752.0,0.89,storm
WTH_00010336,2026-03-07,16,7.8,1.17,34.3,1629.0,0.78,rain
WTH_00010337,2026-03-07,17,11.1,4.24,20.2,2906.0,0.72,rain
WTH_00010338,2026-03-07,18,8.7,7.03,25.1,1073.0,0.69,rain
WTH_00010339,2026-03-07,19,7.9,1.77,31.0,1006.0,0.61,rain
WTH_00010340,2026-03-07,20,15.9,9.43,17.0,2453.0,0.78,storm
WTH_00010341,2026-03-07,21,13.9,6.6,24.3,945.0,0.59,rain
WTH_00010342,2026-03-07,22,14.6,5.0,16.6,1258.0,0.75,rain
WTH_00010343,2026-03-07,23,16.3,3.92,40.9,2508.0,0.89,rain
WTH_00010344,2026-03-08,0,16.0,4.31,18.0,2400.0,0.89,rain
WTH_00010345,2026-03-08,1,19.9,4.22,21.6,1510.0,0.48,rain
WTH_00010346,2026-03-08,2,17.4,5.21,29.5,2719.0,0.55,rain
WTH_00010347,2026-03-08,3,18.7,6.04,18.2,3278.0,0.78,rain
WTH_00010348,2026-03-08,4,17.4,5.32,18.3,3539.0,0.5,rain
WTH_00010349,2026-03-08,5,18.9,9.66,29.6,3648.0,0.53,storm
WTH_00010350,2026-03-08,6,13.7,4.43,43.5,1126.0,0.97,rain
WTH_00010351,2026-03-08,7,15.1,6.57,17.4,2919.0,0.64,rain
WTH_00010352,2026-03-08,8,12.3,6.99,21.3,3779.0,0.84,rain
WTH_00010353,2026-03-08,9,12.1,8.41,21.0,1577.0,0.84,storm
WTH_00010354,2026-03-08,10,13.6,22.83,18.8,1341.0,0.92,storm
WTH_00010355,2026-03-08,11,10.0,11.19,28.9,3154.0,0.72,storm
WTH_00010356,2026-03-08,12,9.2,9.73,17.8,3123.0,0.73,storm
WTH_00010357,2026-03-08,13,11.4,9.63,20.7,3828.0,0.7,storm
WTH_00010358,2026-03-08,14,11.2,4.18,17.7,1321.0,0.63,rain
WTH_00010359,2026-03-08,15,3.7,12.44,20.1,3157.0,0.69,storm
WTH_00010360,2026-03-08,16,7.6,2.15,24.7,2409.0,0.74,rain
WTH_00010361,2026-03-08,17,12.4,2.76,22.4,3475.0,0.87,rain
WTH_00010362,2026-03-08,18,8.8,4.51,24.0,1683.0,0.83,rain
WTH_00010363,2026-03-08,19,13.8,1.55,23.7,880.0,0.6,rain
WTH_00010364,2026-03-08,20,8.4,5.48,37.3,2286.0,0.56,rain
WTH_00010365,2026-03-08,21,15.3,4.3,20.6,1568.0,0.81,rain
WTH_00010366,2026-03-08,22,13.8,2.28,33.3,3856.0,0.98,rain
WTH_00010367,2026-03-08,23,13.7,4.14,19.6,2971.0,0.43,rain
WTH_00010368,2026-03-09,0,13.7,0.0,10.9,10583.0,0.09,clear
WTH_00010369,2026-03-09,1,20.2,0.0,14.3,11331.0,0.37,clear
WTH_00010370,2026-03-09,2,16.6,0.0,47.5,7226.0,0.18,clear
WTH_00010371,2026-03-09,3,18.2,0.0,3.6,9305.0,0.12,clear
WTH_00010372,2026-03-09,4,15.4,0.0,23.6,8579.0,0.62,cloudy
WTH_00010373,2026-03-09,5,18.7,0.0,2.9,9284.0,0.32,clear
WTH_00010374,2026-03-09,6,13.6,0.0,13.8,11453.0,0.16,clear
WTH_00010375,2026-03-09,7,15.8,0.0,14.7,9047.0,0.26,clear
WTH_00010376,2026-03-09,8,14.4,0.0,22.6,7392.0,0.29,clear
WTH_00010377,2026-03-09,9,14.0,0.0,6.4,11882.0,0.21,clear
WTH_00010378,2026-03-09,10,11.4,0.0,6.7,6410.0,0.21,clear
WTH_00010379,2026-03-09,11,13.2,0.0,3.7,6113.0,0.52,clear
WTH_00010380,2026-03-09,12,9.3,0.0,12.0,11079.0,0.31,clear
WTH_00010381,2026-03-09,13,9.5,8.74,28.7,3911.0,0.61,rain
WTH_00010382,2026-03-09,14,7.8,3.08,26.6,2613.0,0.99,rain
WTH_00010383,2026-03-09,15,6.5,0.0,2.1,9035.0,0.14,clear
WTH_00010384,2026-03-09,16,7.0,0.0,2.0,11815.0,0.34,clear
WTH_00010385,2026-03-09,17,10.8,0.0,16.2,10014.0,0.49,clear
WTH_00010386,2026-03-09,18,13.3,0.0,12.4,11419.0,0.14,clear
WTH_00010387,2026-03-09,19,14.4,0.0,11.7,7191.0,0.2,clear
WTH_00010388,2026-03-09,20,9.4,0.0,8.0,9436.0,0.24,clear
WTH_00010389,2026-03-09,21,10.5,0.0,10.2,10023.0,0.22,clear
WTH_00010390,2026-03-09,22,15.4,0.0,1.2,10014.0,0.65,cloudy
WTH_00010391,2026-03-09,23,13.2,0.0,4.6,7986.0,0.11,clear
WTH_00010392,2026-03-10,0,16.7,0.0,11.5,7096.0,0.35,clear
WTH_00010393,2026-03-10,1,14.1,0.0,37.7,9653.0,0.48,clear
WTH_00010394,2026-03-10,2,15.6,7.03,4.3,1230.0,0.83,rain
WTH_00010395,2026-03-10,3,19.4,0.0,9.5,8606.0,0.38,clear
WTH_00010396,2026-03-10,4,16.3,0.0,10.0,6401.0,0.27,clear
WTH_00010397,2026-03-10,5,16.3,0.0,20.5,11559.0,0.2,clear
WTH_00010398,2026-03-10,6,16.5,0.0,6.1,7145.0,0.41,clear
WTH_00010399,2026-03-10,7,15.5,0.0,3.4,6804.0,0.15,clear
WTH_00010400,2026-03-10,8,13.3,0.0,14.6,7104.0,0.38,clear
WTH_00010401,2026-03-10,9,13.9,0.0,8.5,6089.0,0.22,clear
WTH_00010402,2026-03-10,10,13.8,0.0,14.2,11380.0,0.49,clear
WTH_00010403,2026-03-10,11,10.5,0.0,6.0,10084.0,0.68,cloudy
WTH_00010404,2026-03-10,12,11.9,0.0,5.4,9989.0,0.39,clear
WTH_00010405,2026-03-10,13,12.8,0.0,9.2,9005.0,0.29,clear
WTH_00010406,2026-03-10,14,11.8,0.0,12.3,7116.0,0.33,clear
WTH_00010407,2026-03-10,15,7.1,0.0,13.2,6075.0,0.39,clear
WTH_00010408,2026-03-10,16,5.7,0.0,15.9,9772.0,0.63,cloudy
WTH_00010409,2026-03-10,17,10.4,0.0,6.0,8494.0,0.37,clear
WTH_00010410,2026-03-10,18,10.9,0.0,13.0,11176.0,0.42,clear
WTH_00010411,2026-03-10,19,12.8,0.0,0.1,8494.0,0.5,clear
WTH_00010412,2026-03-10,20,13.3,0.0,14.0,9969.0,0.18,clear
WTH_00010413,2026-03-10,21,14.5,0.0,8.6,10937.0,0.19,clear
WTH_00010414,2026-03-10,22,18.6,14.92,9.9,1185.0,0.74,rain
WTH_00010415,2026-03-10,23,14.8,0.0,17.1,7556.0,0.35,clear
WTH_00010416,2026-03-11,0,15.2,0.0,15.8,8693.0,0.46,clear
WTH_00010417,2026-03-11,1,16.7,5.49,6.2,2361.0,0.75,rain
WTH_00010418,2026-03-11,2,18.0,0.0,11.2,7253.0,0.3,clear
WTH_00010419,2026-03-11,3,21.6,0.0,16.6,9660.0,0.53,clear
WTH_00010420,2026-03-11,4,18.3,0.0,3.0,935.0,0.08,fog
WTH_00010421,2026-03-11,5,18.2,0.0,8.0,10059.0,0.14,clear
WTH_00010422,2026-03-11,6,15.1,0.0,25.7,11954.0,0.44,clear
WTH_00010423,2026-03-11,7,16.9,0.0,7.7,6634.0,0.5,clear
WTH_00010424,2026-03-11,8,9.4,0.0,39.3,7527.0,0.41,clear
WTH_00010425,2026-03-11,9,12.5,0.0,9.2,7248.0,0.33,clear
WTH_00010426,2026-03-11,10,10.6,0.0,26.9,9225.0,0.29,clear
WTH_00010427,2026-03-11,11,11.6,0.0,10.5,8465.0,0.11,clear
WTH_00010428,2026-03-11,12,12.7,0.0,12.5,6175.0,0.31,clear
WTH_00010429,2026-03-11,13,11.4,0.0,44.1,9259.0,0.33,clear
WTH_00010430,2026-03-11,14,7.4,0.0,5.3,922.0,0.16,fog
WTH_00010431,2026-03-11,15,7.8,0.0,11.1,977.0,0.14,fog
WTH_00010432,2026-03-11,16,8.5,0.0,0.9,11546.0,0.08,clear
WTH_00010433,2026-03-11,17,6.7,0.0,6.6,7417.0,0.3,clear
WTH_00010434,2026-03-11,18,7.5,0.0,1.3,7089.0,0.47,clear
WTH_00010435,2026-03-11,19,9.0,0.0,10.7,11820.0,0.36,clear
WTH_00010436,2026-03-11,20,11.8,0.0,9.2,10521.0,0.46,clear
WTH_00010437,2026-03-11,21,13.2,0.0,4.9,6521.0,0.4,clear
WTH_00010438,2026-03-11,22,12.2,0.0,10.4,10402.0,0.47,clear
WTH_00010439,2026-03-11,23,17.4,0.0,18.9,9680.0,0.14,clear
WTH_00010440,2026-03-12,0,18.2,0.0,5.3,10976.0,0.38,clear
WTH_00010441,2026-03-12,1,15.1,0.0,7.6,9196.0,0.28,clear
WTH_00010442,2026-03-12,2,16.0,0.0,0.2,10170.0,0.66,cloudy
WTH_00010443,2026-03-12,3,12.9,0.0,24.7,6440.0,0.48,clear
WTH_00010444,2026-03-12,4,17.8,0.0,30.1,6406.0,0.21,clear
WTH_00010445,2026-03-12,5,14.7,0.0,3.3,10786.0,0.24,clear
WTH_00010446,2026-03-12,6,16.8,0.0,7.0,923.0,0.41,fog
WTH_00010447,2026-03-12,7,15.1,0.0,7.0,8157.0,0.16,clear
WTH_00010448,2026-03-12,8,12.0,0.0,14.1,11420.0,0.13,clear
WTH_00010449,2026-03-12,9,15.0,0.0,3.5,11929.0,0.27,clear
WTH_00010450,2026-03-12,10,12.8,0.0,7.2,8559.0,0.39,clear
WTH_00010451,2026-03-12,11,10.9,0.0,25.2,11351.0,0.04,clear
WTH_00010452,2026-03-12,12,10.9,0.0,24.8,8777.0,0.11,clear
WTH_00010453,2026-03-12,13,3.0,0.0,43.8,8074.0,0.42,clear
WTH_00010454,2026-03-12,14,7.9,0.0,1.7,9822.0,0.36,clear
WTH_00010455,2026-03-12,15,7.5,0.0,15.6,8613.0,0.04,clear
WTH_00010456,2026-03-12,16,6.5,4.79,8.9,1995.0,0.49,rain
WTH_00010457,2026-03-12,17,8.5,7.93,10.2,2333.0,0.66,rain
WTH_00010458,2026-03-12,18,10.0,0.0,8.7,11274.0,0.45,clear
WTH_00010459,2026-03-12,19,10.4,0.0,6.9,7356.0,0.33,clear
WTH_00010460,2026-03-12,20,11.7,0.0,16.1,7080.0,0.48,clear
WTH_00010461,2026-03-12,21,9.1,0.0,15.6,9590.0,0.35,clear
WTH_00010462,2026-03-12,22,15.4,0.0,12.9,11788.0,0.53,clear
WTH_00010463,2026-03-12,23,16.9,0.0,13.2,9320.0,0.23,clear
WTH_00010464,2026-03-13,0,15.2,0.0,11.2,9351.0,0.1,clear
WTH_00010465,2026-03-13,1,16.4,0.0,9.1,11988.0,0.38,clear
WTH_00010466,2026-03-13,2,16.6,0.0,20.0,8875.0,0.78,cloudy
WTH_00010467,2026-03-13,3,14.6,0.0,10.4,10247.0,0.17,clear
WTH_00010468,2026-03-13,4,18.8,0.0,28.1,8906.0,0.4,clear
WTH_00010469,2026-03-13,5,15.4,0.0,5.9,10082.0,0.47,clear
WTH_00010470,2026-03-13,6,17.5,0.0,14.7,8924.0,0.34,clear
WTH_00010471,2026-03-13,7,15.2,0.0,17.8,7068.0,0.87,cloudy
WTH_00010472,2026-03-13,8,11.7,0.0,2.6,10567.0,0.51,clear
WTH_00010473,2026-03-13,9,13.9,0.0,13.0,10147.0,0.23,clear
WTH_00010474,2026-03-13,10,14.4,0.0,25.1,9791.0,0.32,clear
WTH_00010475,2026-03-13,11,13.4,0.0,14.8,10077.0,0.13,clear
WTH_00010476,2026-03-13,12,10.9,0.0,17.5,11730.0,0.28,clear
WTH_00010477,2026-03-13,13,8.0,0.0,1.5,8495.0,0.6,clear
WTH_00010478,2026-03-13,14,5.7,0.0,11.6,9198.0,0.29,clear
WTH_00010479,2026-03-13,15,9.8,0.0,22.3,7031.0,0.37,clear
WTH_00010480,2026-03-13,16,11.3,0.0,9.2,10314.0,0.31,clear
WTH_00010481,2026-03-13,17,9.0,0.0,4.9,6922.0,0.25,clear
WTH_00010482,2026-03-13,18,11.8,0.0,8.1,8701.0,0.35,clear
WTH_00010483,2026-03-13,19,11.1,6.29,6.4,3288.0,0.58,rain
WTH_00010484,2026-03-13,20,10.7,0.0,8.8,8275.0,0.46,clear
WTH_00010485,2026-03-13,21,10.0,0.0,2.5,10886.0,0.07,clear
WTH_00010486,2026-03-13,22,13.4,0.0,2.6,11548.0,0.37,clear
WTH_00010487,2026-03-13,23,14.3,4.9,13.3,1208.0,0.67,rain
WTH_00010488,2026-03-14,0,15.0,0.0,6.9,10886.0,0.21,clear
WTH_00010489,2026-03-14,1,17.1,0.0,6.2,7815.0,0.42,clear
WTH_00010490,2026-03-14,2,18.3,0.0,25.4,8283.0,0.47,clear
WTH_00010491,2026-03-14,3,20.9,0.0,9.9,8552.0,0.52,clear
WTH_00010492,2026-03-14,4,11.8,0.0,6.6,8450.0,0.44,clear
WTH_00010493,2026-03-14,5,17.2,0.0,20.6,8103.0,0.37,clear
WTH_00010494,2026-03-14,6,18.3,0.0,7.8,7498.0,0.43,clear
WTH_00010495,2026-03-14,7,17.1,0.0,7.3,6357.0,0.47,clear
WTH_00010496,2026-03-14,8,12.2,0.0,5.8,11652.0,0.58,clear
WTH_00010497,2026-03-14,9,12.5,0.0,6.2,10798.0,0.17,clear
WTH_00010498,2026-03-14,10,12.7,0.0,3.4,10927.0,0.45,clear
WTH_00010499,2026-03-14,11,12.6,0.0,2.6,11338.0,0.45,clear
WTH_00010500,2026-03-14,12,8.9,10.61,6.4,2732.0,0.8,rain
WTH_00010501,2026-03-14,13,10.6,0.0,15.0,9798.0,0.45,clear
WTH_00010502,2026-03-14,14,8.6,0.0,3.6,9845.0,0.23,clear
WTH_00010503,2026-03-14,15,9.1,0.0,7.0,6893.0,0.26,clear
WTH_00010504,2026-03-14,16,11.5,0.0,11.5,6922.0,0.31,clear
WTH_00010505,2026-03-14,17,5.5,0.0,9.5,6970.0,0.58,clear
WTH_00010506,2026-03-14,18,12.8,0.0,17.2,8228.0,0.39,clear
WTH_00010507,2026-03-14,19,12.0,0.0,18.0,8758.0,0.29,clear
WTH_00010508,2026-03-14,20,10.8,0.0,23.0,8331.0,0.31,clear
WTH_00010509,2026-03-14,21,11.0,0.0,9.5,7436.0,0.64,cloudy
WTH_00010510,2026-03-14,22,13.1,0.0,3.6,7772.0,0.11,clear
WTH_00010511,2026-03-14,23,17.6,0.0,4.0,6644.0,0.07,clear
WTH_00010512,2026-03-15,0,18.0,0.0,5.8,6323.0,0.24,clear
WTH_00010513,2026-03-15,1,13.7,0.0,4.5,6224.0,0.48,clear
WTH_00010514,2026-03-15,2,20.4,0.0,10.2,9484.0,0.18,clear
WTH_00010515,2026-03-15,3,17.9,0.0,6.0,7596.0,0.16,clear
WTH_00010516,2026-03-15,4,17.3,0.0,7.8,10703.0,0.53,clear
WTH_00010517,2026-03-15,5,17.2,0.0,14.2,6512.0,0.65,cloudy
WTH_00010518,2026-03-15,6,19.3,16.06,15.4,3557.0,0.43,rain
WTH_00010519,2026-03-15,7,12.0,0.0,8.2,8131.0,0.25,clear
WTH_00010520,2026-03-15,8,15.1,0.0,14.5,9165.0,0.24,clear
WTH_00010521,2026-03-15,9,14.3,0.0,4.3,8908.0,0.31,clear
WTH_00010522,2026-03-15,10,14.6,0.0,3.5,11894.0,0.35,clear
WTH_00010523,2026-03-15,11,8.9,0.0,10.4,7973.0,0.34,clear
WTH_00010524,2026-03-15,12,11.3,0.0,6.3,6177.0,0.54,clear
WTH_00010525,2026-03-15,13,8.0,0.0,2.8,7996.0,0.59,clear
WTH_00010526,2026-03-15,14,11.7,0.0,14.4,9867.0,0.62,cloudy
WTH_00010527,2026-03-15,15,6.7,0.0,7.2,6210.0,0.54,clear
WTH_00010528,2026-03-15,16,9.8,0.0,4.1,9585.0,0.04,clear
WTH_00010529,2026-03-15,17,7.6,0.0,15.5,8818.0,0.07,clear
WTH_00010530,2026-03-15,18,8.9,0.0,4.7,11966.0,0.22,clear
WTH_00010531,2026-03-15,19,13.1,0.0,9.8,10617.0,0.5,clear
WTH_00010532,2026-03-15,20,7.4,0.0,24.3,10820.0,0.18,clear
WTH_00010533,2026-03-15,21,13.2,0.0,7.7,10067.0,0.14,clear
WTH_00010534,2026-03-15,22,15.4,0.0,15.9,7447.0,0.07,clear
WTH_00010535,2026-03-15,23,15.1,0.0,9.6,10934.0,0.49,clear
WTH_00010536,2026-03-16,0,15.1,0.0,15.8,9573.0,0.54,clear
WTH_00010537,2026-03-16,1,17.4,0.0,9.6,7629.0,0.52,clear
WTH_00010538,2026-03-16,2,19.0,0.0,14.0,7436.0,0.31,clear
WTH_00010539,2026-03-16,3,20.2,0.0,21.9,7818.0,0.12,clear
WTH_00010540,2026-03-16,4,16.5,0.0,0.7,6563.0,0.78,cloudy
WTH_00010541,2026-03-16,5,15.8,0.0,17.0,9760.0,0.22,clear
WTH_00010542,2026-03-16,6,18.0,0.0,20.7,6714.0,0.52,clear
WTH_00010543,2026-03-16,7,13.0,0.0,22.0,7929.0,0.26,clear
WTH_00010544,2026-03-16,8,18.4,0.0,12.2,10499.0,0.09,clear
WTH_00010545,2026-03-16,9,13.6,0.0,7.9,7944.0,0.48,clear
WTH_00010546,2026-03-16,10,13.2,0.0,2.9,7740.0,0.49,clear
WTH_00010547,2026-03-16,11,12.6,0.0,10.9,6127.0,0.42,clear
WTH_00010548,2026-03-16,12,11.0,0.0,5.2,8820.0,0.4,clear
WTH_00010549,2026-03-16,13,10.5,0.0,10.7,9794.0,0.34,clear
WTH_00010550,2026-03-16,14,9.1,0.0,12.1,7005.0,0.25,clear
WTH_00010551,2026-03-16,15,7.8,0.0,4.0,10818.0,0.56,clear
WTH_00010552,2026-03-16,16,10.6,0.0,11.6,7246.0,0.2,clear
WTH_00010553,2026-03-16,17,9.9,0.0,1.2,10882.0,0.45,clear
WTH_00010554,2026-03-16,18,10.5,0.0,2.8,9016.0,0.43,clear
WTH_00010555,2026-03-16,19,9.9,0.0,10.7,10814.0,0.3,clear
WTH_00010556,2026-03-16,20,8.9,0.0,5.9,8501.0,0.17,clear
WTH_00010557,2026-03-16,21,10.4,0.0,11.5,9014.0,0.68,cloudy
WTH_00010558,2026-03-16,22,17.0,0.0,27.4,11473.0,0.78,cloudy
WTH_00010559,2026-03-16,23,12.2,0.0,6.8,11762.0,0.52,clear
WTH_00010560,2026-03-17,0,16.3,3.45,2.4,3978.0,0.73,rain
WTH_00010561,2026-03-17,1,17.7,0.0,8.7,6348.0,0.44,clear
WTH_00010562,2026-03-17,2,15.4,0.0,11.5,7729.0,0.15,clear
WTH_00010563,2026-03-17,3,16.2,0.0,19.1,8913.0,0.52,clear
WTH_00010564,2026-03-17,4,15.3,0.0,4.7,8887.0,0.43,clear
WTH_00010565,2026-03-17,5,16.6,0.0,12.5,10905.0,0.24,clear
WTH_00010566,2026-03-17,6,19.7,0.0,4.7,11832.0,0.58,clear
WTH_00010567,2026-03-17,7,14.0,2.38,0.5,1472.0,0.95,rain
WTH_00010568,2026-03-17,8,14.6,0.0,20.8,8324.0,0.37,clear
WTH_00010569,2026-03-17,9,11.9,0.0,0.8,9892.0,0.45,clear
WTH_00010570,2026-03-17,10,12.3,0.0,11.9,11726.0,0.2,clear
WTH_00010571,2026-03-17,11,6.3,0.0,22.5,11522.0,0.36,clear
WTH_00010572,2026-03-17,12,11.5,0.0,20.0,11146.0,0.4,clear
WTH_00010573,2026-03-17,13,8.7,0.0,14.2,11471.0,0.41,clear
WTH_00010574,2026-03-17,14,11.1,0.0,3.9,11253.0,0.25,clear
WTH_00010575,2026-03-17,15,9.0,0.0,19.5,10538.0,0.41,clear
WTH_00010576,2026-03-17,16,8.7,0.0,4.2,6243.0,0.33,clear
WTH_00010577,2026-03-17,17,5.9,0.0,3.9,10346.0,0.09,clear
WTH_00010578,2026-03-17,18,9.2,0.0,1.6,6887.0,0.16,clear
WTH_00010579,2026-03-17,19,10.7,0.0,4.6,8407.0,0.32,clear
WTH_00010580,2026-03-17,20,10.7,0.0,11.1,7094.0,0.17,clear
WTH_00010581,2026-03-17,21,12.3,0.0,18.0,6837.0,0.31,clear
WTH_00010582,2026-03-17,22,16.9,0.0,10.8,7555.0,0.16,clear
WTH_00010583,2026-03-17,23,14.9,0.0,7.0,8199.0,0.36,clear
WTH_00010584,2026-03-18,0,16.0,0.0,3.9,7481.0,0.57,clear
WTH_00010585,2026-03-18,1,16.4,0.0,4.6,10278.0,0.12,clear
WTH_00010586,2026-03-18,2,15.7,0.55,12.4,1579.0,0.59,rain
WTH_00010587,2026-03-18,3,15.9,0.0,37.0,10442.0,0.45,clear
WTH_00010588,2026-03-18,4,12.6,0.0,1.8,7435.0,0.18,clear
WTH_00010589,2026-03-18,5,15.0,0.0,13.0,6498.0,0.28,clear
WTH_00010590,2026-03-18,6,11.0,0.0,1.2,10184.0,0.26,clear
WTH_00010591,2026-03-18,7,13.3,0.0,9.1,11577.0,0.01,clear
WTH_00010592,2026-03-18,8,14.9,0.0,7.7,1199.0,0.46,fog
WTH_00010593,2026-03-18,9,15.6,0.0,3.7,10196.0,0.27,clear
WTH_00010594,2026-03-18,10,10.0,0.0,35.7,8416.0,0.33,clear
WTH_00010595,2026-03-18,11,8.8,0.0,6.4,11213.0,0.09,clear
WTH_00010596,2026-03-18,12,8.5,0.0,5.4,7721.0,0.55,clear
WTH_00010597,2026-03-18,13,6.3,0.0,5.3,7683.0,0.49,clear
WTH_00010598,2026-03-18,14,8.8,0.0,17.4,10944.0,0.48,clear
WTH_00010599,2026-03-18,15,13.9,0.0,2.9,11079.0,0.25,clear
WTH_00010600,2026-03-18,16,12.4,0.0,11.8,1019.0,0.14,fog
WTH_00010601,2026-03-18,17,8.7,0.0,21.3,7064.0,0.15,clear
WTH_00010602,2026-03-18,18,10.9,0.0,5.0,6387.0,0.36,clear
WTH_00010603,2026-03-18,19,13.4,0.0,17.5,8473.0,0.57,clear
WTH_00010604,2026-03-18,20,14.5,0.0,21.0,11080.0,0.38,clear
WTH_00010605,2026-03-18,21,13.3,5.14,6.9,870.0,0.8,rain
WTH_00010606,2026-03-18,22,11.2,0.0,6.8,6920.0,0.25,clear
WTH_00010607,2026-03-18,23,19.7,0.0,5.4,7559.0,0.36,clear
WTH_00010608,2026-03-19,0,14.4,0.0,16.3,11626.0,0.37,clear
WTH_00010609,2026-03-19,1,16.0,0.0,5.1,10888.0,0.62,cloudy
WTH_00010610,2026-03-19,2,15.0,0.0,15.4,9312.0,0.23,clear
WTH_00010611,2026-03-19,3,19.5,0.0,4.1,11127.0,0.1,clear
WTH_00010612,2026-03-19,4,17.1,0.0,30.0,6909.0,0.2,clear
WTH_00010613,2026-03-19,5,18.2,0.0,18.8,656.0,0.4,fog
WTH_00010614,2026-03-19,6,17.2,0.0,8.4,9696.0,0.19,clear
WTH_00010615,2026-03-19,7,13.7,0.0,22.6,428.0,0.47,fog
WTH_00010616,2026-03-19,8,13.7,0.0,17.0,9915.0,0.58,clear
WTH_00010617,2026-03-19,9,13.2,3.24,11.8,3072.0,0.84,rain
WTH_00010618,2026-03-19,10,13.1,0.0,10.8,8899.0,0.41,clear
WTH_00010619,2026-03-19,11,10.4,0.0,23.3,8776.0,0.66,cloudy
WTH_00010620,2026-03-19,12,9.8,0.0,1.9,11460.0,0.52,clear
WTH_00010621,2026-03-19,13,10.9,0.0,6.1,9292.0,0.29,clear
WTH_00010622,2026-03-19,14,7.7,0.0,2.1,7180.0,0.1,clear
WTH_00010623,2026-03-19,15,9.4,0.0,2.3,10865.0,0.31,clear
WTH_00010624,2026-03-19,16,10.9,0.0,23.8,6291.0,0.54,clear
WTH_00010625,2026-03-19,17,10.7,0.0,17.3,9163.0,0.56,clear
WTH_00010626,2026-03-19,18,6.8,0.0,17.6,8429.0,0.34,clear
WTH_00010627,2026-03-19,19,11.4,0.0,10.5,6239.0,0.2,clear
WTH_00010628,2026-03-19,20,10.1,0.0,5.7,8354.0,0.59,clear
WTH_00010629,2026-03-19,21,14.6,3.27,24.4,3509.0,0.74,rain
WTH_00010630,2026-03-19,22,14.3,0.0,9.4,8843.0,0.09,clear
WTH_00010631,2026-03-19,23,14.5,0.0,10.1,11534.0,0.25,clear
WTH_00010632,2026-03-20,0,15.5,0.0,15.1,11229.0,0.24,clear
WTH_00010633,2026-03-20,1,17.3,0.0,1.8,7730.0,0.29,clear
WTH_00010634,2026-03-20,2,14.8,0.0,4.3,8270.0,0.38,clear
WTH_00010635,2026-03-20,3,15.8,0.0,18.0,8534.0,0.05,clear
WTH_00010636,2026-03-20,4,18.2,0.0,15.3,8662.0,0.4,clear
WTH_00010637,2026-03-20,5,17.7,0.0,16.7,7185.0,0.23,clear
WTH_00010638,2026-03-20,6,15.7,0.0,19.9,10363.0,0.63,cloudy
WTH_00010639,2026-03-20,7,13.5,4.61,13.3,2050.0,1.0,rain
WTH_00010640,2026-03-20,8,13.3,0.0,23.6,9762.0,0.21,clear
WTH_00010641,2026-03-20,9,15.9,0.0,6.0,6969.0,0.36,clear
WTH_00010642,2026-03-20,10,12.9,0.0,8.0,7942.0,0.44,clear
WTH_00010643,2026-03-20,11,9.5,0.0,23.0,10389.0,0.34,clear
WTH_00010644,2026-03-20,12,10.6,0.0,20.8,11226.0,0.04,clear
WTH_00010645,2026-03-20,13,10.7,0.0,12.4,10426.0,0.71,cloudy
WTH_00010646,2026-03-20,14,8.5,0.0,13.9,9290.0,0.12,clear
WTH_00010647,2026-03-20,15,9.8,0.0,29.4,8695.0,0.55,clear
WTH_00010648,2026-03-20,16,10.7,0.0,6.9,6707.0,0.61,cloudy
WTH_00010649,2026-03-20,17,8.2,0.0,18.4,8897.0,0.49,clear
WTH_00010650,2026-03-20,18,9.1,0.0,1.8,6556.0,0.15,clear
WTH_00010651,2026-03-20,19,8.7,0.0,17.7,11531.0,0.59,clear
WTH_00010652,2026-03-20,20,11.0,0.0,8.5,6552.0,0.44,clear
WTH_00010653,2026-03-20,21,14.3,0.0,5.5,6723.0,0.12,clear
WTH_00010654,2026-03-20,22,17.2,0.0,2.8,6725.0,0.39,clear
WTH_00010655,2026-03-20,23,17.1,0.0,9.0,11272.0,0.73,cloudy
WTH_00010656,2026-03-21,0,16.8,1.29,33.8,3461.0,0.82,rain
WTH_00010657,2026-03-21,1,17.4,16.59,36.8,3703.0,0.63,storm
WTH_00010658,2026-03-21,2,19.2,3.54,19.5,910.0,0.78,rain
WTH_00010659,2026-03-21,3,16.0,7.17,47.3,1183.0,0.81,rain
WTH_00010660,2026-03-21,4,15.5,2.17,18.5,1995.0,0.74,rain
WTH_00010661,2026-03-21,5,14.4,8.17,19.5,2491.0,0.77,storm
WTH_00010662,2026-03-21,6,16.1,3.33,24.6,1288.0,0.73,rain
WTH_00010663,2026-03-21,7,14.1,4.05,24.2,2570.0,0.62,rain
WTH_00010664,2026-03-21,8,12.3,0.97,28.6,1629.0,1.0,rain
WTH_00010665,2026-03-21,9,13.7,13.82,23.9,1754.0,0.98,storm
WTH_00010666,2026-03-21,10,12.0,1.72,40.7,3931.0,0.62,rain
WTH_00010667,2026-03-21,11,11.3,3.43,39.7,1922.0,0.87,rain
WTH_00010668,2026-03-21,12,7.0,4.31,24.8,2511.0,0.51,rain
WTH_00010669,2026-03-21,13,8.9,8.73,27.6,2993.0,0.42,storm
WTH_00010670,2026-03-21,14,8.6,2.71,30.5,2910.0,0.62,rain
WTH_00010671,2026-03-21,15,10.1,3.13,18.2,3741.0,1.0,rain
WTH_00010672,2026-03-21,16,9.0,6.9,27.7,2127.0,0.85,rain
WTH_00010673,2026-03-21,17,10.9,9.13,29.3,2664.0,0.52,storm
WTH_00010674,2026-03-21,18,8.6,5.62,24.2,2552.0,0.86,rain
WTH_00010675,2026-03-21,19,10.8,3.0,19.3,853.0,0.94,rain
WTH_00010676,2026-03-21,20,12.7,5.0,19.8,800.0,0.83,rain
WTH_00010677,2026-03-21,21,9.9,3.98,50.2,2408.0,0.72,rain
WTH_00010678,2026-03-21,22,10.9,2.34,21.7,1547.0,0.63,rain
WTH_00010679,2026-03-21,23,16.2,10.23,18.3,2391.0,0.66,storm
WTH_00010680,2026-03-22,0,15.8,0.0,16.8,6803.0,0.41,clear
WTH_00010681,2026-03-22,1,14.1,0.0,9.1,8492.0,0.06,clear
WTH_00010682,2026-03-22,2,14.1,0.0,12.5,9582.0,0.34,clear
WTH_00010683,2026-03-22,3,17.1,0.0,20.2,6907.0,0.16,clear
WTH_00010684,2026-03-22,4,15.2,0.0,18.0,8864.0,0.21,clear
WTH_00010685,2026-03-22,5,16.0,0.0,8.0,6416.0,0.13,clear
WTH_00010686,2026-03-22,6,13.3,0.0,1.8,9477.0,0.22,clear
WTH_00010687,2026-03-22,7,16.5,0.0,11.9,9591.0,0.27,clear
WTH_00010688,2026-03-22,8,13.8,0.0,16.9,10026.0,0.43,clear
WTH_00010689,2026-03-22,9,14.1,0.0,15.8,6602.0,0.11,clear
WTH_00010690,2026-03-22,10,11.3,6.75,14.3,2729.0,0.85,rain
WTH_00010691,2026-03-22,11,7.3,0.0,12.2,8959.0,0.27,clear
WTH_00010692,2026-03-22,12,9.2,0.0,35.4,6595.0,0.34,clear
WTH_00010693,2026-03-22,13,7.3,0.0,9.3,9373.0,0.55,clear
WTH_00010694,2026-03-22,14,9.1,0.0,2.8,8121.0,0.07,clear
WTH_00010695,2026-03-22,15,10.3,0.0,21.4,6564.0,0.21,clear
WTH_00010696,2026-03-22,16,7.9,0.0,3.3,8247.0,0.29,clear
WTH_00010697,2026-03-22,17,11.2,0.0,3.6,11369.0,0.24,clear
WTH_00010698,2026-03-22,18,11.4,0.0,47.6,9941.0,0.35,clear
WTH_00010699,2026-03-22,19,13.0,0.0,4.5,11482.0,0.52,clear
WTH_00010700,2026-03-22,20,13.8,0.0,12.7,11405.0,0.39,clear
WTH_00010701,2026-03-22,21,8.9,0.0,5.0,11304.0,0.27,clear
WTH_00010702,2026-03-22,22,12.4,0.0,10.0,10787.0,0.2,clear
WTH_00010703,2026-03-22,23,13.5,0.0,9.7,8381.0,0.3,clear
WTH_00010704,2026-03-23,0,14.3,0.0,2.6,9060.0,0.48,clear
WTH_00010705,2026-03-23,1,17.5,0.0,15.5,11956.0,0.25,clear
WTH_00010706,2026-03-23,2,18.0,0.0,13.3,11546.0,0.21,clear
WTH_00010707,2026-03-23,3,16.7,0.0,26.0,10042.0,0.13,clear
WTH_00010708,2026-03-23,4,17.0,0.0,10.7,9893.0,0.44,clear
WTH_00010709,2026-03-23,5,16.7,0.0,10.1,7438.0,0.28,clear
WTH_00010710,2026-03-23,6,16.1,0.0,23.9,8033.0,0.26,clear
WTH_00010711,2026-03-23,7,15.5,0.0,9.1,6190.0,0.12,clear
WTH_00010712,2026-03-23,8,13.1,0.0,8.4,6335.0,0.21,clear
WTH_00010713,2026-03-23,9,13.9,0.0,8.1,8668.0,0.64,cloudy
WTH_00010714,2026-03-23,10,11.6,0.0,8.7,10282.0,0.71,cloudy
WTH_00010715,2026-03-23,11,8.4,0.0,1.9,6987.0,0.46,clear
WTH_00010716,2026-03-23,12,6.8,0.0,6.0,11112.0,0.49,clear
WTH_00010717,2026-03-23,13,10.3,0.0,6.9,7467.0,0.61,cloudy
WTH_00010718,2026-03-23,14,8.0,0.0,13.1,6684.0,0.47,clear
WTH_00010719,2026-03-23,15,8.6,0.0,5.2,7731.0,0.53,clear
WTH_00010720,2026-03-23,16,9.1,0.0,23.7,9580.0,0.53,clear
WTH_00010721,2026-03-23,17,9.5,0.0,14.5,8643.0,0.14,clear
WTH_00010722,2026-03-23,18,10.5,0.0,9.3,10044.0,0.19,clear
WTH_00010723,2026-03-23,19,12.0,0.0,16.4,6235.0,0.3,clear
WTH_00010724,2026-03-23,20,11.8,0.0,4.3,9208.0,0.58,clear
WTH_00010725,2026-03-23,21,13.5,0.0,1.4,7430.0,0.49,clear
WTH_00010726,2026-03-23,22,14.3,0.0,13.4,11719.0,0.09,clear
WTH_00010727,2026-03-23,23,16.4,0.0,20.5,9191.0,0.4,clear
WTH_00010728,2026-03-24,0,18.7,0.0,21.9,10076.0,0.45,clear
WTH_00010729,2026-03-24,1,20.0,0.0,17.5,6758.0,0.73,cloudy
WTH_00010730,2026-03-24,2,14.0,0.0,3.8,10249.0,0.35,clear
WTH_00010731,2026-03-24,3,20.5,0.0,5.3,9759.0,0.25,clear
WTH_00010732,2026-03-24,4,15.6,0.0,5.2,10073.0,0.33,clear
WTH_00010733,2026-03-24,5,13.1,0.0,6.7,11988.0,0.43,clear
WTH_00010734,2026-03-24,6,15.8,0.0,14.4,9883.0,0.41,clear
WTH_00010735,2026-03-24,7,17.7,0.0,3.9,8251.0,0.14,clear
WTH_00010736,2026-03-24,8,15.2,0.0,4.4,8214.0,0.32,clear
WTH_00010737,2026-03-24,9,13.4,0.0,7.5,9876.0,0.47,clear
WTH_00010738,2026-03-24,10,14.1,0.0,3.3,11854.0,0.21,clear
WTH_00010739,2026-03-24,11,9.4,0.0,12.3,9587.0,0.34,clear
WTH_00010740,2026-03-24,12,3.6,0.0,6.1,6798.0,0.76,cloudy
WTH_00010741,2026-03-24,13,12.5,0.0,28.2,7887.0,0.42,clear
WTH_00010742,2026-03-24,14,7.9,0.0,3.4,8877.0,0.29,clear
WTH_00010743,2026-03-24,15,5.5,0.0,0.6,7378.0,0.64,cloudy
WTH_00010744,2026-03-24,16,9.4,0.0,3.6,11104.0,0.09,clear
WTH_00010745,2026-03-24,17,7.5,0.0,4.8,6204.0,0.43,clear
WTH_00010746,2026-03-24,18,7.4,0.0,17.0,8632.0,0.14,clear
WTH_00010747,2026-03-24,19,10.3,0.0,10.3,7574.0,0.65,cloudy
WTH_00010748,2026-03-24,20,11.5,0.0,1.8,9600.0,0.26,clear
WTH_00010749,2026-03-24,21,12.4,0.0,13.1,11694.0,0.08,clear
WTH_00010750,2026-03-24,22,12.9,0.0,21.7,10273.0,0.22,clear
WTH_00010751,2026-03-24,23,14.4,0.0,11.6,9246.0,0.36,clear
WTH_00010752,2026-03-25,0,16.5,2.74,23.9,1191.0,0.88,rain
WTH_00010753,2026-03-25,1,15.5,6.54,20.3,1645.0,0.72,rain
WTH_00010754,2026-03-25,2,13.8,4.86,22.2,2330.0,0.92,rain
WTH_00010755,2026-03-25,3,15.9,3.48,22.3,1489.0,0.65,rain
WTH_00010756,2026-03-25,4,13.5,4.27,32.9,2601.0,0.85,rain
WTH_00010757,2026-03-25,5,15.7,5.74,24.1,1801.0,0.87,rain
WTH_00010758,2026-03-25,6,14.2,6.65,20.0,2542.0,0.57,rain
WTH_00010759,2026-03-25,7,12.6,11.2,37.8,1101.0,0.49,storm
WTH_00010760,2026-03-25,8,17.8,0.95,30.0,1535.0,0.63,rain
WTH_00010761,2026-03-25,9,12.8,13.72,18.0,1162.0,0.98,storm
WTH_00010762,2026-03-25,10,11.5,4.4,22.6,3994.0,0.69,rain
WTH_00010763,2026-03-25,11,9.5,3.39,38.3,2522.0,0.53,rain
WTH_00010764,2026-03-25,12,10.9,2.96,23.7,3949.0,0.52,rain
WTH_00010765,2026-03-25,13,5.3,0.78,35.1,2140.0,1.0,rain
WTH_00010766,2026-03-25,14,10.3,4.13,38.8,3114.0,0.87,rain
WTH_00010767,2026-03-25,15,8.1,7.85,20.4,3833.0,0.81,rain
WTH_00010768,2026-03-25,16,9.5,2.01,16.7,1249.0,0.48,rain
WTH_00010769,2026-03-25,17,8.6,7.07,24.7,2462.0,0.41,rain
WTH_00010770,2026-03-25,18,10.6,4.26,29.8,2517.0,0.56,rain
WTH_00010771,2026-03-25,19,9.7,7.78,22.0,815.0,0.99,rain
WTH_00010772,2026-03-25,20,11.8,1.09,24.4,2040.0,0.56,rain
WTH_00010773,2026-03-25,21,12.1,2.31,31.3,3922.0,0.43,rain
WTH_00010774,2026-03-25,22,14.4,7.29,20.1,3547.0,0.58,rain
WTH_00010775,2026-03-25,23,13.7,1.78,16.8,1592.0,0.71,rain
WTH_00010776,2026-03-26,0,15.6,3.48,21.8,2079.0,0.79,rain
WTH_00010777,2026-03-26,1,16.0,2.75,24.9,3029.0,0.91,rain
WTH_00010778,2026-03-26,2,15.5,16.26,16.3,3893.0,0.83,storm
WTH_00010779,2026-03-26,3,18.0,4.01,27.8,1945.0,1.0,rain
WTH_00010780,2026-03-26,4,20.5,1.67,22.4,3657.0,0.5,rain
WTH_00010781,2026-03-26,5,15.4,2.23,38.9,3072.0,0.66,rain
WTH_00010782,2026-03-26,6,14.0,18.98,37.8,3794.0,0.65,storm
WTH_00010783,2026-03-26,7,12.8,11.57,35.4,1790.0,0.89,storm
WTH_00010784,2026-03-26,8,12.9,14.78,30.5,2705.0,0.56,storm
WTH_00010785,2026-03-26,9,13.8,4.72,17.0,3207.0,0.62,rain
WTH_00010786,2026-03-26,10,12.0,12.23,28.5,2932.0,0.92,storm
WTH_00010787,2026-03-26,11,12.8,1.73,21.2,1233.0,1.0,rain
WTH_00010788,2026-03-26,12,14.8,5.53,26.1,1462.0,0.71,rain
WTH_00010789,2026-03-26,13,8.9,3.21,48.3,2817.0,0.51,rain
WTH_00010790,2026-03-26,14,8.7,1.78,23.8,3948.0,0.79,rain
WTH_00010791,2026-03-26,15,9.1,3.0,31.4,2632.0,0.64,rain
WTH_00010792,2026-03-26,16,8.1,3.65,22.5,1649.0,0.81,rain
WTH_00010793,2026-03-26,17,10.7,9.84,44.1,857.0,0.94,storm
WTH_00010794,2026-03-26,18,7.0,10.72,32.3,1741.0,0.5,storm
WTH_00010795,2026-03-26,19,14.2,2.35,31.6,1932.0,0.84,rain
WTH_00010796,2026-03-26,20,13.0,9.86,29.9,3828.0,0.58,storm
WTH_00010797,2026-03-26,21,14.4,3.36,27.4,1068.0,0.71,rain
WTH_00010798,2026-03-26,22,15.3,5.19,43.0,3492.0,1.0,rain
WTH_00010799,2026-03-26,23,12.4,9.95,24.5,2641.0,0.51,storm
WTH_00010800,2026-03-27,0,14.5,0.0,7.6,9124.0,0.2,clear
WTH_00010801,2026-03-27,1,13.8,0.0,2.7,10377.0,0.24,clear
WTH_00010802,2026-03-27,2,21.0,0.0,18.9,10406.0,0.07,clear
WTH_00010803,2026-03-27,3,16.5,0.0,5.1,7418.0,0.16,clear
WTH_00010804,2026-03-27,4,20.2,0.0,2.9,6313.0,0.35,clear
WTH_00010805,2026-03-27,5,18.8,0.0,15.1,10082.0,0.14,clear
WTH_00010806,2026-03-27,6,18.5,0.0,24.7,7399.0,0.21,clear
WTH_00010807,2026-03-27,7,15.6,0.0,19.1,10651.0,0.29,clear
WTH_00010808,2026-03-27,8,18.0,0.0,5.6,6464.0,0.09,clear
WTH_00010809,2026-03-27,9,14.9,0.0,7.5,6936.0,0.35,clear
WTH_00010810,2026-03-27,10,14.5,0.0,8.1,10346.0,0.21,clear
WTH_00010811,2026-03-27,11,13.3,0.0,9.8,10974.0,0.5,clear
WTH_00010812,2026-03-27,12,10.4,0.0,2.1,7918.0,0.41,clear
WTH_00010813,2026-03-27,13,8.7,0.0,4.9,8192.0,0.36,clear
WTH_00010814,2026-03-27,14,11.7,0.0,16.1,7399.0,0.27,clear
WTH_00010815,2026-03-27,15,7.5,0.0,14.6,11541.0,0.12,clear
WTH_00010816,2026-03-27,16,10.5,0.0,17.7,9321.0,0.09,clear
WTH_00010817,2026-03-27,17,11.2,0.0,13.2,8859.0,0.09,clear
WTH_00010818,2026-03-27,18,11.2,0.0,26.4,8572.0,0.08,clear
WTH_00010819,2026-03-27,19,12.2,0.0,6.1,8163.0,0.48,clear
WTH_00010820,2026-03-27,20,9.7,0.0,19.7,7233.0,0.66,cloudy
WTH_00010821,2026-03-27,21,16.3,0.0,12.1,898.0,0.28,fog
WTH_00010822,2026-03-27,22,16.3,0.0,22.0,7130.0,0.46,clear
WTH_00010823,2026-03-27,23,15.1,0.0,31.5,10747.0,0.4,clear
WTH_00010824,2026-03-28,0,15.5,8.54,13.4,1521.0,0.78,rain
WTH_00010825,2026-03-28,1,16.6,0.0,27.3,9208.0,0.74,cloudy
WTH_00010826,2026-03-28,2,17.3,0.0,20.8,7953.0,0.34,clear
WTH_00010827,2026-03-28,3,18.1,0.0,36.1,9985.0,0.19,clear
WTH_00010828,2026-03-28,4,12.5,0.0,16.8,6331.0,0.17,clear
WTH_00010829,2026-03-28,5,16.2,0.0,11.3,364.0,0.1,fog
WTH_00010830,2026-03-28,6,9.8,0.0,10.1,8857.0,0.35,clear
WTH_00010831,2026-03-28,7,13.2,0.0,24.0,11477.0,0.23,clear
WTH_00010832,2026-03-28,8,16.3,0.0,10.6,9471.0,0.26,clear
WTH_00010833,2026-03-28,9,12.6,7.43,16.4,2258.0,0.56,rain
WTH_00010834,2026-03-28,10,11.4,0.0,20.5,7385.0,0.23,clear
WTH_00010835,2026-03-28,11,13.6,0.0,5.9,6419.0,0.12,clear
WTH_00010836,2026-03-28,12,8.5,0.0,16.3,6805.0,0.08,clear
WTH_00010837,2026-03-28,13,8.8,0.0,7.6,8436.0,0.44,clear
WTH_00010838,2026-03-28,14,5.7,0.0,20.9,8344.0,0.24,clear
WTH_00010839,2026-03-28,15,7.4,0.0,14.6,7876.0,0.37,clear
WTH_00010840,2026-03-28,16,10.4,0.0,16.2,7261.0,0.44,clear
WTH_00010841,2026-03-28,17,11.3,7.22,3.7,1087.0,0.55,rain
WTH_00010842,2026-03-28,18,13.8,0.0,13.7,10901.0,0.17,clear
WTH_00010843,2026-03-28,19,11.3,0.0,11.6,11262.0,0.72,cloudy
WTH_00010844,2026-03-28,20,14.3,0.0,0.7,7627.0,0.35,clear
WTH_00010845,2026-03-28,21,11.9,0.0,14.0,8673.0,0.53,clear
WTH_00010846,2026-03-28,22,9.8,0.0,12.0,8484.0,0.12,clear
WTH_00010847,2026-03-28,23,15.4,0.0,16.1,11481.0,0.17,clear
WTH_00010848,2026-03-29,0,14.0,0.0,13.8,9836.0,0.06,clear
WTH_00010849,2026-03-29,1,13.9,0.0,15.0,8951.0,0.57,clear
WTH_00010850,2026-03-29,2,21.0,0.0,11.5,10031.0,0.45,clear
WTH_00010851,2026-03-29,3,13.8,0.0,14.5,7381.0,0.41,clear
WTH_00010852,2026-03-29,4,21.6,0.0,8.4,10562.0,0.22,clear
WTH_00010853,2026-03-29,5,16.6,0.0,4.0,6222.0,0.54,clear
WTH_00010854,2026-03-29,6,14.2,0.0,16.9,9640.0,0.51,clear
WTH_00010855,2026-03-29,7,17.7,0.0,1.0,9276.0,0.29,clear
WTH_00010856,2026-03-29,8,15.4,0.0,26.1,8936.0,0.22,clear
WTH_00010857,2026-03-29,9,11.5,0.0,8.9,10312.0,0.34,clear
WTH_00010858,2026-03-29,10,16.2,0.0,12.9,6621.0,0.7,cloudy
WTH_00010859,2026-03-29,11,10.9,0.0,13.6,10987.0,0.28,clear
WTH_00010860,2026-03-29,12,14.3,0.0,30.4,7858.0,0.28,clear
WTH_00010861,2026-03-29,13,6.2,0.0,17.9,6951.0,0.53,clear
WTH_00010862,2026-03-29,14,6.3,0.0,18.0,6532.0,0.57,clear
WTH_00010863,2026-03-29,15,7.4,0.0,22.6,6581.0,0.43,clear
WTH_00010864,2026-03-29,16,8.9,0.0,35.3,10573.0,0.47,clear
WTH_00010865,2026-03-29,17,12.4,0.0,5.7,10961.0,0.08,clear
WTH_00010866,2026-03-29,18,13.6,0.0,1.5,7275.0,0.52,clear
WTH_00010867,2026-03-29,19,9.6,0.0,21.0,6689.0,0.4,clear
WTH_00010868,2026-03-29,20,11.8,0.0,23.1,11698.0,0.39,clear
WTH_00010869,2026-03-29,21,12.4,0.0,4.1,11860.0,0.33,clear
WTH_00010870,2026-03-29,22,12.5,0.0,3.3,8116.0,0.5,clear
WTH_00010871,2026-03-29,23,12.9,0.0,5.3,10439.0,0.35,clear
WTH_00010872,2026-03-30,0,17.3,0.0,11.4,7758.0,0.22,clear
WTH_00010873,2026-03-30,1,12.8,9.58,3.9,2763.0,0.77,rain
WTH_00010874,2026-03-30,2,16.4,2.91,2.6,2407.0,0.62,rain
WTH_00010875,2026-03-30,3,17.7,0.0,12.5,10420.0,0.37,clear
WTH_00010876,2026-03-30,4,15.9,0.0,3.1,8050.0,0.5,clear
WTH_00010877,2026-03-30,5,15.7,0.0,21.3,7807.0,0.14,clear
WTH_00010878,2026-03-30,6,16.7,0.0,11.2,9908.0,0.4,clear
WTH_00010879,2026-03-30,7,17.6,0.0,21.6,10431.0,0.21,clear
WTH_00010880,2026-03-30,8,12.8,0.0,6.8,8308.0,0.17,clear
WTH_00010881,2026-03-30,9,14.4,0.0,7.3,9900.0,0.14,clear
WTH_00010882,2026-03-30,10,9.9,0.0,3.9,372.0,0.28,fog
WTH_00010883,2026-03-30,11,15.5,4.32,14.6,3489.0,1.0,rain
WTH_00010884,2026-03-30,12,7.7,0.0,9.7,9735.0,0.54,clear
WTH_00010885,2026-03-30,13,10.5,0.0,23.9,11103.0,0.28,clear
WTH_00010886,2026-03-30,14,8.9,0.0,5.6,9128.0,0.19,clear
WTH_00010887,2026-03-30,15,12.6,0.0,21.5,8814.0,0.12,clear
WTH_00010888,2026-03-30,16,9.4,0.0,6.7,8208.0,0.35,clear
WTH_00010889,2026-03-30,17,7.9,0.0,13.3,9233.0,0.27,clear
WTH_00010890,2026-03-30,18,10.8,0.0,3.5,10323.0,0.42,clear
WTH_00010891,2026-03-30,19,12.9,0.0,8.7,6241.0,0.11,clear
WTH_00010892,2026-03-30,20,8.4,0.0,9.2,11147.0,0.2,clear
WTH_00010893,2026-03-30,21,14.3,0.0,2.9,6490.0,0.19,clear
WTH_00010894,2026-03-30,22,11.1,0.0,12.2,10666.0,0.42,clear
WTH_00010895,2026-03-30,23,10.1,0.0,29.8,7315.0,0.61,cloudy
WTH_00010896,2026-03-31,0,18.3,0.0,4.5,9431.0,0.35,clear
WTH_00010897,2026-03-31,1,14.8,0.0,5.9,10386.0,0.49,clear
WTH_00010898,2026-03-31,2,17.4,0.0,7.7,7217.0,0.12,clear
WTH_00010899,2026-03-31,3,15.6,0.0,12.9,9576.0,0.11,clear
WTH_00010900,2026-03-31,4,15.3,0.0,12.2,8747.0,0.21,clear
WTH_00010901,2026-03-31,5,14.4,0.0,5.3,8007.0,0.11,clear
WTH_00010902,2026-03-31,6,18.6,0.0,13.9,11185.0,0.25,clear
WTH_00010903,2026-03-31,7,13.8,0.0,3.3,10026.0,0.45,clear
WTH_00010904,2026-03-31,8,14.9,0.0,10.8,7119.0,0.52,clear
WTH_00010905,2026-03-31,9,12.0,0.0,15.3,9901.0,0.43,clear
WTH_00010906,2026-03-31,10,6.4,0.0,8.1,7119.0,0.14,clear
WTH_00010907,2026-03-31,11,10.1,9.25,6.2,3526.0,0.6,rain
WTH_00010908,2026-03-31,12,8.8,0.0,20.9,8598.0,0.37,clear
WTH_00010909,2026-03-31,13,9.8,0.0,7.9,8947.0,0.47,clear
WTH_00010910,2026-03-31,14,9.1,0.0,16.8,10199.0,0.14,clear
WTH_00010911,2026-03-31,15,11.3,0.0,11.8,9783.0,0.48,clear
WTH_00010912,2026-03-31,16,9.6,0.0,7.9,7984.0,0.36,clear
WTH_00010913,2026-03-31,17,7.0,0.0,6.2,6946.0,0.26,clear
WTH_00010914,2026-03-31,18,10.6,0.0,19.6,7864.0,0.53,clear
WTH_00010915,2026-03-31,19,11.9,0.0,30.3,11630.0,0.22,clear
WTH_00010916,2026-03-31,20,14.4,0.0,23.0,10971.0,0.22,clear
WTH_00010917,2026-03-31,21,14.0,0.0,7.8,8995.0,0.1,clear
WTH_00010918,2026-03-31,22,12.3,0.0,11.9,8143.0,0.35,clear
WTH_00010919,2026-03-31,23,12.7,0.0,2.2,8443.0,0.53,clear
WTH_00010920,2026-04-01,0,18.1,0.0,11.0,9816.0,0.13,clear
WTH_00010921,2026-04-01,1,17.3,0.0,12.0,11640.0,0.57,clear
WTH_00010922,2026-04-01,2,13.1,0.0,30.3,9907.0,0.16,clear
WTH_00010923,2026-04-01,3,19.3,0.0,18.6,11428.0,0.42,clear
WTH_00010924,2026-04-01,4,18.0,0.0,11.2,6868.0,0.5,clear
WTH_00010925,2026-04-01,5,14.3,0.0,22.3,7485.0,0.61,cloudy
WTH_00010926,2026-04-01,6,17.8,0.0,2.8,11706.0,0.31,clear
WTH_00010927,2026-04-01,7,17.1,0.0,14.8,6273.0,0.67,cloudy
WTH_00010928,2026-04-01,8,14.8,0.0,10.1,8658.0,0.15,clear
WTH_00010929,2026-04-01,9,11.7,0.0,8.8,8363.0,0.2,clear
WTH_00010930,2026-04-01,10,12.6,0.0,25.1,8207.0,0.28,clear
WTH_00010931,2026-04-01,11,10.4,0.0,9.6,6166.0,0.44,clear
WTH_00010932,2026-04-01,12,11.7,0.0,7.8,11396.0,0.08,clear
WTH_00010933,2026-04-01,13,10.1,0.0,16.0,9852.0,0.11,clear
WTH_00010934,2026-04-01,14,10.1,0.0,13.4,10201.0,0.18,clear
WTH_00010935,2026-04-01,15,9.7,0.0,16.5,11011.0,0.55,clear
WTH_00010936,2026-04-01,16,7.5,0.0,11.6,8444.0,0.42,clear
WTH_00010937,2026-04-01,17,9.1,0.0,3.4,10258.0,0.39,clear
WTH_00010938,2026-04-01,18,11.1,0.0,11.5,10583.0,0.27,clear
WTH_00010939,2026-04-01,19,10.4,0.0,4.7,7478.0,0.36,clear
WTH_00010940,2026-04-01,20,12.4,0.0,10.3,6600.0,0.63,cloudy
WTH_00010941,2026-04-01,21,13.8,0.0,17.3,6051.0,0.5,clear
WTH_00010942,2026-04-01,22,13.1,0.0,0.8,10336.0,0.39,clear
WTH_00010943,2026-04-01,23,12.4,0.0,10.0,7641.0,0.32,clear
WTH_00010944,2026-04-02,0,15.6,0.0,7.5,11606.0,0.56,clear
WTH_00010945,2026-04-02,1,19.7,0.0,1.9,7942.0,0.49,clear
WTH_00010946,2026-04-02,2,18.1,0.0,4.2,9311.0,0.8,cloudy
WTH_00010947,2026-04-02,3,20.8,0.0,11.5,8880.0,0.44,clear
WTH_00010948,2026-04-02,4,15.0,0.0,14.2,11871.0,0.2,clear
WTH_00010949,2026-04-02,5,17.9,0.0,8.1,11379.0,0.19,clear
WTH_00010950,2026-04-02,6,12.5,0.0,6.6,10764.0,0.1,clear
WTH_00010951,2026-04-02,7,12.6,0.0,21.7,8437.0,0.37,clear
WTH_00010952,2026-04-02,8,12.6,0.0,24.8,10267.0,0.56,clear
WTH_00010953,2026-04-02,9,11.4,0.0,5.3,6632.0,0.29,clear
WTH_00010954,2026-04-02,10,12.6,0.0,1.8,7969.0,0.39,clear
WTH_00010955,2026-04-02,11,13.9,0.0,15.4,9523.0,0.4,clear
WTH_00010956,2026-04-02,12,10.7,0.0,5.2,10624.0,0.13,clear
WTH_00010957,2026-04-02,13,10.9,0.0,32.5,9069.0,0.25,clear
WTH_00010958,2026-04-02,14,9.7,0.0,9.6,7333.0,0.26,clear
WTH_00010959,2026-04-02,15,7.1,2.81,8.9,3739.0,0.6,rain
WTH_00010960,2026-04-02,16,7.5,0.0,11.7,8736.0,0.18,clear
WTH_00010961,2026-04-02,17,11.0,0.0,12.7,6996.0,0.12,clear
WTH_00010962,2026-04-02,18,11.6,0.0,17.8,6981.0,0.26,clear
WTH_00010963,2026-04-02,19,9.9,0.0,16.1,10157.0,0.41,clear
WTH_00010964,2026-04-02,20,12.7,0.0,21.0,9159.0,0.24,clear
WTH_00010965,2026-04-02,21,13.0,0.0,6.5,8453.0,0.3,clear
WTH_00010966,2026-04-02,22,16.8,0.0,11.1,6186.0,0.19,clear
WTH_00010967,2026-04-02,23,17.5,0.0,18.9,10797.0,0.09,clear
WTH_00010968,2026-04-03,0,16.9,0.0,37.3,9596.0,0.38,clear
WTH_00010969,2026-04-03,1,14.1,0.0,11.9,11885.0,0.16,clear
WTH_00010970,2026-04-03,2,15.4,0.0,2.5,7398.0,0.62,cloudy
WTH_00010971,2026-04-03,3,19.0,0.0,14.7,6467.0,0.26,clear
WTH_00010972,2026-04-03,4,19.3,0.0,4.4,7929.0,0.23,clear
WTH_00010973,2026-04-03,5,17.2,0.0,3.3,11413.0,0.22,clear
WTH_00010974,2026-04-03,6,16.9,0.0,22.3,6433.0,0.11,clear
WTH_00010975,2026-04-03,7,12.4,0.0,5.5,8663.0,0.23,clear
WTH_00010976,2026-04-03,8,13.1,0.0,24.1,9047.0,0.29,clear
WTH_00010977,2026-04-03,9,8.5,0.0,1.1,11957.0,0.5,clear
WTH_00010978,2026-04-03,10,11.8,0.0,12.5,9617.0,0.5,clear
WTH_00010979,2026-04-03,11,7.8,0.0,11.0,10956.0,0.19,clear
WTH_00010980,2026-04-03,12,9.2,0.0,6.0,11310.0,0.35,clear
WTH_00010981,2026-04-03,13,8.4,0.0,8.6,11649.0,0.27,clear
WTH_00010982,2026-04-03,14,8.7,0.0,9.8,6247.0,0.77,cloudy
WTH_00010983,2026-04-03,15,7.7,0.0,5.5,7979.0,0.53,clear
WTH_00010984,2026-04-03,16,9.7,0.0,25.9,11973.0,0.45,clear
WTH_00010985,2026-04-03,17,7.8,0.0,7.7,6381.0,0.2,clear
WTH_00010986,2026-04-03,18,9.1,0.0,12.4,9780.0,0.32,clear
WTH_00010987,2026-04-03,19,9.7,0.0,16.0,8748.0,0.61,cloudy
WTH_00010988,2026-04-03,20,14.0,0.0,6.1,9788.0,0.37,clear
WTH_00010989,2026-04-03,21,12.4,0.0,10.9,6518.0,0.47,clear
WTH_00010990,2026-04-03,22,14.2,0.0,5.6,6032.0,0.18,clear
WTH_00010991,2026-04-03,23,13.8,0.0,10.8,6273.0,0.61,cloudy
WTH_00010992,2026-04-04,0,15.5,0.0,11.0,6160.0,0.58,clear
WTH_00010993,2026-04-04,1,15.7,0.0,6.0,10244.0,0.19,clear
WTH_00010994,2026-04-04,2,18.9,0.0,4.8,9081.0,0.12,clear
WTH_00010995,2026-04-04,3,17.7,0.0,10.9,10784.0,0.47,clear
WTH_00010996,2026-04-04,4,20.7,0.0,13.9,11690.0,0.25,clear
WTH_00010997,2026-04-04,5,14.1,0.0,18.2,11608.0,0.24,clear
WTH_00010998,2026-04-04,6,19.8,0.0,0.8,8724.0,0.21,clear
WTH_00010999,2026-04-04,7,15.9,0.0,16.2,9859.0,0.03,clear
WTH_00011000,2026-04-04,8,15.4,0.0,34.4,7406.0,0.37,clear
WTH_00011001,2026-04-04,9,11.0,0.0,7.8,9228.0,0.56,clear
WTH_00011002,2026-04-04,10,11.6,0.0,10.9,11005.0,0.31,clear
WTH_00011003,2026-04-04,11,11.4,0.0,10.6,11346.0,0.33,clear
WTH_00011004,2026-04-04,12,10.0,0.0,13.0,6382.0,0.43,clear
WTH_00011005,2026-04-04,13,9.1,0.0,31.2,9508.0,0.42,clear
WTH_00011006,2026-04-04,14,8.3,0.0,30.1,7442.0,0.25,clear
WTH_00011007,2026-04-04,15,6.7,0.0,6.4,9973.0,0.42,clear
WTH_00011008,2026-04-04,16,11.0,0.0,26.9,7761.0,0.28,clear
WTH_00011009,2026-04-04,17,13.4,0.0,7.1,8796.0,0.69,cloudy
WTH_00011010,2026-04-04,18,8.7,0.0,20.3,8356.0,0.48,clear
WTH_00011011,2026-04-04,19,9.0,7.66,4.7,1997.0,0.65,rain
WTH_00011012,2026-04-04,20,11.5,0.0,3.4,6726.0,0.27,clear
WTH_00011013,2026-04-04,21,11.9,0.0,11.0,9504.0,0.55,clear
WTH_00011014,2026-04-04,22,12.4,0.0,7.0,11150.0,0.12,clear
WTH_00011015,2026-04-04,23,17.4,0.0,10.4,9726.0,0.45,clear
WTH_00011016,2026-04-05,0,14.1,8.75,21.3,3830.0,0.97,rain
WTH_00011017,2026-04-05,1,16.3,0.0,7.4,9637.0,0.33,clear
WTH_00011018,2026-04-05,2,15.5,0.0,14.9,11959.0,0.2,clear
WTH_00011019,2026-04-05,3,20.3,0.0,14.0,6332.0,0.62,cloudy
WTH_00011020,2026-04-05,4,13.9,0.0,17.3,8205.0,0.13,clear
WTH_00011021,2026-04-05,5,17.7,0.0,5.0,6885.0,0.28,clear
WTH_00011022,2026-04-05,6,11.4,0.0,1.7,9563.0,0.37,clear
WTH_00011023,2026-04-05,7,14.9,0.0,12.0,7424.0,0.24,clear
WTH_00011024,2026-04-05,8,15.9,0.0,8.4,9289.0,0.04,clear
WTH_00011025,2026-04-05,9,10.2,0.0,10.1,7299.0,0.28,clear
WTH_00011026,2026-04-05,10,11.4,0.0,4.3,11172.0,0.46,clear
WTH_00011027,2026-04-05,11,6.5,0.0,19.3,6309.0,0.45,clear
WTH_00011028,2026-04-05,12,8.4,0.0,8.6,10335.0,0.34,clear
WTH_00011029,2026-04-05,13,11.2,1.28,9.5,3719.0,0.51,rain
WTH_00011030,2026-04-05,14,9.2,0.0,4.9,8442.0,0.31,clear
WTH_00011031,2026-04-05,15,6.1,0.0,9.5,11069.0,0.34,clear
WTH_00011032,2026-04-05,16,10.8,0.0,2.6,6909.0,0.53,clear
WTH_00011033,2026-04-05,17,11.8,0.0,4.1,10783.0,0.12,clear
WTH_00011034,2026-04-05,18,9.0,0.0,5.3,10141.0,0.72,cloudy
WTH_00011035,2026-04-05,19,7.6,0.0,4.3,6180.0,0.28,clear
WTH_00011036,2026-04-05,20,11.8,0.0,13.9,8287.0,0.43,clear
WTH_00011037,2026-04-05,21,16.5,0.0,6.1,8197.0,0.43,clear
WTH_00011038,2026-04-05,22,16.2,0.0,21.1,11564.0,0.12,clear
WTH_00011039,2026-04-05,23,17.4,0.0,1.6,11652.0,0.33,clear
WTH_00011040,2026-04-06,0,14.7,0.0,12.3,9722.0,0.42,clear
WTH_00011041,2026-04-06,1,15.1,0.0,9.1,9940.0,0.33,clear
WTH_00011042,2026-04-06,2,17.7,0.0,9.9,7431.0,0.29,clear
WTH_00011043,2026-04-06,3,14.2,0.0,34.8,9747.0,0.27,clear
WTH_00011044,2026-04-06,4,19.4,0.0,22.8,9766.0,0.25,clear
WTH_00011045,2026-04-06,5,18.5,0.0,27.6,8534.0,0.32,clear
WTH_00011046,2026-04-06,6,16.6,0.0,12.4,8876.0,0.3,clear
WTH_00011047,2026-04-06,7,16.8,0.0,3.2,8028.0,0.41,clear
WTH_00011048,2026-04-06,8,16.0,0.0,24.5,10425.0,0.35,clear
WTH_00011049,2026-04-06,9,13.6,0.0,13.2,9365.0,0.24,clear
WTH_00011050,2026-04-06,10,11.6,0.0,12.3,7456.0,0.56,clear
WTH_00011051,2026-04-06,11,13.4,0.0,11.4,11258.0,0.55,clear
WTH_00011052,2026-04-06,12,13.3,0.0,10.9,7065.0,0.19,clear
WTH_00011053,2026-04-06,13,9.4,0.0,11.5,10631.0,0.31,clear
WTH_00011054,2026-04-06,14,12.0,0.0,19.7,9172.0,0.09,clear
WTH_00011055,2026-04-06,15,6.7,0.0,14.1,10757.0,0.21,clear
WTH_00011056,2026-04-06,16,11.5,0.0,10.7,11894.0,0.02,clear
WTH_00011057,2026-04-06,17,8.8,0.0,10.9,6014.0,0.59,clear
WTH_00011058,2026-04-06,18,9.2,0.0,6.1,8290.0,0.49,clear
WTH_00011059,2026-04-06,19,10.8,0.0,4.8,11741.0,0.12,clear
WTH_00011060,2026-04-06,20,14.0,0.0,12.8,7432.0,0.29,clear
WTH_00011061,2026-04-06,21,10.6,0.0,5.1,7284.0,0.25,clear
WTH_00011062,2026-04-06,22,12.4,0.0,16.2,901.0,0.06,fog
WTH_00011063,2026-04-06,23,16.1,0.0,22.2,10268.0,0.77,cloudy
WTH_00011064,2026-04-07,0,17.0,0.0,5.8,6978.0,0.45,clear
WTH_00011065,2026-04-07,1,16.4,0.0,12.7,8932.0,0.61,cloudy
WTH_00011066,2026-04-07,2,19.1,0.0,13.1,11911.0,0.17,clear
WTH_00011067,2026-04-07,3,11.8,0.0,18.2,11012.0,0.38,clear
WTH_00011068,2026-04-07,4,15.7,0.0,22.3,6659.0,0.55,clear
WTH_00011069,2026-04-07,5,15.3,0.0,29.7,8825.0,0.22,clear
WTH_00011070,2026-04-07,6,15.5,0.0,9.0,11551.0,0.35,clear
WTH_00011071,2026-04-07,7,14.3,7.9,9.8,3551.0,0.65,rain
WTH_00011072,2026-04-07,8,14.3,0.0,35.6,9907.0,0.14,clear
WTH_00011073,2026-04-07,9,12.6,0.0,7.5,10649.0,0.61,cloudy
WTH_00011074,2026-04-07,10,12.3,0.0,1.3,8050.0,0.17,clear
WTH_00011075,2026-04-07,11,10.0,0.0,3.9,10835.0,0.05,clear
WTH_00011076,2026-04-07,12,11.7,0.0,13.5,8321.0,0.1,clear
WTH_00011077,2026-04-07,13,12.2,0.0,4.2,8877.0,0.17,clear
WTH_00011078,2026-04-07,14,10.0,0.0,3.8,8682.0,0.26,clear
WTH_00011079,2026-04-07,15,8.4,0.0,10.4,8581.0,0.13,clear
WTH_00011080,2026-04-07,16,12.8,0.0,2.6,6069.0,0.41,clear
WTH_00011081,2026-04-07,17,9.2,0.66,20.0,3972.0,0.76,rain
WTH_00011082,2026-04-07,18,13.6,0.0,8.8,7244.0,0.29,clear
WTH_00011083,2026-04-07,19,15.0,0.0,12.5,6546.0,0.18,clear
WTH_00011084,2026-04-07,20,13.6,0.0,38.1,9847.0,0.85,cloudy
WTH_00011085,2026-04-07,21,14.1,0.0,6.8,10185.0,0.15,clear
WTH_00011086,2026-04-07,22,14.1,0.0,22.9,8264.0,0.22,clear
WTH_00011087,2026-04-07,23,13.1,0.0,14.6,9509.0,0.47,clear
WTH_00011088,2026-04-08,0,14.3,0.0,3.5,7261.0,0.55,clear
WTH_00011089,2026-04-08,1,13.5,0.0,2.5,9942.0,0.43,clear
WTH_00011090,2026-04-08,2,15.4,0.0,15.3,8756.0,0.35,clear
WTH_00011091,2026-04-08,3,15.6,0.0,8.3,11923.0,0.71,cloudy
WTH_00011092,2026-04-08,4,17.6,0.0,14.8,6778.0,0.3,clear
WTH_00011093,2026-04-08,5,13.7,0.0,9.3,9302.0,0.04,clear
WTH_00011094,2026-04-08,6,13.9,0.0,13.3,10213.0,0.42,clear
WTH_00011095,2026-04-08,7,15.6,0.0,6.6,8987.0,0.49,clear
WTH_00011096,2026-04-08,8,13.6,6.76,14.2,2542.0,0.58,rain
WTH_00011097,2026-04-08,9,13.2,0.0,0.7,824.0,0.15,fog
WTH_00011098,2026-04-08,10,10.9,0.0,5.4,10466.0,0.17,clear
WTH_00011099,2026-04-08,11,10.3,0.0,32.7,8258.0,0.2,clear
WTH_00011100,2026-04-08,12,8.3,0.0,14.9,9746.0,0.51,clear
WTH_00011101,2026-04-08,13,9.4,0.0,9.2,11937.0,0.37,clear
WTH_00011102,2026-04-08,14,7.0,0.0,5.6,6215.0,0.12,clear
WTH_00011103,2026-04-08,15,11.2,0.0,22.7,8557.0,0.21,clear
WTH_00011104,2026-04-08,16,11.3,0.0,4.0,7863.0,0.58,clear
WTH_00011105,2026-04-08,17,8.2,0.0,37.0,7925.0,0.43,clear
WTH_00011106,2026-04-08,18,10.5,0.0,5.3,6615.0,0.53,clear
WTH_00011107,2026-04-08,19,12.3,0.0,5.2,6658.0,0.63,cloudy
WTH_00011108,2026-04-08,20,14.0,0.0,4.7,10649.0,0.54,clear
WTH_00011109,2026-04-08,21,13.7,0.0,16.3,7700.0,0.06,clear
WTH_00011110,2026-04-08,22,18.1,0.0,13.3,11351.0,0.34,clear
WTH_00011111,2026-04-08,23,12.6,0.0,15.1,11578.0,0.19,clear
WTH_00011112,2026-04-09,0,17.9,0.0,15.7,11371.0,0.69,cloudy
WTH_00011113,2026-04-09,1,16.4,0.0,43.9,8508.0,0.5,clear
WTH_00011114,2026-04-09,2,15.4,0.0,10.8,6504.0,0.36,clear
WTH_00011115,2026-04-09,3,18.8,0.0,15.0,6557.0,0.89,cloudy
WTH_00011116,2026-04-09,4,17.9,0.0,8.0,10484.0,0.53,clear
WTH_00011117,2026-04-09,5,20.0,0.0,10.6,10279.0,0.33,clear
WTH_00011118,2026-04-09,6,17.7,0.0,11.4,10848.0,0.32,clear
WTH_00011119,2026-04-09,7,15.9,0.0,19.2,8891.0,0.15,clear
WTH_00011120,2026-04-09,8,10.3,0.0,0.6,9528.0,0.14,clear
WTH_00011121,2026-04-09,9,15.5,0.0,15.2,8842.0,0.3,clear
WTH_00011122,2026-04-09,10,9.7,9.0,9.2,1872.0,0.52,rain
WTH_00011123,2026-04-09,11,11.5,0.0,12.0,6164.0,0.45,clear
WTH_00011124,2026-04-09,12,9.1,0.0,1.9,7349.0,0.24,clear
WTH_00011125,2026-04-09,13,10.1,0.0,19.0,7407.0,0.6,cloudy
WTH_00011126,2026-04-09,14,6.2,0.0,8.5,8089.0,0.28,clear
WTH_00011127,2026-04-09,15,13.8,0.0,14.0,8946.0,0.48,clear
WTH_00011128,2026-04-09,16,12.3,0.0,2.8,11117.0,0.41,clear
WTH_00011129,2026-04-09,17,5.3,0.0,12.3,9838.0,0.23,clear
WTH_00011130,2026-04-09,18,11.8,0.0,17.3,10475.0,0.06,clear
WTH_00011131,2026-04-09,19,11.3,0.0,19.8,7639.0,0.26,clear
WTH_00011132,2026-04-09,20,13.3,0.0,10.0,11295.0,0.08,clear
WTH_00011133,2026-04-09,21,10.9,0.0,17.7,11335.0,0.17,clear
WTH_00011134,2026-04-09,22,10.4,0.0,2.9,7852.0,0.27,clear
WTH_00011135,2026-04-09,23,18.0,0.0,12.7,8069.0,0.28,clear
WTH_00011136,2026-04-10,0,13.1,0.0,8.7,9568.0,0.2,clear
WTH_00011137,2026-04-10,1,15.0,0.0,15.8,10574.0,0.51,clear
WTH_00011138,2026-04-10,2,14.0,0.0,14.1,8477.0,0.13,clear
WTH_00011139,2026-04-10,3,17.0,0.0,10.3,10108.0,0.52,clear
WTH_00011140,2026-04-10,4,13.7,0.0,16.5,9287.0,0.32,clear
WTH_00011141,2026-04-10,5,13.7,0.0,5.4,9860.0,0.32,clear
WTH_00011142,2026-04-10,6,13.1,0.0,4.9,8464.0,0.12,clear
WTH_00011143,2026-04-10,7,16.0,0.0,10.6,11811.0,0.19,clear
WTH_00011144,2026-04-10,8,13.6,5.88,1.9,858.0,0.8,rain
WTH_00011145,2026-04-10,9,11.7,0.0,17.0,7498.0,0.21,clear
WTH_00011146,2026-04-10,10,15.2,0.0,21.7,7671.0,0.44,clear
WTH_00011147,2026-04-10,11,13.1,0.0,8.0,6875.0,0.58,clear
WTH_00011148,2026-04-10,12,6.3,3.12,8.6,1707.0,0.49,rain
WTH_00011149,2026-04-10,13,12.5,0.0,4.1,10938.0,0.06,clear
WTH_00011150,2026-04-10,14,10.2,0.0,14.8,8703.0,0.38,clear
WTH_00011151,2026-04-10,15,8.3,0.0,20.7,8794.0,0.55,clear
WTH_00011152,2026-04-10,16,11.1,0.0,12.1,11964.0,0.14,clear
WTH_00011153,2026-04-10,17,10.8,0.0,28.2,8032.0,0.23,clear
WTH_00011154,2026-04-10,18,9.3,0.0,6.4,6379.0,0.07,clear
WTH_00011155,2026-04-10,19,9.5,0.0,25.7,1043.0,0.26,fog
WTH_00011156,2026-04-10,20,11.5,0.0,5.9,10227.0,0.19,clear
WTH_00011157,2026-04-10,21,11.5,0.0,8.0,6368.0,0.3,clear
WTH_00011158,2026-04-10,22,13.7,0.0,3.4,10711.0,0.26,clear
WTH_00011159,2026-04-10,23,14.9,0.0,9.9,10771.0,0.21,clear
WTH_00011160,2026-04-11,0,17.5,0.0,5.8,8153.0,0.63,cloudy
WTH_00011161,2026-04-11,1,17.6,0.0,4.3,10675.0,0.31,clear
WTH_00011162,2026-04-11,2,21.4,0.0,10.5,8054.0,0.29,clear
WTH_00011163,2026-04-11,3,15.3,0.0,13.2,11605.0,0.38,clear
WTH_00011164,2026-04-11,4,15.0,0.0,4.2,10992.0,0.46,clear
WTH_00011165,2026-04-11,5,15.1,0.0,8.0,11256.0,0.53,clear
WTH_00011166,2026-04-11,6,14.5,0.0,21.8,9936.0,0.33,clear
WTH_00011167,2026-04-11,7,16.2,0.0,11.6,11392.0,0.42,clear
WTH_00011168,2026-04-11,8,13.5,0.0,7.1,6301.0,0.21,clear
WTH_00011169,2026-04-11,9,11.6,0.0,9.5,11158.0,0.43,clear
WTH_00011170,2026-04-11,10,11.1,0.0,18.2,10340.0,0.15,clear
WTH_00011171,2026-04-11,11,11.1,0.0,7.1,8994.0,0.21,clear
WTH_00011172,2026-04-11,12,9.8,0.0,32.4,9724.0,0.34,clear
WTH_00011173,2026-04-11,13,11.9,0.0,2.7,7357.0,0.44,clear
WTH_00011174,2026-04-11,14,8.0,0.0,30.9,342.0,0.5,fog
WTH_00011175,2026-04-11,15,10.3,0.0,5.3,11095.0,0.25,clear
WTH_00011176,2026-04-11,16,9.1,0.0,11.3,7161.0,0.41,clear
WTH_00011177,2026-04-11,17,7.7,0.0,17.7,7536.0,0.69,cloudy
WTH_00011178,2026-04-11,18,9.6,0.0,8.1,9612.0,0.54,clear
WTH_00011179,2026-04-11,19,11.3,0.0,18.2,10934.0,0.54,clear
WTH_00011180,2026-04-11,20,7.6,0.0,7.2,8207.0,0.09,clear
WTH_00011181,2026-04-11,21,10.8,0.0,6.2,8920.0,0.46,clear
WTH_00011182,2026-04-11,22,12.7,0.0,2.0,11135.0,0.32,clear
WTH_00011183,2026-04-11,23,16.3,0.0,15.5,7094.0,0.43,clear
WTH_00011184,2026-04-12,0,16.3,0.0,6.7,10304.0,0.33,clear
WTH_00011185,2026-04-12,1,17.4,0.0,23.6,9858.0,0.16,clear
WTH_00011186,2026-04-12,2,16.4,0.0,40.5,8925.0,0.3,clear
WTH_00011187,2026-04-12,3,13.0,0.0,5.9,8915.0,0.1,clear
WTH_00011188,2026-04-12,4,19.9,0.0,12.4,8806.0,0.41,clear
WTH_00011189,2026-04-12,5,15.3,0.0,14.4,10954.0,0.24,clear
WTH_00011190,2026-04-12,6,15.7,0.0,9.7,11987.0,0.28,clear
WTH_00011191,2026-04-12,7,16.0,0.0,10.7,8523.0,0.43,clear
WTH_00011192,2026-04-12,8,14.5,0.0,9.5,11907.0,0.56,clear
WTH_00011193,2026-04-12,9,12.7,0.0,12.3,7886.0,0.55,clear
WTH_00011194,2026-04-12,10,11.5,0.0,12.5,7430.0,0.64,cloudy
WTH_00011195,2026-04-12,11,15.2,0.0,20.6,10647.0,0.37,clear
WTH_00011196,2026-04-12,12,10.5,6.08,15.3,1725.0,0.72,rain
WTH_00011197,2026-04-12,13,10.4,2.33,18.7,805.0,0.98,rain
WTH_00011198,2026-04-12,14,5.4,0.0,8.7,11643.0,0.13,clear
WTH_00011199,2026-04-12,15,9.6,0.0,3.2,8884.0,0.11,clear
WTH_00011200,2026-04-12,16,7.3,0.0,21.5,7153.0,0.82,cloudy
WTH_00011201,2026-04-12,17,8.4,0.0,2.9,7024.0,0.5,clear
WTH_00011202,2026-04-12,18,6.9,0.0,29.4,8245.0,0.63,cloudy
WTH_00011203,2026-04-12,19,14.1,0.0,2.4,10840.0,0.22,clear
WTH_00011204,2026-04-12,20,11.7,0.0,3.3,10239.0,0.47,clear
WTH_00011205,2026-04-12,21,13.1,0.0,17.6,11556.0,0.19,clear
WTH_00011206,2026-04-12,22,15.0,0.0,4.3,11437.0,0.25,clear
WTH_00011207,2026-04-12,23,16.7,0.0,8.5,9751.0,0.65,cloudy
WTH_00011208,2026-04-13,0,14.7,0.0,13.8,6702.0,0.58,clear
WTH_00011209,2026-04-13,1,15.2,0.0,0.9,6561.0,0.17,clear
WTH_00011210,2026-04-13,2,19.2,0.0,3.6,6036.0,0.17,clear
WTH_00011211,2026-04-13,3,16.3,0.0,4.2,7811.0,0.21,clear
WTH_00011212,2026-04-13,4,17.5,0.0,2.7,695.0,0.55,fog
WTH_00011213,2026-04-13,5,17.8,0.0,12.3,11698.0,0.36,clear
WTH_00011214,2026-04-13,6,17.5,0.0,15.3,579.0,0.46,fog
WTH_00011215,2026-04-13,7,16.7,0.0,9.5,9713.0,0.13,clear
WTH_00011216,2026-04-13,8,12.5,0.0,23.9,9222.0,0.33,clear
WTH_00011217,2026-04-13,9,9.8,2.31,10.1,2951.0,0.64,rain
WTH_00011218,2026-04-13,10,9.4,0.0,7.1,7285.0,0.4,clear
WTH_00011219,2026-04-13,11,10.2,0.0,1.3,9948.0,0.19,clear
WTH_00011220,2026-04-13,12,10.0,0.0,4.2,11990.0,0.13,clear
WTH_00011221,2026-04-13,13,12.2,0.0,21.3,7146.0,0.31,clear
WTH_00011222,2026-04-13,14,9.2,0.0,2.9,8879.0,0.44,clear
WTH_00011223,2026-04-13,15,10.8,0.0,6.6,8940.0,0.23,clear
WTH_00011224,2026-04-13,16,9.3,0.0,40.7,10362.0,0.24,clear
WTH_00011225,2026-04-13,17,11.5,0.0,35.5,11469.0,0.32,clear
WTH_00011226,2026-04-13,18,8.3,0.0,6.5,7506.0,0.55,clear
WTH_00011227,2026-04-13,19,10.5,0.0,16.4,7970.0,0.38,clear
WTH_00011228,2026-04-13,20,10.2,0.0,7.7,10917.0,0.25,clear
WTH_00011229,2026-04-13,21,12.2,0.0,5.4,10741.0,0.72,cloudy
WTH_00011230,2026-04-13,22,11.6,0.0,2.2,9705.0,0.67,cloudy
WTH_00011231,2026-04-13,23,17.6,0.0,2.8,10002.0,0.09,clear
WTH_00011232,2026-04-14,0,15.3,0.0,15.2,8255.0,0.12,clear
WTH_00011233,2026-04-14,1,14.6,0.0,8.2,9566.0,0.36,clear
WTH_00011234,2026-04-14,2,15.1,0.0,11.9,556.0,0.6,fog
WTH_00011235,2026-04-14,3,17.3,0.0,19.5,9377.0,0.3,clear
WTH_00011236,2026-04-14,4,15.3,0.0,25.5,6266.0,0.46,clear
WTH_00011237,2026-04-14,5,21.1,0.0,9.3,8179.0,0.07,clear
WTH_00011238,2026-04-14,6,18.7,0.0,3.5,10219.0,0.32,clear
WTH_00011239,2026-04-14,7,16.7,0.0,12.8,10865.0,0.22,clear
WTH_00011240,2026-04-14,8,13.5,0.0,16.6,8492.0,0.17,clear
WTH_00011241,2026-04-14,9,13.7,0.0,7.9,10382.0,0.23,clear
WTH_00011242,2026-04-14,10,11.2,0.0,5.3,6203.0,0.19,clear
WTH_00011243,2026-04-14,11,11.0,0.0,23.8,9940.0,0.16,clear
WTH_00011244,2026-04-14,12,10.2,0.0,19.9,6007.0,0.4,clear
WTH_00011245,2026-04-14,13,10.8,0.0,7.1,11167.0,0.07,clear
WTH_00011246,2026-04-14,14,8.3,0.0,9.8,10798.0,0.35,clear
WTH_00011247,2026-04-14,15,8.3,5.8,6.2,1378.0,1.0,rain
WTH_00011248,2026-04-14,16,7.4,0.0,8.2,8939.0,0.59,clear
WTH_00011249,2026-04-14,17,9.2,0.0,16.9,6118.0,0.25,clear
WTH_00011250,2026-04-14,18,8.8,0.0,5.2,9697.0,0.3,clear
WTH_00011251,2026-04-14,19,10.2,0.0,15.7,11872.0,0.25,clear
WTH_00011252,2026-04-14,20,13.0,0.0,12.5,6863.0,0.24,clear
WTH_00011253,2026-04-14,21,15.1,0.0,5.8,10183.0,0.38,clear
WTH_00011254,2026-04-14,22,13.7,0.0,13.2,7352.0,0.14,clear
WTH_00011255,2026-04-14,23,14.1,9.28,21.0,1524.0,0.92,rain
WTH_00011256,2026-04-15,0,15.7,0.0,12.0,7045.0,0.79,cloudy
WTH_00011257,2026-04-15,1,15.9,0.0,8.6,6885.0,0.38,clear
WTH_00011258,2026-04-15,2,19.3,0.0,12.3,8429.0,0.52,clear
WTH_00011259,2026-04-15,3,14.6,0.0,20.5,10841.0,0.16,clear
WTH_00011260,2026-04-15,4,13.1,0.0,16.4,10739.0,0.25,clear
WTH_00011261,2026-04-15,5,18.1,0.0,7.8,7257.0,0.69,cloudy
WTH_00011262,2026-04-15,6,14.7,0.0,16.0,10902.0,0.16,clear
WTH_00011263,2026-04-15,7,11.1,0.0,6.7,11448.0,0.18,clear
WTH_00011264,2026-04-15,8,14.2,0.0,9.8,6836.0,0.07,clear
WTH_00011265,2026-04-15,9,11.5,0.0,7.3,6193.0,0.15,clear
WTH_00011266,2026-04-15,10,14.3,0.0,5.0,8633.0,0.21,clear
WTH_00011267,2026-04-15,11,12.5,0.0,8.4,10449.0,0.53,clear
WTH_00011268,2026-04-15,12,11.4,0.0,13.2,10213.0,0.46,clear
WTH_00011269,2026-04-15,13,11.0,0.0,6.8,8722.0,0.14,clear
WTH_00011270,2026-04-15,14,8.5,0.0,27.5,8380.0,0.48,clear
WTH_00011271,2026-04-15,15,9.8,0.0,5.4,6274.0,0.39,clear
WTH_00011272,2026-04-15,16,9.5,0.0,4.0,9277.0,0.61,cloudy
WTH_00011273,2026-04-15,17,10.7,0.0,6.2,10631.0,0.35,clear
WTH_00011274,2026-04-15,18,12.6,0.0,8.5,7544.0,0.41,clear
WTH_00011275,2026-04-15,19,10.1,0.0,15.4,7250.0,0.23,clear
WTH_00011276,2026-04-15,20,13.0,0.0,10.7,6626.0,0.19,clear
WTH_00011277,2026-04-15,21,13.4,0.0,18.9,6362.0,0.25,clear
WTH_00011278,2026-04-15,22,9.3,0.0,1.8,7807.0,0.64,cloudy
WTH_00011279,2026-04-15,23,15.7,0.0,5.1,6765.0,0.17,clear
WTH_00011280,2026-04-16,0,16.0,0.0,14.2,9627.0,0.33,clear
WTH_00011281,2026-04-16,1,17.8,0.0,4.4,8046.0,0.38,clear
WTH_00011282,2026-04-16,2,14.0,0.0,12.5,9909.0,0.67,cloudy
WTH_00011283,2026-04-16,3,16.1,1.49,10.3,2228.0,0.51,rain
WTH_00011284,2026-04-16,4,17.5,0.0,1.7,6284.0,0.03,clear
WTH_00011285,2026-04-16,5,17.4,0.0,5.1,6258.0,0.52,clear
WTH_00011286,2026-04-16,6,13.1,0.0,18.0,9779.0,0.61,cloudy
WTH_00011287,2026-04-16,7,13.8,0.0,18.6,7287.0,0.17,clear
WTH_00011288,2026-04-16,8,13.7,0.0,9.8,10882.0,0.63,cloudy
WTH_00011289,2026-04-16,9,14.5,0.0,19.6,6079.0,0.04,clear
WTH_00011290,2026-04-16,10,12.7,0.0,9.6,8208.0,0.23,clear
WTH_00011291,2026-04-16,11,11.7,0.0,11.7,6319.0,0.57,clear
WTH_00011292,2026-04-16,12,11.8,0.0,9.6,6922.0,0.18,clear
WTH_00011293,2026-04-16,13,6.6,0.0,4.0,10365.0,0.14,clear
WTH_00011294,2026-04-16,14,9.5,0.0,33.8,8824.0,0.76,cloudy
WTH_00011295,2026-04-16,15,9.7,0.0,7.3,10896.0,0.68,cloudy
WTH_00011296,2026-04-16,16,8.6,0.0,11.8,9172.0,0.42,clear
WTH_00011297,2026-04-16,17,6.7,0.0,13.7,10104.0,0.21,clear
WTH_00011298,2026-04-16,18,11.4,0.0,8.0,11814.0,0.47,clear
WTH_00011299,2026-04-16,19,8.5,0.0,23.4,6353.0,0.29,clear
WTH_00011300,2026-04-16,20,11.3,0.0,8.4,8550.0,0.19,clear
WTH_00011301,2026-04-16,21,14.7,0.0,16.9,7691.0,0.32,clear
WTH_00011302,2026-04-16,22,14.5,0.0,14.0,11937.0,0.38,clear
WTH_00011303,2026-04-16,23,13.5,0.0,3.2,6693.0,0.41,clear
WTH_00011304,2026-04-17,0,12.6,0.0,2.7,7203.0,0.14,clear
WTH_00011305,2026-04-17,1,16.5,0.0,10.9,7155.0,0.62,cloudy
WTH_00011306,2026-04-17,2,16.6,0.0,16.0,6167.0,0.16,clear
WTH_00011307,2026-04-17,3,17.6,0.0,14.6,11175.0,0.6,clear
WTH_00011308,2026-04-17,4,15.9,0.0,32.0,11201.0,0.23,clear
WTH_00011309,2026-04-17,5,11.4,0.0,5.4,6838.0,0.13,clear
WTH_00011310,2026-04-17,6,15.0,0.0,1.6,6296.0,0.13,clear
WTH_00011311,2026-04-17,7,18.3,0.0,11.6,10950.0,0.34,clear
WTH_00011312,2026-04-17,8,14.6,0.0,16.7,6443.0,0.66,cloudy
WTH_00011313,2026-04-17,9,14.4,0.0,9.5,9940.0,0.64,cloudy
WTH_00011314,2026-04-17,10,13.2,0.0,3.1,6401.0,0.17,clear
WTH_00011315,2026-04-17,11,15.0,0.0,11.5,11689.0,0.09,clear
WTH_00011316,2026-04-17,12,7.5,0.0,3.6,11972.0,0.53,clear
WTH_00011317,2026-04-17,13,7.9,0.0,23.1,6726.0,0.25,clear
WTH_00011318,2026-04-17,14,9.0,0.0,2.8,6904.0,0.27,clear
WTH_00011319,2026-04-17,15,11.4,0.0,9.3,11700.0,0.17,clear
WTH_00011320,2026-04-17,16,8.5,0.0,7.9,11129.0,0.28,clear
WTH_00011321,2026-04-17,17,9.8,0.0,5.1,10508.0,0.06,clear
WTH_00011322,2026-04-17,18,9.9,0.0,5.4,11844.0,0.53,clear
WTH_00011323,2026-04-17,19,11.6,0.0,1.1,11174.0,0.58,clear
WTH_00011324,2026-04-17,20,9.4,0.0,20.9,7618.0,0.6,clear
WTH_00011325,2026-04-17,21,13.3,0.0,1.5,6842.0,0.34,clear
WTH_00011326,2026-04-17,22,9.0,0.0,8.2,8207.0,0.34,clear
WTH_00011327,2026-04-17,23,12.0,0.0,18.8,7638.0,0.37,clear
WTH_00011328,2026-04-18,0,16.4,0.0,10.9,11180.0,0.27,clear
WTH_00011329,2026-04-18,1,17.5,0.0,7.9,11345.0,0.52,clear
WTH_00011330,2026-04-18,2,16.7,0.0,30.5,11543.0,0.74,cloudy
WTH_00011331,2026-04-18,3,18.0,0.0,10.8,10296.0,0.46,clear
WTH_00011332,2026-04-18,4,19.5,0.0,14.6,7373.0,0.4,clear
WTH_00011333,2026-04-18,5,20.0,0.0,11.3,10211.0,0.49,clear
WTH_00011334,2026-04-18,6,15.7,0.0,2.5,6738.0,0.1,clear
WTH_00011335,2026-04-18,7,12.6,0.0,5.5,8252.0,0.3,clear
WTH_00011336,2026-04-18,8,12.7,0.0,1.8,7915.0,0.27,clear
WTH_00011337,2026-04-18,9,11.1,0.0,4.4,7460.0,0.28,clear
WTH_00011338,2026-04-18,10,15.6,0.0,8.8,9917.0,0.25,clear
WTH_00011339,2026-04-18,11,10.7,0.0,11.5,11672.0,0.36,clear
WTH_00011340,2026-04-18,12,9.6,0.0,5.3,11989.0,0.41,clear
WTH_00011341,2026-04-18,13,10.6,0.0,10.5,11016.0,0.29,clear
WTH_00011342,2026-04-18,14,6.3,0.0,11.7,9615.0,0.2,clear
WTH_00011343,2026-04-18,15,9.7,0.0,10.6,11539.0,0.34,clear
WTH_00011344,2026-04-18,16,7.4,0.0,11.3,8757.0,0.51,clear
WTH_00011345,2026-04-18,17,9.4,0.0,7.6,8597.0,0.5,clear
WTH_00011346,2026-04-18,18,13.4,3.69,4.2,3868.0,0.69,rain
WTH_00011347,2026-04-18,19,13.8,0.0,9.9,11753.0,0.69,cloudy
WTH_00011348,2026-04-18,20,8.6,0.0,6.9,10362.0,0.12,clear
WTH_00011349,2026-04-18,21,12.5,0.0,9.4,10784.0,0.45,clear
WTH_00011350,2026-04-18,22,14.3,0.0,19.3,8426.0,0.3,clear
WTH_00011351,2026-04-18,23,15.8,0.0,3.1,9594.0,0.29,clear
WTH_00011352,2026-04-19,0,11.7,0.0,33.6,10325.0,0.42,clear
WTH_00011353,2026-04-19,1,16.3,0.0,15.3,9368.0,0.16,clear
WTH_00011354,2026-04-19,2,18.8,0.0,14.9,8656.0,0.1,clear
WTH_00011355,2026-04-19,3,18.5,0.0,12.0,11400.0,0.56,clear
WTH_00011356,2026-04-19,4,16.1,0.0,11.1,11688.0,0.43,clear
WTH_00011357,2026-04-19,5,17.7,6.54,45.2,2535.0,0.86,rain
WTH_00011358,2026-04-19,6,15.0,0.0,5.6,11272.0,0.18,clear
WTH_00011359,2026-04-19,7,16.5,0.0,1.5,11572.0,0.28,clear
WTH_00011360,2026-04-19,8,11.2,0.0,4.6,479.0,0.5,fog
WTH_00011361,2026-04-19,9,12.5,0.0,11.4,8203.0,0.5,clear
WTH_00011362,2026-04-19,10,13.6,0.0,14.4,7168.0,0.61,cloudy
WTH_00011363,2026-04-19,11,10.1,0.0,6.4,564.0,0.04,fog
WTH_00011364,2026-04-19,12,10.5,0.0,8.4,8842.0,0.06,clear
WTH_00011365,2026-04-19,13,8.3,5.15,4.2,1121.0,0.84,rain
WTH_00011366,2026-04-19,14,9.3,0.0,25.1,10062.0,0.29,clear
WTH_00011367,2026-04-19,15,7.8,0.0,5.8,8095.0,0.36,clear
WTH_00011368,2026-04-19,16,7.5,0.0,4.7,6997.0,0.72,cloudy
WTH_00011369,2026-04-19,17,8.3,0.0,24.8,10593.0,0.31,clear
WTH_00011370,2026-04-19,18,7.6,9.3,14.1,1608.0,0.64,rain
WTH_00011371,2026-04-19,19,13.4,0.0,9.4,9139.0,0.3,clear
WTH_00011372,2026-04-19,20,12.3,0.0,10.8,7005.0,0.47,clear
WTH_00011373,2026-04-19,21,14.7,0.0,9.5,10764.0,0.12,clear
WTH_00011374,2026-04-19,22,12.5,0.0,18.4,7612.0,0.23,clear
WTH_00011375,2026-04-19,23,17.1,0.0,30.4,11638.0,0.58,clear
WTH_00011376,2026-04-20,0,11.9,0.0,6.5,6132.0,0.26,clear
WTH_00011377,2026-04-20,1,20.7,0.0,3.5,6017.0,0.2,clear
WTH_00011378,2026-04-20,2,12.7,4.75,10.3,1675.0,0.64,rain
WTH_00011379,2026-04-20,3,19.3,0.0,22.4,9293.0,0.61,cloudy
WTH_00011380,2026-04-20,4,19.0,0.0,3.7,9197.0,0.39,clear
WTH_00011381,2026-04-20,5,18.5,0.0,15.5,11279.0,0.3,clear
WTH_00011382,2026-04-20,6,15.0,0.0,10.9,9524.0,0.06,clear
WTH_00011383,2026-04-20,7,16.0,0.0,13.2,6474.0,0.28,clear
WTH_00011384,2026-04-20,8,14.8,0.0,11.5,8363.0,0.32,clear
WTH_00011385,2026-04-20,9,17.5,0.0,4.7,9007.0,0.27,clear
WTH_00011386,2026-04-20,10,11.7,0.0,25.2,6974.0,0.07,clear
WTH_00011387,2026-04-20,11,11.3,0.0,13.7,7377.0,0.31,clear
WTH_00011388,2026-04-20,12,9.2,0.0,12.2,11251.0,0.26,clear
WTH_00011389,2026-04-20,13,8.8,0.0,23.8,6711.0,0.66,cloudy
WTH_00011390,2026-04-20,14,10.5,0.0,16.3,6374.0,0.37,clear
WTH_00011391,2026-04-20,15,13.4,0.0,4.0,8743.0,0.25,clear
WTH_00011392,2026-04-20,16,8.1,0.0,15.2,10909.0,0.16,clear
WTH_00011393,2026-04-20,17,6.6,0.0,9.0,9646.0,0.23,clear
WTH_00011394,2026-04-20,18,13.7,0.0,4.0,8263.0,0.3,clear
WTH_00011395,2026-04-20,19,10.3,0.0,8.2,7620.0,0.5,clear
WTH_00011396,2026-04-20,20,13.1,0.0,8.7,6704.0,0.4,clear
WTH_00011397,2026-04-20,21,10.7,0.0,25.6,8216.0,0.81,cloudy
WTH_00011398,2026-04-20,22,14.9,0.0,2.2,7169.0,0.24,clear
WTH_00011399,2026-04-20,23,13.6,0.0,8.5,11912.0,0.69,cloudy
WTH_00011400,2026-04-21,0,15.4,4.46,19.5,1377.0,0.8,rain
WTH_00011401,2026-04-21,1,17.0,5.1,26.5,2345.0,0.67,rain
WTH_00011402,2026-04-21,2,17.2,9.54,29.1,2516.0,0.83,storm
WTH_00011403,2026-04-21,3,16.8,7.9,19.8,1259.0,0.78,rain
WTH_00011404,2026-04-21,4,17.3,11.74,27.1,1195.0,0.52,storm
WTH_00011405,2026-04-21,5,16.4,1.35,17.2,2117.0,0.96,rain
WTH_00011406,2026-04-21,6,17.3,8.27,19.2,2146.0,1.0,storm
WTH_00011407,2026-04-21,7,16.4,7.73,18.8,3671.0,0.5,rain
WTH_00011408,2026-04-21,8,12.4,1.86,16.3,1131.0,0.88,rain
WTH_00011409,2026-04-21,9,14.3,7.15,26.0,1031.0,0.84,rain
WTH_00011410,2026-04-21,10,9.2,5.03,26.0,2581.0,0.84,rain
WTH_00011411,2026-04-21,11,10.2,3.43,41.9,3804.0,0.89,rain
WTH_00011412,2026-04-21,12,8.7,1.37,27.8,3716.0,0.65,rain
WTH_00011413,2026-04-21,13,6.8,0.95,32.5,3966.0,0.9,rain
WTH_00011414,2026-04-21,14,8.8,5.18,34.1,982.0,0.76,rain
WTH_00011415,2026-04-21,15,8.5,3.28,15.9,1651.0,0.95,rain
WTH_00011416,2026-04-21,16,4.5,5.48,34.8,2985.0,0.54,rain
WTH_00011417,2026-04-21,17,3.2,4.93,25.5,976.0,0.74,rain
WTH_00011418,2026-04-21,18,9.0,9.42,22.6,950.0,0.77,storm
WTH_00011419,2026-04-21,19,10.9,5.05,25.2,2702.0,0.71,rain
WTH_00011420,2026-04-21,20,11.7,1.73,19.2,2168.0,0.64,rain
WTH_00011421,2026-04-21,21,15.2,9.47,23.0,1530.0,0.77,storm
WTH_00011422,2026-04-21,22,14.0,3.68,15.8,1469.0,0.58,rain
WTH_00011423,2026-04-21,23,15.0,5.25,22.3,3443.0,0.43,rain
WTH_00011424,2026-04-22,0,15.7,0.0,12.7,8588.0,0.15,clear
WTH_00011425,2026-04-22,1,17.8,0.0,6.1,11936.0,0.45,clear
WTH_00011426,2026-04-22,2,19.3,0.0,6.8,8210.0,0.54,clear
WTH_00011427,2026-04-22,3,17.4,0.0,20.5,8319.0,0.13,clear
WTH_00011428,2026-04-22,4,21.5,0.0,13.6,7045.0,0.2,clear
WTH_00011429,2026-04-22,5,16.0,0.0,12.5,6038.0,0.28,clear
WTH_00011430,2026-04-22,6,15.6,0.0,9.0,6872.0,0.22,clear
WTH_00011431,2026-04-22,7,14.3,0.0,1.1,9239.0,0.59,clear
WTH_00011432,2026-04-22,8,16.5,0.0,26.4,10971.0,0.22,clear
WTH_00011433,2026-04-22,9,9.0,0.0,14.3,9352.0,0.32,clear
WTH_00011434,2026-04-22,10,8.6,0.0,2.1,11179.0,0.23,clear
WTH_00011435,2026-04-22,11,10.6,0.0,4.0,8617.0,0.03,clear
WTH_00011436,2026-04-22,12,10.2,0.0,9.0,9492.0,0.01,clear
WTH_00011437,2026-04-22,13,11.2,0.0,4.2,8350.0,0.4,clear
WTH_00011438,2026-04-22,14,10.2,0.0,1.3,11595.0,0.18,clear
WTH_00011439,2026-04-22,15,8.8,0.0,17.8,11661.0,0.29,clear
WTH_00011440,2026-04-22,16,10.1,0.0,19.3,7592.0,0.4,clear
WTH_00011441,2026-04-22,17,8.0,0.0,8.1,10374.0,0.2,clear
WTH_00011442,2026-04-22,18,14.3,0.0,11.2,7540.0,0.54,clear
WTH_00011443,2026-04-22,19,5.8,0.0,15.4,8123.0,0.46,clear
WTH_00011444,2026-04-22,20,13.8,0.0,4.2,7572.0,0.51,clear
WTH_00011445,2026-04-22,21,12.1,9.04,13.0,1289.0,0.64,rain
WTH_00011446,2026-04-22,22,12.9,0.0,9.2,10017.0,0.41,clear
WTH_00011447,2026-04-22,23,17.2,0.0,8.1,805.0,0.19,fog
WTH_00011448,2026-04-23,0,18.8,0.0,18.8,9923.0,0.21,clear
WTH_00011449,2026-04-23,1,12.5,0.0,2.2,9850.0,0.23,clear
WTH_00011450,2026-04-23,2,16.0,0.0,10.2,7475.0,0.42,clear
WTH_00011451,2026-04-23,3,21.1,0.0,5.2,11213.0,0.45,clear
WTH_00011452,2026-04-23,4,18.0,0.0,16.0,6666.0,0.57,clear
WTH_00011453,2026-04-23,5,17.1,0.0,1.4,8877.0,0.38,clear
WTH_00011454,2026-04-23,6,18.9,0.0,10.8,8074.0,0.47,clear
WTH_00011455,2026-04-23,7,15.2,0.0,4.7,10485.0,0.4,clear
WTH_00011456,2026-04-23,8,12.8,0.0,8.0,10132.0,0.22,clear
WTH_00011457,2026-04-23,9,12.1,0.0,16.2,9955.0,0.48,clear
WTH_00011458,2026-04-23,10,15.1,2.27,9.3,2866.0,0.79,rain
WTH_00011459,2026-04-23,11,10.4,30.5,15.8,990.0,0.5,rain
WTH_00011460,2026-04-23,12,7.8,0.0,11.8,9261.0,0.23,clear
WTH_00011461,2026-04-23,13,11.0,0.0,14.9,8977.0,0.24,clear
WTH_00011462,2026-04-23,14,8.4,0.0,7.2,8690.0,0.04,clear
WTH_00011463,2026-04-23,15,11.7,0.0,4.6,7632.0,0.53,clear
WTH_00011464,2026-04-23,16,6.2,0.0,2.7,9095.0,0.35,clear
WTH_00011465,2026-04-23,17,12.5,0.0,6.1,7653.0,0.19,clear
WTH_00011466,2026-04-23,18,9.9,0.0,14.9,8274.0,0.25,clear
WTH_00011467,2026-04-23,19,8.5,0.0,8.3,9794.0,0.35,clear
WTH_00011468,2026-04-23,20,9.5,0.0,18.2,8198.0,0.21,clear
WTH_00011469,2026-04-23,21,10.0,0.0,22.0,10932.0,0.24,clear
WTH_00011470,2026-04-23,22,14.3,0.0,28.6,7122.0,0.34,clear
WTH_00011471,2026-04-23,23,15.5,0.0,2.8,9279.0,0.29,clear
WTH_00011472,2026-04-24,0,15.9,3.37,17.1,3837.0,0.44,rain
WTH_00011473,2026-04-24,1,17.0,0.0,11.5,10386.0,0.44,clear
WTH_00011474,2026-04-24,2,16.3,0.0,22.5,6293.0,0.05,clear
WTH_00011475,2026-04-24,3,16.0,0.0,13.1,7169.0,0.34,clear
WTH_00011476,2026-04-24,4,16.9,0.0,28.2,7020.0,0.34,clear
WTH_00011477,2026-04-24,5,16.6,0.0,2.8,10969.0,0.36,clear
WTH_00011478,2026-04-24,6,15.9,1.9,9.5,916.0,0.83,rain
WTH_00011479,2026-04-24,7,14.8,0.0,12.8,6741.0,0.1,clear
WTH_00011480,2026-04-24,8,12.1,0.0,8.3,10111.0,0.27,clear
WTH_00011481,2026-04-24,9,13.5,0.0,4.8,6199.0,0.33,clear
WTH_00011482,2026-04-24,10,10.8,0.0,7.3,10715.0,0.27,clear
WTH_00011483,2026-04-24,11,9.8,0.0,2.1,11005.0,0.1,clear
WTH_00011484,2026-04-24,12,9.5,0.0,11.2,7589.0,0.32,clear
WTH_00011485,2026-04-24,13,7.6,0.0,8.5,10794.0,0.05,clear
WTH_00011486,2026-04-24,14,5.7,0.0,12.9,11447.0,0.46,clear
WTH_00011487,2026-04-24,15,9.5,0.0,19.6,11996.0,0.25,clear
WTH_00011488,2026-04-24,16,10.6,0.0,39.7,10933.0,0.13,clear
WTH_00011489,2026-04-24,17,7.1,0.0,7.8,8986.0,0.51,clear
WTH_00011490,2026-04-24,18,8.9,0.0,16.0,7945.0,0.15,clear
WTH_00011491,2026-04-24,19,12.1,0.0,11.1,7368.0,0.25,clear
WTH_00011492,2026-04-24,20,14.5,0.0,3.2,8833.0,0.04,clear
WTH_00011493,2026-04-24,21,13.2,3.56,18.8,3124.0,0.63,rain
WTH_00011494,2026-04-24,22,12.4,0.0,5.3,8219.0,0.12,clear
WTH_00011495,2026-04-24,23,14.2,0.0,54.8,6422.0,0.39,clear
WTH_00011496,2026-04-25,0,15.3,0.0,9.5,10322.0,0.09,clear
WTH_00011497,2026-04-25,1,17.2,0.0,3.1,11034.0,0.12,clear
WTH_00011498,2026-04-25,2,15.3,0.0,16.4,11205.0,0.26,clear
WTH_00011499,2026-04-25,3,16.4,0.0,12.7,8881.0,0.2,clear
WTH_00011500,2026-04-25,4,15.4,0.0,6.9,9126.0,0.33,clear
WTH_00011501,2026-04-25,5,17.7,0.0,7.1,6323.0,0.25,clear
WTH_00011502,2026-04-25,6,14.5,0.0,3.2,9085.0,0.19,clear
WTH_00011503,2026-04-25,7,15.5,0.0,13.1,10088.0,0.61,cloudy
WTH_00011504,2026-04-25,8,13.9,0.0,6.6,10249.0,0.38,clear
WTH_00011505,2026-04-25,9,11.0,0.0,14.7,9789.0,0.14,clear
WTH_00011506,2026-04-25,10,11.3,0.0,12.9,9293.0,0.5,clear
WTH_00011507,2026-04-25,11,10.9,0.0,12.1,8245.0,0.31,clear
WTH_00011508,2026-04-25,12,7.9,0.0,5.0,8316.0,0.01,clear
WTH_00011509,2026-04-25,13,9.0,0.0,6.5,10612.0,0.44,clear
WTH_00011510,2026-04-25,14,7.3,0.0,16.8,8439.0,0.21,clear
WTH_00011511,2026-04-25,15,10.6,0.0,11.8,11502.0,0.29,clear
WTH_00011512,2026-04-25,16,6.4,0.0,14.6,7687.0,0.55,clear
WTH_00011513,2026-04-25,17,5.1,0.0,9.7,10601.0,0.52,clear
WTH_00011514,2026-04-25,18,6.1,0.0,2.9,11343.0,0.03,clear
WTH_00011515,2026-04-25,19,10.4,0.0,13.4,7744.0,0.24,clear
WTH_00011516,2026-04-25,20,12.5,0.0,13.6,11756.0,0.48,clear
WTH_00011517,2026-04-25,21,12.8,0.0,6.0,6746.0,0.35,clear
WTH_00011518,2026-04-25,22,15.7,0.0,9.6,11277.0,0.13,clear
WTH_00011519,2026-04-25,23,15.2,0.0,19.3,8364.0,0.31,clear
WTH_00011520,2026-04-26,0,17.1,0.0,6.6,11818.0,0.28,clear
WTH_00011521,2026-04-26,1,16.6,0.0,28.8,11748.0,0.37,clear
WTH_00011522,2026-04-26,2,14.9,0.0,2.2,955.0,0.41,fog
WTH_00011523,2026-04-26,3,14.7,0.0,13.7,9872.0,0.21,clear
WTH_00011524,2026-04-26,4,16.7,3.11,7.0,3001.0,0.83,rain
WTH_00011525,2026-04-26,5,15.7,0.0,19.6,7185.0,0.27,clear
WTH_00011526,2026-04-26,6,16.1,0.0,5.4,8205.0,0.4,clear
WTH_00011527,2026-04-26,7,16.0,0.0,11.1,7656.0,0.17,clear
WTH_00011528,2026-04-26,8,11.6,0.0,9.0,7236.0,0.17,clear
WTH_00011529,2026-04-26,9,12.5,0.0,25.1,7093.0,0.41,clear
WTH_00011530,2026-04-26,10,9.8,3.71,15.3,2716.0,0.83,rain
WTH_00011531,2026-04-26,11,9.8,0.0,17.5,8941.0,0.34,clear
WTH_00011532,2026-04-26,12,9.2,6.53,16.6,3603.0,1.0,rain
WTH_00011533,2026-04-26,13,11.3,0.0,3.8,7384.0,0.25,clear
WTH_00011534,2026-04-26,14,9.0,0.0,22.1,6386.0,0.6,cloudy
WTH_00011535,2026-04-26,15,9.1,0.0,14.9,6255.0,0.47,clear
WTH_00011536,2026-04-26,16,8.4,0.0,10.2,8397.0,0.46,clear
WTH_00011537,2026-04-26,17,8.4,0.0,3.2,9131.0,0.52,clear
WTH_00011538,2026-04-26,18,8.5,0.41,14.8,3255.0,0.75,rain
WTH_00011539,2026-04-26,19,9.6,0.0,2.4,10935.0,0.17,clear
WTH_00011540,2026-04-26,20,13.3,0.0,13.1,7865.0,0.42,clear
WTH_00011541,2026-04-26,21,15.6,0.0,9.1,9264.0,0.68,cloudy
WTH_00011542,2026-04-26,22,12.7,0.0,18.9,7831.0,0.32,clear
WTH_00011543,2026-04-26,23,17.7,0.0,2.9,11313.0,0.41,clear
WTH_00011544,2026-04-27,0,15.7,0.0,2.3,11383.0,0.49,clear
WTH_00011545,2026-04-27,1,16.1,0.0,24.4,7992.0,0.34,clear
WTH_00011546,2026-04-27,2,16.3,0.0,19.4,7745.0,0.15,clear
WTH_00011547,2026-04-27,3,18.8,0.0,5.3,6399.0,0.46,clear
WTH_00011548,2026-04-27,4,11.4,0.0,11.2,9500.0,0.54,clear
WTH_00011549,2026-04-27,5,20.7,0.0,12.0,6787.0,0.54,clear
WTH_00011550,2026-04-27,6,15.5,0.0,21.7,9389.0,0.07,clear
WTH_00011551,2026-04-27,7,13.1,0.0,10.6,11842.0,0.14,clear
WTH_00011552,2026-04-27,8,10.2,0.0,4.1,8156.0,0.3,clear
WTH_00011553,2026-04-27,9,15.6,0.0,13.9,7863.0,0.58,clear
WTH_00011554,2026-04-27,10,11.5,0.0,19.0,10506.0,0.52,clear
WTH_00011555,2026-04-27,11,11.6,0.0,3.2,6619.0,0.05,clear
WTH_00011556,2026-04-27,12,7.3,0.0,2.7,10597.0,0.38,clear
WTH_00011557,2026-04-27,13,12.0,0.0,7.2,6111.0,0.65,cloudy
WTH_00011558,2026-04-27,14,8.9,0.0,3.7,11821.0,0.24,clear
WTH_00011559,2026-04-27,15,9.3,0.0,5.6,9983.0,0.35,clear
WTH_00011560,2026-04-27,16,9.5,0.0,2.5,9207.0,0.48,clear
WTH_00011561,2026-04-27,17,7.9,0.0,7.5,8491.0,0.53,clear
WTH_00011562,2026-04-27,18,12.3,0.0,6.4,6106.0,0.41,clear
WTH_00011563,2026-04-27,19,9.4,0.0,20.1,6099.0,0.85,cloudy
WTH_00011564,2026-04-27,20,9.5,0.0,38.3,10695.0,0.47,clear
WTH_00011565,2026-04-27,21,13.5,0.0,6.6,8419.0,0.39,clear
WTH_00011566,2026-04-27,22,15.6,0.0,2.9,8518.0,0.09,clear
WTH_00011567,2026-04-27,23,16.5,0.0,12.8,6487.0,0.28,clear
WTH_00011568,2026-04-28,0,15.3,0.0,5.7,7554.0,0.16,clear
WTH_00011569,2026-04-28,1,17.1,0.0,6.3,9930.0,0.05,clear
WTH_00011570,2026-04-28,2,15.9,0.0,16.6,7906.0,0.2,clear
WTH_00011571,2026-04-28,3,17.7,0.0,5.0,8247.0,0.24,clear
WTH_00011572,2026-04-28,4,19.1,0.0,15.6,10064.0,0.6,clear
WTH_00011573,2026-04-28,5,15.5,0.0,14.4,9232.0,0.24,clear
WTH_00011574,2026-04-28,6,13.4,0.0,5.8,8368.0,0.34,clear
WTH_00011575,2026-04-28,7,15.4,0.0,4.3,11163.0,0.26,clear
WTH_00011576,2026-04-28,8,15.0,0.0,11.2,8787.0,0.07,clear
WTH_00011577,2026-04-28,9,10.6,0.0,13.4,10917.0,0.31,clear
WTH_00011578,2026-04-28,10,10.4,12.77,10.0,2840.0,1.0,rain
WTH_00011579,2026-04-28,11,10.7,0.0,18.7,10985.0,0.03,clear
WTH_00011580,2026-04-28,12,9.5,0.0,4.7,11679.0,0.15,clear
WTH_00011581,2026-04-28,13,13.2,0.0,29.7,11867.0,0.19,clear
WTH_00011582,2026-04-28,14,9.9,9.92,14.6,1904.0,0.54,rain
WTH_00011583,2026-04-28,15,7.2,0.0,13.0,7711.0,0.56,clear
WTH_00011584,2026-04-28,16,11.0,0.0,14.4,10947.0,0.5,clear
WTH_00011585,2026-04-28,17,7.7,0.0,11.4,8745.0,0.39,clear
WTH_00011586,2026-04-28,18,10.1,0.0,9.2,9133.0,0.64,cloudy
WTH_00011587,2026-04-28,19,7.5,0.0,10.7,11741.0,0.27,clear
WTH_00011588,2026-04-28,20,10.4,0.0,10.7,11202.0,0.45,clear
WTH_00011589,2026-04-28,21,18.4,0.0,10.4,7400.0,0.43,clear
WTH_00011590,2026-04-28,22,16.5,0.0,4.8,7687.0,0.35,clear
WTH_00011591,2026-04-28,23,13.2,0.0,4.0,10535.0,0.25,clear
WTH_00011592,2026-04-29,0,18.6,0.0,7.4,8818.0,0.34,clear
WTH_00011593,2026-04-29,1,16.1,0.0,6.0,7146.0,0.31,clear
WTH_00011594,2026-04-29,2,16.5,0.0,15.4,7958.0,0.33,clear
WTH_00011595,2026-04-29,3,20.7,0.0,9.6,11311.0,0.44,clear
WTH_00011596,2026-04-29,4,14.8,0.0,19.4,6315.0,0.15,clear
WTH_00011597,2026-04-29,5,16.2,0.0,10.8,11275.0,0.25,clear
WTH_00011598,2026-04-29,6,14.0,0.0,9.6,6539.0,0.44,clear
WTH_00011599,2026-04-29,7,14.3,0.0,5.2,10318.0,0.75,cloudy
WTH_00011600,2026-04-29,8,10.3,0.0,5.4,6259.0,0.36,clear
WTH_00011601,2026-04-29,9,10.0,0.0,8.5,7393.0,0.7,cloudy
WTH_00011602,2026-04-29,10,14.0,0.0,6.4,7971.0,0.54,clear
WTH_00011603,2026-04-29,11,9.8,0.0,14.0,9433.0,0.22,clear
WTH_00011604,2026-04-29,12,12.4,0.0,7.2,10818.0,0.31,clear
WTH_00011605,2026-04-29,13,10.6,0.0,11.8,9334.0,0.5,clear
WTH_00011606,2026-04-29,14,9.4,0.0,29.6,324.0,0.21,fog
WTH_00011607,2026-04-29,15,8.0,0.0,4.0,8049.0,0.17,clear
WTH_00011608,2026-04-29,16,10.7,0.0,11.2,7200.0,0.14,clear
WTH_00011609,2026-04-29,17,8.0,0.0,10.4,6508.0,0.38,clear
WTH_00011610,2026-04-29,18,7.4,0.0,1.8,10170.0,0.24,clear
WTH_00011611,2026-04-29,19,12.9,0.0,9.6,8679.0,0.31,clear
WTH_00011612,2026-04-29,20,15.2,0.0,5.8,9257.0,0.21,clear
WTH_00011613,2026-04-29,21,13.9,0.0,3.2,7190.0,0.73,cloudy
WTH_00011614,2026-04-29,22,12.6,0.0,3.1,9768.0,0.21,clear
WTH_00011615,2026-04-29,23,17.6,0.0,1.6,6973.0,0.6,clear
WTH_00011616,2026-04-30,0,13.6,4.47,7.0,1317.0,0.87,rain
WTH_00011617,2026-04-30,1,18.9,0.0,16.7,7432.0,0.31,clear
WTH_00011618,2026-04-30,2,16.1,0.0,9.6,11256.0,0.51,clear
WTH_00011619,2026-04-30,3,17.0,0.0,4.3,10959.0,0.28,clear
WTH_00011620,2026-04-30,4,17.3,0.0,13.8,6201.0,0.26,clear
WTH_00011621,2026-04-30,5,16.7,0.0,39.8,11424.0,0.6,cloudy
WTH_00011622,2026-04-30,6,13.1,0.0,1.5,9162.0,0.54,clear
WTH_00011623,2026-04-30,7,17.6,0.0,11.5,10605.0,0.41,clear
WTH_00011624,2026-04-30,8,12.0,0.0,10.5,9196.0,0.36,clear
WTH_00011625,2026-04-30,9,11.5,0.0,15.1,9446.0,0.36,clear
WTH_00011626,2026-04-30,10,16.8,4.29,0.5,2970.0,0.9,rain
WTH_00011627,2026-04-30,11,7.8,0.0,4.1,6376.0,0.22,clear
WTH_00011628,2026-04-30,12,14.1,0.0,13.2,1057.0,0.21,fog
WTH_00011629,2026-04-30,13,9.0,0.0,6.9,7213.0,0.45,clear
WTH_00011630,2026-04-30,14,7.6,0.0,10.1,1157.0,0.14,fog
WTH_00011631,2026-04-30,15,9.8,0.0,5.4,8721.0,0.2,clear
WTH_00011632,2026-04-30,16,7.9,0.0,3.6,11589.0,0.33,clear
WTH_00011633,2026-04-30,17,12.2,0.0,16.2,11627.0,0.26,clear
WTH_00011634,2026-04-30,18,10.9,0.0,3.2,9139.0,0.21,clear
WTH_00011635,2026-04-30,19,11.3,0.0,4.4,9617.0,0.7,cloudy
WTH_00011636,2026-04-30,20,12.8,0.0,14.3,11947.0,0.43,clear
WTH_00011637,2026-04-30,21,15.6,0.0,4.5,9943.0,0.32,clear
WTH_00011638,2026-04-30,22,15.5,0.0,3.9,9207.0,0.27,clear
WTH_00011639,2026-04-30,23,14.6,0.0,18.8,10688.0,0.38,clear
WTH_00011640,2026-05-01,0,18.9,4.93,1.2,1850.0,0.93,rain
WTH_00011641,2026-05-01,1,17.5,0.0,1.4,8496.0,0.68,cloudy
WTH_00011642,2026-05-01,2,16.2,0.0,3.0,6121.0,0.16,clear
WTH_00011643,2026-05-01,3,15.4,0.0,40.5,11899.0,0.43,clear
WTH_00011644,2026-05-01,4,15.3,0.0,3.1,10371.0,0.34,clear
WTH_00011645,2026-05-01,5,16.4,0.0,6.4,8088.0,0.18,clear
WTH_00011646,2026-05-01,6,15.6,0.0,5.7,8437.0,0.52,clear
WTH_00011647,2026-05-01,7,16.6,0.0,29.9,8130.0,0.6,clear
WTH_00011648,2026-05-01,8,13.2,0.0,6.6,8801.0,0.12,clear
WTH_00011649,2026-05-01,9,14.1,0.0,29.8,11342.0,0.17,clear
WTH_00011650,2026-05-01,10,12.3,0.0,5.3,8912.0,0.47,clear
WTH_00011651,2026-05-01,11,15.8,0.0,28.2,7378.0,0.34,clear
WTH_00011652,2026-05-01,12,10.9,0.0,21.1,10046.0,0.12,clear
WTH_00011653,2026-05-01,13,4.7,0.0,30.1,8064.0,0.06,clear
WTH_00011654,2026-05-01,14,6.2,0.0,6.0,6542.0,0.45,clear
WTH_00011655,2026-05-01,15,8.4,0.0,0.8,10765.0,0.29,clear
WTH_00011656,2026-05-01,16,9.7,0.0,18.1,9288.0,0.29,clear
WTH_00011657,2026-05-01,17,8.8,0.0,16.0,7810.0,0.14,clear
WTH_00011658,2026-05-01,18,9.2,0.0,12.2,7820.0,0.35,clear
WTH_00011659,2026-05-01,19,10.3,0.0,11.0,11610.0,0.3,clear
WTH_00011660,2026-05-01,20,12.0,0.0,45.5,6919.0,0.25,clear
WTH_00011661,2026-05-01,21,14.6,0.0,5.9,7851.0,0.28,clear
WTH_00011662,2026-05-01,22,10.7,0.0,8.0,8019.0,0.34,clear
WTH_00011663,2026-05-01,23,13.3,0.0,26.6,6547.0,0.2,clear
WTH_00011664,2026-05-02,0,14.8,0.0,1.1,11173.0,0.39,clear
WTH_00011665,2026-05-02,1,15.6,0.0,4.6,10220.0,0.13,clear
WTH_00011666,2026-05-02,2,13.3,0.0,5.3,10936.0,0.21,clear
WTH_00011667,2026-05-02,3,18.1,0.0,8.0,8671.0,0.41,clear
WTH_00011668,2026-05-02,4,17.4,0.0,18.3,11357.0,0.29,clear
WTH_00011669,2026-05-02,5,18.6,0.0,3.4,6290.0,0.27,clear
WTH_00011670,2026-05-02,6,16.0,0.0,3.0,11088.0,0.13,clear
WTH_00011671,2026-05-02,7,17.7,0.0,11.2,8676.0,0.7,cloudy
WTH_00011672,2026-05-02,8,16.6,0.0,14.9,7430.0,0.15,clear
WTH_00011673,2026-05-02,9,14.3,0.0,7.9,9624.0,0.48,clear
WTH_00011674,2026-05-02,10,13.8,0.0,21.6,7212.0,0.2,clear
WTH_00011675,2026-05-02,11,14.8,0.0,4.0,8474.0,0.24,clear
WTH_00011676,2026-05-02,12,10.3,0.0,24.5,6793.0,0.13,clear
WTH_00011677,2026-05-02,13,11.8,0.0,20.0,6312.0,0.47,clear
WTH_00011678,2026-05-02,14,8.8,0.0,11.5,6247.0,0.44,clear
WTH_00011679,2026-05-02,15,12.3,0.0,14.4,8861.0,0.2,clear
WTH_00011680,2026-05-02,16,6.1,0.0,25.4,6104.0,0.51,clear
WTH_00011681,2026-05-02,17,10.3,0.0,8.8,11183.0,0.28,clear
WTH_00011682,2026-05-02,18,10.7,0.0,8.3,6007.0,0.31,clear
WTH_00011683,2026-05-02,19,8.6,0.0,36.5,6966.0,0.71,cloudy
WTH_00011684,2026-05-02,20,12.9,0.0,3.7,9352.0,0.2,clear
WTH_00011685,2026-05-02,21,14.1,0.0,24.7,8512.0,0.44,clear
WTH_00011686,2026-05-02,22,16.5,0.0,6.2,9925.0,0.49,clear
WTH_00011687,2026-05-02,23,15.5,10.36,4.9,3345.0,0.84,rain
WTH_00011688,2026-05-03,0,17.1,0.0,8.8,6877.0,0.51,clear
WTH_00011689,2026-05-03,1,19.7,0.0,17.3,9290.0,0.47,clear
WTH_00011690,2026-05-03,2,18.4,0.0,4.4,10810.0,0.65,cloudy
WTH_00011691,2026-05-03,3,16.2,0.0,27.3,10876.0,0.19,clear
WTH_00011692,2026-05-03,4,18.7,0.0,9.2,10904.0,0.19,clear
WTH_00011693,2026-05-03,5,19.0,0.0,12.0,9565.0,0.34,clear
WTH_00011694,2026-05-03,6,15.2,0.0,13.5,9649.0,0.31,clear
WTH_00011695,2026-05-03,7,15.5,0.0,27.6,6410.0,0.15,clear
WTH_00011696,2026-05-03,8,14.1,0.0,9.0,10309.0,0.31,clear
WTH_00011697,2026-05-03,9,12.9,0.0,17.3,7126.0,0.53,clear
WTH_00011698,2026-05-03,10,9.7,0.0,1.6,10214.0,0.17,clear
WTH_00011699,2026-05-03,11,8.3,0.0,9.0,8831.0,0.25,clear
WTH_00011700,2026-05-03,12,11.2,0.0,5.1,7773.0,0.1,clear
WTH_00011701,2026-05-03,13,13.4,0.0,5.2,942.0,0.28,fog
WTH_00011702,2026-05-03,14,12.0,0.0,10.2,11924.0,0.57,clear
WTH_00011703,2026-05-03,15,8.8,0.0,7.7,9692.0,0.49,clear
WTH_00011704,2026-05-03,16,10.6,0.0,25.3,9058.0,0.08,clear
WTH_00011705,2026-05-03,17,9.1,0.0,16.2,8511.0,0.53,clear
WTH_00011706,2026-05-03,18,8.2,0.0,30.6,9966.0,0.42,clear
WTH_00011707,2026-05-03,19,5.8,0.0,2.5,10031.0,0.4,clear
WTH_00011708,2026-05-03,20,12.6,0.0,3.8,7930.0,0.53,clear
WTH_00011709,2026-05-03,21,9.2,0.0,8.5,6888.0,0.64,cloudy
WTH_00011710,2026-05-03,22,16.6,0.0,12.4,9716.0,0.28,clear
WTH_00011711,2026-05-03,23,13.7,0.0,5.9,10466.0,0.28,clear
WTH_00011712,2026-05-04,0,17.7,0.0,23.5,7941.0,0.63,cloudy
WTH_00011713,2026-05-04,1,15.4,0.0,13.2,9695.0,0.24,clear
WTH_00011714,2026-05-04,2,18.5,0.0,11.1,10157.0,0.53,clear
WTH_00011715,2026-05-04,3,16.2,0.0,1.3,11735.0,0.26,clear
WTH_00011716,2026-05-04,4,15.3,1.95,9.0,1523.0,0.83,rain
WTH_00011717,2026-05-04,5,15.4,0.0,10.4,11784.0,0.25,clear
WTH_00011718,2026-05-04,6,11.8,0.0,19.7,8721.0,0.09,clear
WTH_00011719,2026-05-04,7,14.0,0.0,25.0,6465.0,0.55,clear
WTH_00011720,2026-05-04,8,16.0,0.0,7.4,8614.0,0.33,clear
WTH_00011721,2026-05-04,9,13.6,0.0,13.1,8865.0,0.09,clear
WTH_00011722,2026-05-04,10,10.5,2.02,7.3,1360.0,0.93,rain
WTH_00011723,2026-05-04,11,10.2,0.0,6.3,9124.0,0.19,clear
WTH_00011724,2026-05-04,12,9.1,0.0,15.4,7278.0,0.1,clear
WTH_00011725,2026-05-04,13,8.1,0.0,18.1,11823.0,0.28,clear
WTH_00011726,2026-05-04,14,8.3,0.0,1.4,8455.0,0.33,clear
WTH_00011727,2026-05-04,15,5.9,0.0,14.2,8544.0,0.23,clear
WTH_00011728,2026-05-04,16,8.0,0.0,11.1,7432.0,0.43,clear
WTH_00011729,2026-05-04,17,8.4,0.0,9.2,6175.0,0.47,clear
WTH_00011730,2026-05-04,18,10.6,0.0,17.9,11655.0,0.25,clear
WTH_00011731,2026-05-04,19,12.1,0.0,11.0,10141.0,0.26,clear
WTH_00011732,2026-05-04,20,13.4,0.0,4.6,10351.0,0.26,clear
WTH_00011733,2026-05-04,21,12.5,0.0,2.0,8122.0,0.45,clear
WTH_00011734,2026-05-04,22,13.6,0.0,15.4,6364.0,0.41,clear
WTH_00011735,2026-05-04,23,16.1,0.0,11.2,6232.0,0.27,clear
WTH_00011736,2026-05-05,0,15.9,0.0,15.1,6297.0,0.03,clear
WTH_00011737,2026-05-05,1,15.1,0.0,5.8,10149.0,0.56,clear
WTH_00011738,2026-05-05,2,14.9,0.0,9.3,7934.0,0.28,clear
WTH_00011739,2026-05-05,3,16.2,0.0,34.0,10105.0,0.83,cloudy
WTH_00011740,2026-05-05,4,17.5,0.0,9.2,6821.0,0.38,clear
WTH_00011741,2026-05-05,5,16.9,0.0,6.0,9834.0,0.7,cloudy
WTH_00011742,2026-05-05,6,13.1,0.0,5.8,7050.0,0.45,clear
WTH_00011743,2026-05-05,7,16.1,0.0,7.3,10968.0,0.12,clear
WTH_00011744,2026-05-05,8,16.9,0.0,9.6,10212.0,0.76,cloudy
WTH_00011745,2026-05-05,9,13.6,3.45,12.5,2368.0,0.75,rain
WTH_00011746,2026-05-05,10,12.5,0.0,4.9,8357.0,0.38,clear
WTH_00011747,2026-05-05,11,8.7,0.0,37.8,192.0,0.39,fog
WTH_00011748,2026-05-05,12,7.7,0.0,9.3,8469.0,0.17,clear
WTH_00011749,2026-05-05,13,8.0,0.0,18.5,6248.0,0.12,clear
WTH_00011750,2026-05-05,14,7.3,0.0,7.0,7729.0,0.45,clear
WTH_00011751,2026-05-05,15,8.1,0.0,6.5,386.0,0.51,fog
WTH_00011752,2026-05-05,16,13.3,0.0,17.9,7063.0,0.37,clear
WTH_00011753,2026-05-05,17,10.9,0.0,23.5,10105.0,0.39,clear
WTH_00011754,2026-05-05,18,13.5,0.0,17.5,9856.0,0.21,clear
WTH_00011755,2026-05-05,19,10.0,0.0,6.4,8328.0,0.2,clear
WTH_00011756,2026-05-05,20,10.4,0.0,3.2,7346.0,0.35,clear
WTH_00011757,2026-05-05,21,12.2,0.0,34.8,7418.0,0.19,clear
WTH_00011758,2026-05-05,22,14.4,0.0,9.1,6550.0,0.43,clear
WTH_00011759,2026-05-05,23,13.7,0.0,23.8,9071.0,0.25,clear
WTH_00011760,2026-05-06,0,13.5,0.0,1.1,8520.0,0.08,clear
WTH_00011761,2026-05-06,1,17.4,0.0,15.7,9715.0,0.25,clear
WTH_00011762,2026-05-06,2,18.1,0.0,20.3,9513.0,0.4,clear
WTH_00011763,2026-05-06,3,15.5,0.0,17.7,9343.0,0.16,clear
WTH_00011764,2026-05-06,4,16.8,0.0,1.5,6420.0,0.52,clear
WTH_00011765,2026-05-06,5,16.9,0.0,11.2,11164.0,0.2,clear
WTH_00011766,2026-05-06,6,14.3,0.0,4.7,8722.0,0.2,clear
WTH_00011767,2026-05-06,7,17.0,0.0,26.2,8596.0,0.24,clear
WTH_00011768,2026-05-06,8,18.0,0.0,13.0,11461.0,0.24,clear
WTH_00011769,2026-05-06,9,16.9,0.0,6.3,7857.0,0.2,clear
WTH_00011770,2026-05-06,10,12.3,0.0,40.8,6005.0,0.17,clear
WTH_00011771,2026-05-06,11,10.2,0.0,6.1,8040.0,0.35,clear
WTH_00011772,2026-05-06,12,9.0,0.0,6.0,9159.0,0.11,clear
WTH_00011773,2026-05-06,13,8.8,0.0,13.0,8764.0,0.35,clear
WTH_00011774,2026-05-06,14,9.6,0.0,3.4,8637.0,0.42,clear
WTH_00011775,2026-05-06,15,10.6,0.0,2.9,807.0,0.3,fog
WTH_00011776,2026-05-06,16,12.0,0.0,12.1,9948.0,0.35,clear
WTH_00011777,2026-05-06,17,7.9,0.0,6.0,7245.0,0.69,cloudy
WTH_00011778,2026-05-06,18,9.6,5.55,4.5,1447.0,0.53,rain
WTH_00011779,2026-05-06,19,9.9,0.0,9.4,6594.0,0.45,clear
WTH_00011780,2026-05-06,20,9.3,0.0,11.7,8788.0,0.42,clear
WTH_00011781,2026-05-06,21,13.9,0.0,19.5,11006.0,0.41,clear
WTH_00011782,2026-05-06,22,14.3,0.0,6.2,7880.0,0.32,clear
WTH_00011783,2026-05-06,23,16.0,0.0,8.8,8771.0,0.57,clear
WTH_00011784,2026-05-07,0,20.4,0.0,17.3,11480.0,0.28,clear
WTH_00011785,2026-05-07,1,16.0,0.0,35.3,7615.0,0.39,clear
WTH_00011786,2026-05-07,2,15.8,0.0,18.3,6354.0,0.22,clear
WTH_00011787,2026-05-07,3,20.8,0.0,12.5,9153.0,0.11,clear
WTH_00011788,2026-05-07,4,18.5,0.0,21.5,9050.0,0.14,clear
WTH_00011789,2026-05-07,5,15.2,0.0,5.6,7694.0,0.27,clear
WTH_00011790,2026-05-07,6,15.1,2.07,13.3,922.0,0.63,rain
WTH_00011791,2026-05-07,7,15.5,0.0,14.6,10397.0,0.2,clear
WTH_00011792,2026-05-07,8,16.1,0.0,16.0,10689.0,0.69,cloudy
WTH_00011793,2026-05-07,9,15.5,0.0,12.8,9648.0,0.58,clear
WTH_00011794,2026-05-07,10,14.6,0.0,34.4,10319.0,0.19,clear
WTH_00011795,2026-05-07,11,11.8,0.0,9.8,10909.0,0.34,clear
WTH_00011796,2026-05-07,12,11.1,0.0,17.7,10415.0,0.1,clear
WTH_00011797,2026-05-07,13,11.2,0.0,10.2,10315.0,0.16,clear
WTH_00011798,2026-05-07,14,10.3,0.0,13.2,7423.0,0.21,clear
WTH_00011799,2026-05-07,15,6.7,0.0,11.3,7085.0,0.48,clear
WTH_00011800,2026-05-07,16,9.0,0.0,14.9,474.0,0.38,fog
WTH_00011801,2026-05-07,17,10.9,0.0,10.0,10073.0,0.15,clear
WTH_00011802,2026-05-07,18,6.8,0.0,1.6,9930.0,0.24,clear
WTH_00011803,2026-05-07,19,10.1,0.0,9.3,9641.0,0.53,clear
WTH_00011804,2026-05-07,20,12.7,0.0,24.5,9741.0,0.47,clear
WTH_00011805,2026-05-07,21,9.4,7.41,4.7,1010.0,0.69,rain
WTH_00011806,2026-05-07,22,14.3,0.0,19.0,10805.0,0.43,clear
WTH_00011807,2026-05-07,23,14.5,0.0,2.8,7510.0,0.34,clear
WTH_00011808,2026-05-08,0,15.2,0.0,2.2,9277.0,0.54,clear
WTH_00011809,2026-05-08,1,15.2,0.0,7.1,6557.0,0.42,clear
WTH_00011810,2026-05-08,2,15.0,0.0,11.2,10157.0,0.43,clear
WTH_00011811,2026-05-08,3,20.3,0.0,9.7,6900.0,0.07,clear
WTH_00011812,2026-05-08,4,14.6,0.0,3.6,10668.0,0.29,clear
WTH_00011813,2026-05-08,5,16.8,0.0,9.6,9510.0,0.29,clear
WTH_00011814,2026-05-08,6,15.3,0.0,8.7,6165.0,0.26,clear
WTH_00011815,2026-05-08,7,13.9,0.0,6.2,11074.0,0.28,clear
WTH_00011816,2026-05-08,8,15.2,3.5,24.3,3311.0,0.57,rain
WTH_00011817,2026-05-08,9,13.6,0.0,26.8,10252.0,0.59,clear
WTH_00011818,2026-05-08,10,11.0,0.0,55.9,7384.0,0.28,clear
WTH_00011819,2026-05-08,11,9.9,0.0,20.4,11514.0,0.84,cloudy
WTH_00011820,2026-05-08,12,6.5,0.0,4.9,11626.0,0.18,clear
WTH_00011821,2026-05-08,13,11.1,0.0,19.2,11822.0,0.1,clear
WTH_00011822,2026-05-08,14,12.1,0.0,5.8,8241.0,0.01,clear
WTH_00011823,2026-05-08,15,7.0,0.0,11.7,9789.0,0.22,clear
WTH_00011824,2026-05-08,16,9.7,0.0,31.3,8561.0,0.15,clear
WTH_00011825,2026-05-08,17,6.5,0.0,6.9,7053.0,0.43,clear
WTH_00011826,2026-05-08,18,10.7,0.0,3.2,11578.0,0.27,clear
WTH_00011827,2026-05-08,19,10.5,0.0,8.3,9408.0,0.59,clear
WTH_00011828,2026-05-08,20,13.0,0.0,15.6,6209.0,0.48,clear
WTH_00011829,2026-05-08,21,12.0,0.0,6.2,8961.0,0.36,clear
WTH_00011830,2026-05-08,22,15.1,0.0,6.6,11063.0,0.55,clear
WTH_00011831,2026-05-08,23,14.1,0.0,27.3,10218.0,0.55,clear
WTH_00011832,2026-05-09,0,18.1,0.0,7.7,9858.0,0.2,clear
WTH_00011833,2026-05-09,1,16.4,0.0,11.3,10650.0,0.64,cloudy
WTH_00011834,2026-05-09,2,19.7,3.31,6.0,1720.0,0.62,rain
WTH_00011835,2026-05-09,3,17.3,0.0,31.6,8357.0,0.13,clear
WTH_00011836,2026-05-09,4,17.4,0.0,2.8,10106.0,0.56,clear
WTH_00011837,2026-05-09,5,13.0,0.0,9.8,10314.0,0.49,clear
WTH_00011838,2026-05-09,6,18.0,0.0,13.6,9578.0,0.05,clear
WTH_00011839,2026-05-09,7,16.8,0.0,11.2,11695.0,0.3,clear
WTH_00011840,2026-05-09,8,15.5,0.0,8.9,9108.0,0.51,clear
WTH_00011841,2026-05-09,9,13.9,0.0,20.9,6801.0,0.14,clear
WTH_00011842,2026-05-09,10,9.3,0.0,18.1,11852.0,0.57,clear
WTH_00011843,2026-05-09,11,8.5,0.0,5.2,11654.0,0.17,clear
WTH_00011844,2026-05-09,12,12.3,0.0,8.4,11146.0,0.11,clear
WTH_00011845,2026-05-09,13,8.2,0.0,2.9,7953.0,0.62,cloudy
WTH_00011846,2026-05-09,14,6.0,0.0,8.7,9955.0,0.55,clear
WTH_00011847,2026-05-09,15,11.4,0.0,12.7,6243.0,0.5,clear
WTH_00011848,2026-05-09,16,6.5,0.0,17.2,8185.0,0.73,cloudy
WTH_00011849,2026-05-09,17,9.2,0.0,18.2,10271.0,0.31,clear
WTH_00011850,2026-05-09,18,10.6,0.0,4.3,6853.0,0.13,clear
WTH_00011851,2026-05-09,19,8.9,0.0,2.8,7130.0,0.33,clear
WTH_00011852,2026-05-09,20,12.8,0.0,5.4,9935.0,0.53,clear
WTH_00011853,2026-05-09,21,17.1,0.0,18.5,7967.0,0.49,clear
WTH_00011854,2026-05-09,22,15.5,3.8,2.4,3501.0,0.85,rain
WTH_00011855,2026-05-09,23,17.2,0.0,24.7,7484.0,0.39,clear
WTH_00011856,2026-05-10,0,14.9,0.32,14.5,3012.0,0.54,rain
WTH_00011857,2026-05-10,1,16.7,0.0,2.6,7915.0,0.36,clear
WTH_00011858,2026-05-10,2,19.5,0.0,18.8,11311.0,0.15,clear
WTH_00011859,2026-05-10,3,17.8,0.0,22.5,8978.0,0.26,clear
WTH_00011860,2026-05-10,4,18.1,0.0,6.7,10610.0,0.29,clear
WTH_00011861,2026-05-10,5,18.3,0.0,12.8,7224.0,0.39,clear
WTH_00011862,2026-05-10,6,13.1,0.0,12.6,7463.0,0.46,clear
WTH_00011863,2026-05-10,7,13.6,0.0,13.2,7505.0,0.31,clear
WTH_00011864,2026-05-10,8,14.1,0.0,11.3,6460.0,0.17,clear
WTH_00011865,2026-05-10,9,15.2,0.0,10.3,11781.0,0.29,clear
WTH_00011866,2026-05-10,10,12.0,0.0,18.5,10202.0,0.39,clear
WTH_00011867,2026-05-10,11,13.5,0.0,31.7,6440.0,0.05,clear
WTH_00011868,2026-05-10,12,7.4,0.0,14.4,8852.0,0.45,clear
WTH_00011869,2026-05-10,13,15.6,2.02,15.6,1693.0,0.89,rain
WTH_00011870,2026-05-10,14,8.2,0.0,15.0,6674.0,0.5,clear
WTH_00011871,2026-05-10,15,11.4,0.0,19.7,9907.0,0.55,clear
WTH_00011872,2026-05-10,16,10.4,0.0,6.3,10424.0,0.29,clear
WTH_00011873,2026-05-10,17,9.7,0.0,18.8,9136.0,0.32,clear
WTH_00011874,2026-05-10,18,11.9,0.0,21.7,11258.0,0.19,clear
WTH_00011875,2026-05-10,19,10.3,0.0,3.6,8287.0,0.47,clear
WTH_00011876,2026-05-10,20,11.6,0.0,19.8,6132.0,0.26,clear
WTH_00011877,2026-05-10,21,13.0,0.0,29.4,11803.0,0.26,clear
WTH_00011878,2026-05-10,22,16.5,0.0,13.3,6362.0,0.55,clear
WTH_00011879,2026-05-10,23,13.6,0.0,12.0,6172.0,0.44,clear
WTH_00011880,2026-05-11,0,13.5,8.88,5.7,2848.0,0.91,rain
WTH_00011881,2026-05-11,1,17.0,0.0,7.8,11758.0,0.44,clear
WTH_00011882,2026-05-11,2,16.1,12.1,14.9,2042.0,0.7,rain
WTH_00011883,2026-05-11,3,16.2,0.0,5.5,11982.0,0.37,clear
WTH_00011884,2026-05-11,4,15.4,4.45,12.7,3236.0,0.91,rain
WTH_00011885,2026-05-11,5,15.6,0.0,7.7,7127.0,0.44,clear
WTH_00011886,2026-05-11,6,10.9,0.0,8.4,10825.0,0.51,clear
WTH_00011887,2026-05-11,7,16.3,0.0,12.5,10048.0,0.1,clear
WTH_00011888,2026-05-11,8,13.1,0.0,4.6,10318.0,0.15,clear
WTH_00011889,2026-05-11,9,15.2,0.0,11.4,10808.0,0.31,clear
WTH_00011890,2026-05-11,10,8.2,0.0,6.3,9135.0,0.25,clear
WTH_00011891,2026-05-11,11,12.8,0.0,13.8,6021.0,0.12,clear
WTH_00011892,2026-05-11,12,7.9,0.0,13.3,8817.0,0.25,clear
WTH_00011893,2026-05-11,13,8.5,0.0,23.2,985.0,0.54,fog
WTH_00011894,2026-05-11,14,8.3,5.72,16.8,1033.0,0.61,rain
WTH_00011895,2026-05-11,15,13.9,13.82,0.8,1705.0,0.67,rain
WTH_00011896,2026-05-11,16,8.4,0.0,15.2,6966.0,0.16,clear
WTH_00011897,2026-05-11,17,10.9,0.0,4.4,6528.0,0.41,clear
WTH_00011898,2026-05-11,18,11.5,0.0,2.9,9538.0,0.3,clear
WTH_00011899,2026-05-11,19,8.2,0.0,16.8,11127.0,0.3,clear
WTH_00011900,2026-05-11,20,14.2,0.0,1.2,8385.0,0.11,clear
WTH_00011901,2026-05-11,21,9.8,0.0,9.3,10526.0,0.36,clear
WTH_00011902,2026-05-11,22,11.7,0.0,22.1,9752.0,0.32,clear
WTH_00011903,2026-05-11,23,17.0,0.0,11.4,9540.0,0.32,clear
WTH_00011904,2026-05-12,0,13.5,0.0,4.9,8805.0,0.2,clear
WTH_00011905,2026-05-12,1,12.6,0.0,16.6,10683.0,0.08,clear
WTH_00011906,2026-05-12,2,16.8,0.0,11.2,8998.0,0.26,clear
WTH_00011907,2026-05-12,3,18.8,0.0,6.8,10188.0,0.26,clear
WTH_00011908,2026-05-12,4,17.2,0.0,11.8,10578.0,0.83,cloudy
WTH_00011909,2026-05-12,5,20.8,0.0,12.4,9179.0,0.53,clear
WTH_00011910,2026-05-12,6,17.4,0.0,19.1,8833.0,0.23,clear
WTH_00011911,2026-05-12,7,16.0,0.0,8.5,6188.0,0.18,clear
WTH_00011912,2026-05-12,8,11.4,0.0,20.2,8957.0,0.09,clear
WTH_00011913,2026-05-12,9,11.3,2.0,8.6,1272.0,0.53,rain
WTH_00011914,2026-05-12,10,13.7,6.21,14.0,2171.0,0.6,rain
WTH_00011915,2026-05-12,11,10.1,0.0,6.8,11375.0,0.2,clear
WTH_00011916,2026-05-12,12,11.5,0.0,4.3,7963.0,0.7,cloudy
WTH_00011917,2026-05-12,13,8.8,0.0,12.9,11812.0,0.41,clear
WTH_00011918,2026-05-12,14,6.5,0.0,4.7,8461.0,0.44,clear
WTH_00011919,2026-05-12,15,7.9,0.0,15.0,7846.0,0.71,cloudy
WTH_00011920,2026-05-12,16,7.8,0.0,11.5,10103.0,0.24,clear
WTH_00011921,2026-05-12,17,7.0,0.0,4.8,9202.0,0.71,cloudy
WTH_00011922,2026-05-12,18,12.2,0.0,6.6,9491.0,0.33,clear
WTH_00011923,2026-05-12,19,15.1,0.0,14.2,10140.0,0.43,clear
WTH_00011924,2026-05-12,20,13.7,0.0,2.5,11043.0,0.51,clear
WTH_00011925,2026-05-12,21,11.0,0.0,19.7,8542.0,0.32,clear
WTH_00011926,2026-05-12,22,13.3,0.0,23.5,522.0,0.11,fog
WTH_00011927,2026-05-12,23,16.9,0.0,8.5,9290.0,0.4,clear
WTH_00011928,2026-05-13,0,20.0,0.0,13.0,7924.0,0.11,clear
WTH_00011929,2026-05-13,1,16.0,13.86,4.0,3001.0,0.67,rain
WTH_00011930,2026-05-13,2,15.0,0.0,10.4,10439.0,0.09,clear
WTH_00011931,2026-05-13,3,17.1,0.0,4.1,6890.0,0.57,clear
WTH_00011932,2026-05-13,4,20.4,0.0,8.8,7165.0,0.38,clear
WTH_00011933,2026-05-13,5,18.8,0.0,21.7,8954.0,0.31,clear
WTH_00011934,2026-05-13,6,16.9,0.0,6.9,6740.0,0.08,clear
WTH_00011935,2026-05-13,7,15.0,0.0,6.3,6074.0,0.54,clear
WTH_00011936,2026-05-13,8,17.0,0.0,28.0,6322.0,0.2,clear
WTH_00011937,2026-05-13,9,13.5,0.0,9.3,8640.0,0.35,clear
WTH_00011938,2026-05-13,10,15.0,0.0,7.0,9674.0,0.14,clear
WTH_00011939,2026-05-13,11,12.7,0.0,15.6,11831.0,0.77,cloudy
WTH_00011940,2026-05-13,12,9.0,0.0,5.0,10751.0,0.51,clear
WTH_00011941,2026-05-13,13,9.8,0.0,3.6,7216.0,0.27,clear
WTH_00011942,2026-05-13,14,7.9,0.0,13.2,7525.0,0.44,clear
WTH_00011943,2026-05-13,15,9.4,0.0,4.4,8760.0,0.09,clear
WTH_00011944,2026-05-13,16,10.4,0.0,1.4,8148.0,0.38,clear
WTH_00011945,2026-05-13,17,9.6,0.0,5.6,10281.0,0.08,clear
WTH_00011946,2026-05-13,18,11.1,0.0,8.7,9335.0,0.33,clear
WTH_00011947,2026-05-13,19,9.1,0.0,9.3,1005.0,0.26,fog
WTH_00011948,2026-05-13,20,11.8,0.0,1.4,9839.0,0.44,clear
WTH_00011949,2026-05-13,21,12.4,14.16,16.9,1324.0,0.48,rain
WTH_00011950,2026-05-13,22,15.2,0.0,7.4,10222.0,0.33,clear
WTH_00011951,2026-05-13,23,16.4,0.0,17.3,11977.0,0.3,clear
WTH_00011952,2026-05-14,0,16.7,0.0,5.4,7924.0,0.17,clear
WTH_00011953,2026-05-14,1,18.6,0.0,4.0,8665.0,0.45,clear
WTH_00011954,2026-05-14,2,14.4,0.0,5.6,8604.0,0.3,clear
WTH_00011955,2026-05-14,3,15.4,0.0,8.2,11873.0,0.32,clear
WTH_00011956,2026-05-14,4,16.3,0.0,27.6,10650.0,0.21,clear
WTH_00011957,2026-05-14,5,16.9,0.0,23.1,8135.0,0.64,cloudy
WTH_00011958,2026-05-14,6,12.6,0.0,4.0,6569.0,0.33,clear
WTH_00011959,2026-05-14,7,12.9,0.0,9.4,10308.0,0.26,clear
WTH_00011960,2026-05-14,8,18.2,0.0,10.9,7324.0,0.23,clear
WTH_00011961,2026-05-14,9,14.0,0.0,14.5,6538.0,0.35,clear
WTH_00011962,2026-05-14,10,9.7,0.0,11.3,8693.0,0.06,clear
WTH_00011963,2026-05-14,11,9.7,0.0,9.8,6695.0,0.65,cloudy
WTH_00011964,2026-05-14,12,12.1,0.0,11.0,8492.0,0.25,clear
WTH_00011965,2026-05-14,13,8.5,0.0,22.7,10866.0,0.14,clear
WTH_00011966,2026-05-14,14,7.7,0.0,3.7,9707.0,0.26,clear
WTH_00011967,2026-05-14,15,7.3,0.0,9.7,11443.0,0.29,clear
WTH_00011968,2026-05-14,16,7.4,0.0,29.0,9726.0,0.22,clear
WTH_00011969,2026-05-14,17,9.5,0.0,12.2,11206.0,0.62,cloudy
WTH_00011970,2026-05-14,18,11.0,0.0,10.6,6242.0,0.42,clear
WTH_00011971,2026-05-14,19,9.4,0.0,1.4,6212.0,0.31,clear
WTH_00011972,2026-05-14,20,12.7,0.0,3.3,10642.0,0.39,clear
WTH_00011973,2026-05-14,21,16.4,0.0,5.9,11340.0,0.31,clear
WTH_00011974,2026-05-14,22,17.6,0.0,0.8,11323.0,0.29,clear
WTH_00011975,2026-05-14,23,15.8,0.0,14.3,6794.0,0.55,clear
WTH_00011976,2026-05-15,0,15.2,0.0,6.4,10179.0,0.68,cloudy
WTH_00011977,2026-05-15,1,19.7,0.0,12.7,11839.0,0.13,clear
WTH_00011978,2026-05-15,2,13.8,0.0,18.1,8676.0,0.07,clear
WTH_00011979,2026-05-15,3,16.1,0.0,25.0,11080.0,0.09,clear
WTH_00011980,2026-05-15,4,14.8,0.0,5.5,11727.0,0.53,clear
WTH_00011981,2026-05-15,5,16.8,0.0,16.2,8729.0,0.35,clear
WTH_00011982,2026-05-15,6,13.3,0.0,11.9,7001.0,0.06,clear
WTH_00011983,2026-05-15,7,14.6,0.0,17.6,8743.0,0.21,clear
WTH_00011984,2026-05-15,8,15.1,0.0,1.3,7108.0,0.85,cloudy
WTH_00011985,2026-05-15,9,14.5,0.0,8.7,10515.0,0.26,clear
WTH_00011986,2026-05-15,10,9.0,0.0,7.0,10402.0,0.25,clear
WTH_00011987,2026-05-15,11,11.8,0.0,19.3,8420.0,0.09,clear
WTH_00011988,2026-05-15,12,9.1,0.0,7.5,9929.0,0.4,clear
WTH_00011989,2026-05-15,13,8.7,0.0,15.9,11965.0,0.37,clear
WTH_00011990,2026-05-15,14,8.8,0.0,23.5,11461.0,0.38,clear
WTH_00011991,2026-05-15,15,10.2,0.0,8.6,11332.0,0.34,clear
WTH_00011992,2026-05-15,16,11.0,0.8,9.2,3516.0,0.48,rain
WTH_00011993,2026-05-15,17,13.4,0.0,4.3,8571.0,0.49,clear
WTH_00011994,2026-05-15,18,11.1,0.0,13.4,8926.0,0.67,cloudy
WTH_00011995,2026-05-15,19,10.5,0.0,9.9,6262.0,0.24,clear
WTH_00011996,2026-05-15,20,10.1,0.0,4.8,8723.0,0.13,clear
WTH_00011997,2026-05-15,21,10.8,0.0,13.6,11434.0,0.57,clear
WTH_00011998,2026-05-15,22,12.5,0.0,22.3,6875.0,0.42,clear
WTH_00011999,2026-05-15,23,15.4,0.0,25.2,8396.0,0.38,clear
WTH_00012000,2026-05-16,0,16.1,0.0,2.1,6165.0,0.48,clear
WTH_00012001,2026-05-16,1,15.5,0.0,15.7,11732.0,0.34,clear
WTH_00012002,2026-05-16,2,14.5,0.0,5.7,11045.0,0.2,clear
WTH_00012003,2026-05-16,3,15.2,0.0,23.5,9945.0,0.31,clear
WTH_00012004,2026-05-16,4,13.1,0.0,8.5,11815.0,0.39,clear
WTH_00012005,2026-05-16,5,15.7,0.0,5.6,10515.0,0.3,clear
WTH_00012006,2026-05-16,6,15.6,0.0,4.4,8273.0,0.48,clear
WTH_00012007,2026-05-16,7,15.9,0.0,3.2,7708.0,0.2,clear
WTH_00012008,2026-05-16,8,15.8,0.0,6.0,8178.0,0.42,clear
WTH_00012009,2026-05-16,9,13.7,0.0,8.1,7958.0,0.27,clear
WTH_00012010,2026-05-16,10,11.4,0.0,26.0,11651.0,0.36,clear
WTH_00012011,2026-05-16,11,10.7,0.0,10.6,8952.0,0.87,cloudy
WTH_00012012,2026-05-16,12,6.4,0.0,23.9,10123.0,0.64,cloudy
WTH_00012013,2026-05-16,13,10.8,0.0,1.9,10188.0,0.63,cloudy
WTH_00012014,2026-05-16,14,5.4,0.0,4.7,11265.0,0.77,cloudy
WTH_00012015,2026-05-16,15,10.1,0.0,15.7,8758.0,0.78,cloudy
WTH_00012016,2026-05-16,16,9.5,11.96,17.7,2422.0,0.99,rain
WTH_00012017,2026-05-16,17,8.1,0.0,8.6,10973.0,0.67,cloudy
WTH_00012018,2026-05-16,18,9.9,0.0,4.0,6866.0,0.56,clear
WTH_00012019,2026-05-16,19,13.8,0.0,13.6,10011.0,0.4,clear
WTH_00012020,2026-05-16,20,12.3,0.0,2.4,7428.0,0.62,cloudy
WTH_00012021,2026-05-16,21,14.4,0.0,7.9,8630.0,0.14,clear
WTH_00012022,2026-05-16,22,16.4,0.0,2.0,9230.0,0.05,clear
WTH_00012023,2026-05-16,23,14.0,0.0,28.6,11593.0,0.13,clear
WTH_00012024,2026-05-17,0,14.5,0.0,15.5,7505.0,0.37,clear
WTH_00012025,2026-05-17,1,14.6,0.0,4.2,6783.0,0.18,clear
WTH_00012026,2026-05-17,2,16.1,2.48,3.6,2907.0,0.89,rain
WTH_00012027,2026-05-17,3,17.9,0.0,10.3,6458.0,0.72,cloudy
WTH_00012028,2026-05-17,4,14.7,0.0,12.7,8071.0,0.13,clear
WTH_00012029,2026-05-17,5,16.8,0.0,5.2,10875.0,0.49,clear
WTH_00012030,2026-05-17,6,14.0,0.0,19.9,7422.0,0.26,clear
WTH_00012031,2026-05-17,7,15.6,0.0,1.9,8576.0,0.24,clear
WTH_00012032,2026-05-17,8,12.0,0.0,6.8,11634.0,0.17,clear
WTH_00012033,2026-05-17,9,14.7,0.0,6.6,9831.0,0.04,clear
WTH_00012034,2026-05-17,10,15.0,0.0,11.7,11757.0,0.16,clear
WTH_00012035,2026-05-17,11,8.1,0.0,2.1,8432.0,0.6,cloudy
WTH_00012036,2026-05-17,12,10.6,0.0,4.2,6436.0,0.21,clear
WTH_00012037,2026-05-17,13,11.0,0.0,13.2,8345.0,0.45,clear
WTH_00012038,2026-05-17,14,4.2,0.0,21.7,7892.0,0.04,clear
WTH_00012039,2026-05-17,15,9.8,0.0,7.2,7645.0,0.73,cloudy
WTH_00012040,2026-05-17,16,7.8,0.0,7.3,10489.0,0.4,clear
WTH_00012041,2026-05-17,17,9.6,0.0,11.9,7002.0,0.39,clear
WTH_00012042,2026-05-17,18,7.8,0.0,13.1,11808.0,0.2,clear
WTH_00012043,2026-05-17,19,8.9,0.0,11.1,6639.0,0.15,clear
WTH_00012044,2026-05-17,20,11.4,0.0,10.6,6411.0,0.27,clear
WTH_00012045,2026-05-17,21,13.7,0.0,14.1,9013.0,0.17,clear
WTH_00012046,2026-05-17,22,14.0,0.0,3.5,6946.0,0.49,clear
WTH_00012047,2026-05-17,23,15.8,0.0,3.5,11129.0,0.36,clear
WTH_00012048,2026-05-18,0,17.7,0.0,3.8,10295.0,0.63,cloudy
WTH_00012049,2026-05-18,1,19.2,0.0,34.0,7890.0,0.12,clear
WTH_00012050,2026-05-18,2,16.0,0.0,15.2,10965.0,0.65,cloudy
WTH_00012051,2026-05-18,3,13.0,0.0,2.5,7153.0,0.55,clear
WTH_00012052,2026-05-18,4,19.3,0.0,15.7,10651.0,0.51,clear
WTH_00012053,2026-05-18,5,16.0,0.0,15.8,6067.0,0.19,clear
WTH_00012054,2026-05-18,6,17.7,0.0,27.2,11828.0,0.12,clear
WTH_00012055,2026-05-18,7,14.8,0.0,32.5,10297.0,0.17,clear
WTH_00012056,2026-05-18,8,14.3,0.0,8.2,6419.0,0.28,clear
WTH_00012057,2026-05-18,9,12.1,0.0,3.2,973.0,0.37,fog
WTH_00012058,2026-05-18,10,15.3,0.0,9.4,6430.0,0.47,clear
WTH_00012059,2026-05-18,11,12.7,0.0,17.4,6085.0,0.24,clear
WTH_00012060,2026-05-18,12,9.3,0.0,8.1,6637.0,0.67,cloudy
WTH_00012061,2026-05-18,13,9.9,0.0,15.5,7577.0,0.25,clear
WTH_00012062,2026-05-18,14,9.0,0.0,7.6,8913.0,0.32,clear
WTH_00012063,2026-05-18,15,7.8,0.0,6.2,7521.0,0.45,clear
WTH_00012064,2026-05-18,16,7.0,0.0,2.5,9606.0,0.5,clear
WTH_00012065,2026-05-18,17,12.0,0.0,4.0,7663.0,0.66,cloudy
WTH_00012066,2026-05-18,18,8.8,0.0,7.3,11713.0,0.25,clear
WTH_00012067,2026-05-18,19,12.3,0.0,3.7,9333.0,0.03,clear
WTH_00012068,2026-05-18,20,9.8,0.0,3.1,7414.0,0.17,clear
WTH_00012069,2026-05-18,21,11.7,0.0,2.0,7929.0,0.58,clear
WTH_00012070,2026-05-18,22,16.8,0.0,10.1,9878.0,0.46,clear
WTH_00012071,2026-05-18,23,13.0,0.0,18.3,11630.0,0.25,clear
WTH_00012072,2026-05-19,0,16.5,0.0,8.2,9151.0,0.14,clear
WTH_00012073,2026-05-19,1,13.6,0.0,11.9,11076.0,0.5,clear
WTH_00012074,2026-05-19,2,17.6,0.0,13.2,7002.0,0.45,clear
WTH_00012075,2026-05-19,3,14.8,0.0,10.0,10909.0,0.31,clear
WTH_00012076,2026-05-19,4,17.0,0.0,7.4,8053.0,0.43,clear
WTH_00012077,2026-05-19,5,18.6,0.0,14.8,8597.0,0.61,cloudy
WTH_00012078,2026-05-19,6,17.1,0.0,15.1,8042.0,0.14,clear
WTH_00012079,2026-05-19,7,13.9,0.0,7.2,7101.0,0.11,clear
WTH_00012080,2026-05-19,8,16.9,0.0,20.8,8808.0,0.2,clear
WTH_00012081,2026-05-19,9,12.3,0.0,21.5,8970.0,0.1,clear
WTH_00012082,2026-05-19,10,15.5,0.0,4.5,7327.0,0.44,clear
WTH_00012083,2026-05-19,11,10.0,0.0,10.5,8232.0,0.36,clear
WTH_00012084,2026-05-19,12,8.8,0.0,25.9,9487.0,0.3,clear
WTH_00012085,2026-05-19,13,8.6,3.71,12.4,2064.0,0.64,rain
WTH_00012086,2026-05-19,14,13.5,0.0,16.3,11975.0,0.27,clear
WTH_00012087,2026-05-19,15,9.5,0.0,4.0,11205.0,0.53,clear
WTH_00012088,2026-05-19,16,10.2,0.0,46.2,11025.0,0.16,clear
WTH_00012089,2026-05-19,17,7.5,0.0,1.1,8244.0,0.43,clear
WTH_00012090,2026-05-19,18,8.0,0.0,5.4,6994.0,0.24,clear
WTH_00012091,2026-05-19,19,12.7,0.0,9.9,11416.0,0.27,clear
WTH_00012092,2026-05-19,20,13.0,0.0,5.3,7572.0,0.36,clear
WTH_00012093,2026-05-19,21,12.9,0.0,9.2,11842.0,0.09,clear
WTH_00012094,2026-05-19,22,14.0,0.0,11.1,9398.0,0.38,clear
WTH_00012095,2026-05-19,23,11.7,0.0,6.6,7999.0,0.51,clear
WTH_00012096,2026-05-20,0,16.8,0.0,5.1,6981.0,0.47,clear
WTH_00012097,2026-05-20,1,17.2,0.0,25.5,8469.0,0.44,clear
WTH_00012098,2026-05-20,2,18.5,0.0,12.2,9519.0,0.29,clear
WTH_00012099,2026-05-20,3,16.3,0.0,15.4,9308.0,0.42,clear
WTH_00012100,2026-05-20,4,17.2,0.0,26.1,8613.0,0.5,clear
WTH_00012101,2026-05-20,5,16.5,0.0,19.0,8066.0,0.55,clear
WTH_00012102,2026-05-20,6,18.8,0.0,5.7,10262.0,0.34,clear
WTH_00012103,2026-05-20,7,15.5,0.0,9.1,11857.0,0.44,clear
WTH_00012104,2026-05-20,8,14.4,0.0,4.8,10506.0,0.31,clear
WTH_00012105,2026-05-20,9,13.8,0.0,2.8,6642.0,0.34,clear
WTH_00012106,2026-05-20,10,11.5,0.0,11.1,7762.0,0.29,clear
WTH_00012107,2026-05-20,11,7.5,0.0,5.5,6279.0,0.36,clear
WTH_00012108,2026-05-20,12,13.1,0.0,10.9,10978.0,0.08,clear
WTH_00012109,2026-05-20,13,8.5,0.0,4.5,7864.0,0.39,clear
WTH_00012110,2026-05-20,14,6.9,0.0,20.4,7845.0,0.24,clear
WTH_00012111,2026-05-20,15,6.4,0.0,29.9,7579.0,0.25,clear
WTH_00012112,2026-05-20,16,7.7,0.0,12.7,9878.0,0.35,clear
WTH_00012113,2026-05-20,17,12.4,0.0,31.5,6333.0,0.46,clear
WTH_00012114,2026-05-20,18,5.3,0.0,11.8,7561.0,0.35,clear
WTH_00012115,2026-05-20,19,10.4,0.0,6.2,6615.0,0.06,clear
WTH_00012116,2026-05-20,20,12.4,0.0,5.5,10012.0,0.56,clear
WTH_00012117,2026-05-20,21,11.3,0.0,7.5,1148.0,0.09,fog
WTH_00012118,2026-05-20,22,13.8,0.0,23.7,11380.0,0.08,clear
WTH_00012119,2026-05-20,23,15.3,0.0,10.8,11027.0,0.32,clear
WTH_00012120,2026-05-21,0,10.9,0.0,4.9,6855.0,0.3,clear
WTH_00012121,2026-05-21,1,14.1,0.0,6.6,10878.0,0.04,clear
WTH_00012122,2026-05-21,2,16.7,0.0,23.6,10864.0,0.16,clear
WTH_00012123,2026-05-21,3,20.2,0.0,4.8,11938.0,0.17,clear
WTH_00012124,2026-05-21,4,18.7,0.0,2.4,10614.0,0.23,clear
WTH_00012125,2026-05-21,5,14.6,0.0,13.1,10436.0,0.49,clear
WTH_00012126,2026-05-21,6,19.4,0.0,2.4,10997.0,0.57,clear
WTH_00012127,2026-05-21,7,12.6,0.0,5.0,10374.0,0.48,clear
WTH_00012128,2026-05-21,8,16.5,4.56,3.5,2518.0,0.48,rain
WTH_00012129,2026-05-21,9,14.6,0.0,3.2,558.0,0.33,fog
WTH_00012130,2026-05-21,10,13.1,0.0,9.9,6563.0,0.35,clear
WTH_00012131,2026-05-21,11,11.4,0.0,9.8,9775.0,0.27,clear
WTH_00012132,2026-05-21,12,11.1,0.0,23.6,7865.0,0.21,clear
WTH_00012133,2026-05-21,13,8.2,0.0,13.1,9900.0,0.12,clear
WTH_00012134,2026-05-21,14,9.1,0.0,9.2,7263.0,0.42,clear
WTH_00012135,2026-05-21,15,7.5,0.0,33.1,8626.0,0.32,clear
WTH_00012136,2026-05-21,16,14.6,0.0,3.8,6505.0,0.43,clear
WTH_00012137,2026-05-21,17,11.8,0.0,27.8,8992.0,0.3,clear
WTH_00012138,2026-05-21,18,11.1,0.0,1.5,9529.0,0.27,clear
WTH_00012139,2026-05-21,19,12.1,0.0,4.9,8427.0,0.16,clear
WTH_00012140,2026-05-21,20,13.5,0.0,8.5,6700.0,0.38,clear
WTH_00012141,2026-05-21,21,12.8,0.0,6.3,11711.0,0.15,clear
WTH_00012142,2026-05-21,22,13.7,0.0,2.5,8620.0,0.42,clear
WTH_00012143,2026-05-21,23,15.7,1.44,15.8,1731.0,1.0,rain
WTH_00012144,2026-05-22,0,15.9,0.0,19.8,6488.0,0.24,clear
WTH_00012145,2026-05-22,1,16.4,0.0,4.2,7269.0,0.52,clear
WTH_00012146,2026-05-22,2,19.6,0.0,10.6,6866.0,0.62,cloudy
WTH_00012147,2026-05-22,3,19.8,0.0,13.5,7429.0,0.32,clear
WTH_00012148,2026-05-22,4,15.6,0.0,65.5,11535.0,0.4,clear
WTH_00012149,2026-05-22,5,17.9,0.0,7.4,11134.0,0.52,clear
WTH_00012150,2026-05-22,6,18.4,0.0,21.6,9489.0,0.61,cloudy
WTH_00012151,2026-05-22,7,17.3,0.0,3.5,10271.0,0.42,clear
WTH_00012152,2026-05-22,8,13.0,0.0,9.4,10076.0,0.12,clear
WTH_00012153,2026-05-22,9,12.9,0.0,19.5,8383.0,0.15,clear
WTH_00012154,2026-05-22,10,10.6,9.97,21.1,2136.0,0.63,rain
WTH_00012155,2026-05-22,11,8.0,0.0,31.4,8891.0,0.38,clear
WTH_00012156,2026-05-22,12,11.1,0.0,5.5,8185.0,0.22,clear
WTH_00012157,2026-05-22,13,9.5,0.0,11.0,8726.0,0.23,clear
WTH_00012158,2026-05-22,14,6.2,4.95,12.8,2857.0,0.72,rain
WTH_00012159,2026-05-22,15,6.9,0.0,30.2,11750.0,0.49,clear
WTH_00012160,2026-05-22,16,8.7,0.0,18.5,6087.0,0.22,clear
WTH_00012161,2026-05-22,17,10.4,0.0,23.3,7393.0,0.41,clear
WTH_00012162,2026-05-22,18,8.2,0.0,2.7,9727.0,0.28,clear
WTH_00012163,2026-05-22,19,10.8,0.0,27.1,9951.0,0.27,clear
WTH_00012164,2026-05-22,20,13.9,0.0,4.4,8804.0,0.09,clear
WTH_00012165,2026-05-22,21,14.9,0.0,21.6,10249.0,0.32,clear
WTH_00012166,2026-05-22,22,12.3,0.0,1.5,9371.0,0.2,clear
WTH_00012167,2026-05-22,23,16.7,0.0,5.4,9595.0,0.57,clear
WTH_00012168,2026-05-23,0,13.0,4.7,31.8,2384.0,0.81,rain
WTH_00012169,2026-05-23,1,16.9,0.0,9.7,7743.0,0.35,clear
WTH_00012170,2026-05-23,2,13.7,0.0,15.1,11284.0,0.37,clear
WTH_00012171,2026-05-23,3,17.7,0.0,5.0,8443.0,0.41,clear
WTH_00012172,2026-05-23,4,17.8,0.0,24.9,6530.0,0.12,clear
WTH_00012173,2026-05-23,5,15.6,0.0,1.7,8505.0,0.65,cloudy
WTH_00012174,2026-05-23,6,18.9,0.0,3.2,10312.0,0.48,clear
WTH_00012175,2026-05-23,7,13.1,0.0,17.3,11479.0,0.16,clear
WTH_00012176,2026-05-23,8,8.2,0.0,6.8,8669.0,0.33,clear
WTH_00012177,2026-05-23,9,14.3,0.0,12.6,9746.0,0.2,clear
WTH_00012178,2026-05-23,10,14.5,0.0,4.4,10381.0,0.77,cloudy
WTH_00012179,2026-05-23,11,11.0,0.0,11.6,7589.0,0.28,clear
WTH_00012180,2026-05-23,12,8.7,0.0,11.5,7969.0,0.27,clear
WTH_00012181,2026-05-23,13,14.6,0.0,4.5,8323.0,0.24,clear
WTH_00012182,2026-05-23,14,10.4,0.0,8.7,11812.0,0.26,clear
WTH_00012183,2026-05-23,15,5.9,0.0,5.3,8605.0,0.38,clear
WTH_00012184,2026-05-23,16,13.0,0.0,10.7,10426.0,0.47,clear
WTH_00012185,2026-05-23,17,9.2,0.0,0.6,7082.0,0.52,clear
WTH_00012186,2026-05-23,18,11.1,0.0,26.7,8744.0,0.22,clear
WTH_00012187,2026-05-23,19,9.1,0.0,42.2,6464.0,0.46,clear
WTH_00012188,2026-05-23,20,12.4,0.0,2.4,6064.0,0.26,clear
WTH_00012189,2026-05-23,21,12.2,0.0,22.4,8880.0,0.04,clear
WTH_00012190,2026-05-23,22,13.4,0.0,15.6,9930.0,0.31,clear
WTH_00012191,2026-05-23,23,15.0,0.0,9.9,11183.0,0.34,clear
WTH_00012192,2026-05-24,0,16.8,0.0,10.2,9843.0,0.27,clear
WTH_00012193,2026-05-24,1,12.9,0.0,25.3,11702.0,0.08,clear
WTH_00012194,2026-05-24,2,16.2,0.0,12.5,6007.0,0.61,cloudy
WTH_00012195,2026-05-24,3,18.4,0.0,1.1,10782.0,0.32,clear
WTH_00012196,2026-05-24,4,14.7,0.0,14.7,6074.0,0.4,clear
WTH_00012197,2026-05-24,5,12.1,0.0,25.6,8535.0,0.2,clear
WTH_00012198,2026-05-24,6,13.9,0.0,11.4,9228.0,0.85,cloudy
WTH_00012199,2026-05-24,7,14.1,0.0,5.6,8000.0,0.36,clear
WTH_00012200,2026-05-24,8,15.0,0.0,8.6,11576.0,0.04,clear
WTH_00012201,2026-05-24,9,15.9,0.0,38.7,6337.0,0.18,clear
WTH_00012202,2026-05-24,10,12.7,0.0,4.5,8924.0,0.3,clear
WTH_00012203,2026-05-24,11,10.7,0.0,3.6,10563.0,0.03,clear
WTH_00012204,2026-05-24,12,9.9,0.0,7.4,6065.0,0.66,cloudy
WTH_00012205,2026-05-24,13,12.0,0.0,15.8,9583.0,0.26,clear
WTH_00012206,2026-05-24,14,7.3,0.0,3.2,9566.0,0.15,clear
WTH_00012207,2026-05-24,15,10.2,0.0,15.5,11627.0,0.55,clear
WTH_00012208,2026-05-24,16,10.1,0.0,15.1,9195.0,0.44,clear
WTH_00012209,2026-05-24,17,5.7,0.0,13.3,8947.0,0.45,clear
WTH_00012210,2026-05-24,18,8.8,0.0,5.4,11896.0,0.31,clear
WTH_00012211,2026-05-24,19,12.3,0.0,11.0,1075.0,0.28,fog
WTH_00012212,2026-05-24,20,13.3,0.0,6.0,10767.0,0.2,clear
WTH_00012213,2026-05-24,21,13.9,0.0,28.0,11737.0,0.25,clear
WTH_00012214,2026-05-24,22,15.6,2.7,7.7,2029.0,0.62,rain
WTH_00012215,2026-05-24,23,15.2,0.0,6.9,8111.0,0.36,clear
WTH_00012216,2026-05-25,0,16.3,0.0,13.5,9419.0,0.54,clear
WTH_00012217,2026-05-25,1,17.6,0.0,8.4,7731.0,0.3,clear
WTH_00012218,2026-05-25,2,19.2,0.0,8.5,7392.0,0.09,clear
WTH_00012219,2026-05-25,3,15.6,0.0,18.0,10706.0,0.38,clear
WTH_00012220,2026-05-25,4,16.1,0.0,7.5,8367.0,0.39,clear
WTH_00012221,2026-05-25,5,13.6,0.0,3.7,10587.0,0.09,clear
WTH_00012222,2026-05-25,6,16.4,0.0,20.2,7214.0,0.16,clear
WTH_00012223,2026-05-25,7,15.2,0.0,3.3,10065.0,0.52,clear
WTH_00012224,2026-05-25,8,10.6,0.0,23.2,8635.0,0.46,clear
WTH_00012225,2026-05-25,9,15.6,0.0,2.6,11841.0,0.18,clear
WTH_00012226,2026-05-25,10,10.3,0.0,4.7,8726.0,0.09,clear
WTH_00012227,2026-05-25,11,8.1,0.0,20.0,9225.0,0.35,clear
WTH_00012228,2026-05-25,12,9.9,0.0,2.3,8041.0,0.51,clear
WTH_00012229,2026-05-25,13,7.0,0.0,9.5,7265.0,0.47,clear
WTH_00012230,2026-05-25,14,9.3,0.0,17.9,11274.0,0.15,clear
WTH_00012231,2026-05-25,15,9.5,0.0,10.5,11453.0,0.19,clear
WTH_00012232,2026-05-25,16,6.7,0.0,9.4,9474.0,0.32,clear
WTH_00012233,2026-05-25,17,10.9,0.0,6.5,11328.0,0.39,clear
WTH_00012234,2026-05-25,18,8.8,0.0,9.0,6702.0,0.48,clear
WTH_00012235,2026-05-25,19,14.6,0.0,11.7,8724.0,0.39,clear
WTH_00012236,2026-05-25,20,11.2,0.0,6.6,10148.0,0.17,clear
WTH_00012237,2026-05-25,21,13.7,0.0,9.5,8117.0,0.13,clear
WTH_00012238,2026-05-25,22,17.3,0.0,4.0,11698.0,0.25,clear
WTH_00012239,2026-05-25,23,13.4,0.0,2.8,9292.0,0.38,clear
WTH_00012240,2026-05-26,0,14.6,0.0,16.8,10920.0,0.32,clear
WTH_00012241,2026-05-26,1,17.6,0.0,3.6,8425.0,0.83,cloudy
WTH_00012242,2026-05-26,2,16.1,0.0,7.5,6694.0,0.2,clear
WTH_00012243,2026-05-26,3,15.4,0.0,13.5,8877.0,0.56,clear
WTH_00012244,2026-05-26,4,17.8,0.0,11.0,8389.0,0.61,cloudy
WTH_00012245,2026-05-26,5,15.4,0.0,41.2,9077.0,0.55,clear
WTH_00012246,2026-05-26,6,13.2,0.0,13.9,6775.0,0.12,clear
WTH_00012247,2026-05-26,7,19.4,0.0,12.9,9871.0,0.18,clear
WTH_00012248,2026-05-26,8,13.6,0.0,24.6,10053.0,0.13,clear
WTH_00012249,2026-05-26,9,12.1,0.0,7.1,166.0,0.34,fog
WTH_00012250,2026-05-26,10,19.4,0.0,6.0,8468.0,0.16,clear
WTH_00012251,2026-05-26,11,11.9,0.0,17.3,6381.0,0.27,clear
WTH_00012252,2026-05-26,12,12.6,0.0,13.1,8936.0,0.15,clear
WTH_00012253,2026-05-26,13,8.2,0.0,11.5,6489.0,0.25,clear
WTH_00012254,2026-05-26,14,10.3,3.24,6.4,2604.0,0.71,rain
WTH_00012255,2026-05-26,15,9.9,0.0,14.8,8486.0,0.69,cloudy
WTH_00012256,2026-05-26,16,5.6,0.0,4.8,9488.0,0.3,clear
WTH_00012257,2026-05-26,17,8.7,0.0,1.7,9956.0,0.25,clear
WTH_00012258,2026-05-26,18,7.2,0.0,20.1,9092.0,0.28,clear
WTH_00012259,2026-05-26,19,11.3,0.0,7.4,9070.0,0.3,clear
WTH_00012260,2026-05-26,20,10.6,0.0,2.3,9253.0,0.45,clear
WTH_00012261,2026-05-26,21,13.4,0.0,1.4,8686.0,0.59,clear
WTH_00012262,2026-05-26,22,15.7,0.0,11.9,937.0,0.45,fog
WTH_00012263,2026-05-26,23,14.8,0.0,7.3,9348.0,0.13,clear
WTH_00012264,2026-05-27,0,14.8,0.0,7.6,8771.0,0.28,clear
WTH_00012265,2026-05-27,1,18.2,0.0,19.2,11701.0,0.25,clear
WTH_00012266,2026-05-27,2,15.3,0.0,6.2,11264.0,0.15,clear
WTH_00012267,2026-05-27,3,16.9,6.08,13.1,1754.0,0.92,rain
WTH_00012268,2026-05-27,4,15.3,0.0,9.7,6924.0,0.06,clear
WTH_00012269,2026-05-27,5,18.9,0.0,20.3,6536.0,0.3,clear
WTH_00012270,2026-05-27,6,15.7,0.0,25.9,8739.0,0.1,clear
WTH_00012271,2026-05-27,7,14.2,0.0,8.0,7728.0,0.46,clear
WTH_00012272,2026-05-27,8,13.5,0.0,9.6,6470.0,0.19,clear
WTH_00012273,2026-05-27,9,14.8,0.0,9.1,8472.0,0.16,clear
WTH_00012274,2026-05-27,10,14.2,0.0,6.9,7914.0,0.69,cloudy
WTH_00012275,2026-05-27,11,16.0,0.0,5.5,6358.0,0.29,clear
WTH_00012276,2026-05-27,12,10.8,0.0,22.3,7752.0,0.24,clear
WTH_00012277,2026-05-27,13,9.7,0.0,6.4,8252.0,0.19,clear
WTH_00012278,2026-05-27,14,8.7,0.0,12.4,10852.0,0.28,clear
WTH_00012279,2026-05-27,15,5.9,0.0,9.4,10353.0,0.19,clear
WTH_00012280,2026-05-27,16,8.8,3.75,17.0,3826.0,0.89,rain
WTH_00012281,2026-05-27,17,7.6,0.0,2.3,8278.0,0.51,clear
WTH_00012282,2026-05-27,18,10.3,0.0,5.8,10451.0,0.18,clear
WTH_00012283,2026-05-27,19,10.0,0.0,6.9,8983.0,0.45,clear
WTH_00012284,2026-05-27,20,14.0,0.0,21.7,10666.0,0.43,clear
WTH_00012285,2026-05-27,21,14.5,0.0,19.1,11540.0,0.48,clear
WTH_00012286,2026-05-27,22,13.1,0.0,12.9,7554.0,0.1,clear
WTH_00012287,2026-05-27,23,16.5,0.0,3.3,753.0,0.39,fog
WTH_00012288,2026-05-28,0,13.4,0.0,9.6,8131.0,0.08,clear
WTH_00012289,2026-05-28,1,12.9,0.0,10.5,7895.0,0.41,clear
WTH_00012290,2026-05-28,2,18.8,0.0,9.2,6943.0,0.59,clear
WTH_00012291,2026-05-28,3,17.6,0.0,29.3,8682.0,0.28,clear
WTH_00012292,2026-05-28,4,14.1,0.0,7.1,6354.0,0.61,cloudy
WTH_00012293,2026-05-28,5,18.8,0.0,6.0,8156.0,0.27,clear
WTH_00012294,2026-05-28,6,16.7,0.0,3.5,7909.0,0.25,clear
WTH_00012295,2026-05-28,7,14.2,0.0,16.0,7573.0,0.29,clear
WTH_00012296,2026-05-28,8,12.2,0.0,8.3,9202.0,0.24,clear
WTH_00012297,2026-05-28,9,14.1,0.0,5.2,7464.0,0.16,clear
WTH_00012298,2026-05-28,10,10.1,0.0,12.1,7008.0,0.22,clear
WTH_00012299,2026-05-28,11,12.0,0.0,28.2,11562.0,0.47,clear
WTH_00012300,2026-05-28,12,9.6,0.0,1.8,11641.0,0.28,clear
WTH_00012301,2026-05-28,13,9.1,0.0,8.6,6681.0,0.41,clear
WTH_00012302,2026-05-28,14,9.8,0.0,16.8,10224.0,0.69,cloudy
WTH_00012303,2026-05-28,15,12.7,0.0,2.0,9904.0,0.09,clear
WTH_00012304,2026-05-28,16,9.4,0.0,4.2,8311.0,0.03,clear
WTH_00012305,2026-05-28,17,9.2,0.0,5.5,7128.0,0.48,clear
WTH_00012306,2026-05-28,18,10.5,0.0,12.3,10139.0,0.34,clear
WTH_00012307,2026-05-28,19,14.4,0.0,8.9,7887.0,0.25,clear
WTH_00012308,2026-05-28,20,12.3,0.0,7.8,8205.0,0.04,clear
WTH_00012309,2026-05-28,21,14.0,0.0,3.2,9363.0,0.34,clear
WTH_00012310,2026-05-28,22,13.7,0.0,9.5,7137.0,0.31,clear
WTH_00012311,2026-05-28,23,14.2,0.0,4.0,9723.0,0.1,clear
WTH_00012312,2026-05-29,0,13.6,0.0,11.1,1012.0,0.36,fog
WTH_00012313,2026-05-29,1,17.3,0.0,27.0,9312.0,0.67,cloudy
WTH_00012314,2026-05-29,2,13.1,0.0,23.9,9055.0,0.66,cloudy
WTH_00012315,2026-05-29,3,18.1,0.0,21.0,6554.0,0.3,clear
WTH_00012316,2026-05-29,4,16.2,0.0,7.1,8437.0,0.15,clear
WTH_00012317,2026-05-29,5,15.5,0.0,4.3,9568.0,0.28,clear
WTH_00012318,2026-05-29,6,18.8,0.0,4.5,10858.0,0.5,clear
WTH_00012319,2026-05-29,7,16.7,0.0,5.4,10196.0,0.68,cloudy
WTH_00012320,2026-05-29,8,14.9,0.0,7.4,6107.0,0.39,clear
WTH_00012321,2026-05-29,9,12.5,0.0,16.0,6667.0,0.36,clear
WTH_00012322,2026-05-29,10,8.8,0.0,4.3,10258.0,0.23,clear
WTH_00012323,2026-05-29,11,10.1,0.0,23.2,7649.0,0.59,clear
WTH_00012324,2026-05-29,12,7.9,0.0,20.7,6977.0,0.39,clear
WTH_00012325,2026-05-29,13,10.4,0.0,5.8,6279.0,0.4,clear
WTH_00012326,2026-05-29,14,6.9,0.0,7.3,10746.0,0.34,clear
WTH_00012327,2026-05-29,15,10.2,0.0,6.9,6267.0,0.08,clear
WTH_00012328,2026-05-29,16,9.4,0.0,12.4,9587.0,0.64,cloudy
WTH_00012329,2026-05-29,17,10.0,0.0,30.6,7898.0,0.35,clear
WTH_00012330,2026-05-29,18,12.8,0.0,5.7,11305.0,0.34,clear
WTH_00012331,2026-05-29,19,12.2,0.0,5.6,7761.0,0.12,clear
WTH_00012332,2026-05-29,20,9.8,0.0,21.7,10140.0,0.31,clear
WTH_00012333,2026-05-29,21,13.0,0.0,14.4,11332.0,0.34,clear
WTH_00012334,2026-05-29,22,11.4,0.0,7.2,10544.0,0.19,clear
WTH_00012335,2026-05-29,23,16.5,10.1,20.7,2009.0,0.53,rain
WTH_00012336,2026-05-30,0,15.6,0.0,13.8,9051.0,0.27,clear
WTH_00012337,2026-05-30,1,15.8,0.0,9.8,10883.0,0.09,clear
WTH_00012338,2026-05-30,2,16.4,0.0,5.8,9880.0,0.51,clear
WTH_00012339,2026-05-30,3,15.7,0.0,13.7,10260.0,0.12,clear
WTH_00012340,2026-05-30,4,17.1,0.0,15.8,11653.0,0.26,clear
WTH_00012341,2026-05-30,5,17.0,1.88,1.4,1712.0,0.71,rain
WTH_00012342,2026-05-30,6,12.2,0.0,10.0,11925.0,0.69,cloudy
WTH_00012343,2026-05-30,7,13.0,0.0,22.8,8473.0,0.17,clear
WTH_00012344,2026-05-30,8,12.9,0.0,11.6,6079.0,0.83,cloudy
WTH_00012345,2026-05-30,9,13.9,0.0,9.0,8805.0,0.53,clear
WTH_00012346,2026-05-30,10,8.6,0.0,24.0,7763.0,0.29,clear
WTH_00012347,2026-05-30,11,7.1,0.0,13.1,9829.0,0.13,clear
WTH_00012348,2026-05-30,12,8.8,0.0,10.2,9072.0,0.45,clear
WTH_00012349,2026-05-30,13,11.3,0.0,7.2,7772.0,0.46,clear
WTH_00012350,2026-05-30,14,6.2,0.0,1.5,9453.0,0.27,clear
WTH_00012351,2026-05-30,15,8.8,0.0,7.9,8467.0,0.07,clear
WTH_00012352,2026-05-30,16,9.8,0.0,12.7,6212.0,0.22,clear
WTH_00012353,2026-05-30,17,12.9,0.0,19.6,9200.0,0.54,clear
WTH_00012354,2026-05-30,18,7.7,0.0,18.3,11213.0,0.45,clear
WTH_00012355,2026-05-30,19,12.3,0.0,9.5,8375.0,0.2,clear
WTH_00012356,2026-05-30,20,15.8,0.0,13.6,8641.0,0.17,clear
WTH_00012357,2026-05-30,21,13.0,0.0,7.2,9190.0,0.59,clear
WTH_00012358,2026-05-30,22,16.4,0.0,16.6,9661.0,0.32,clear
WTH_00012359,2026-05-30,23,13.6,0.0,29.5,10350.0,0.32,clear
WTH_00012360,2026-05-31,0,18.1,0.0,4.3,9978.0,0.04,clear
WTH_00012361,2026-05-31,1,16.4,0.0,11.4,6639.0,0.26,clear
WTH_00012362,2026-05-31,2,16.9,0.0,4.3,6647.0,0.46,clear
WTH_00012363,2026-05-31,3,15.7,0.0,20.0,6025.0,0.28,clear
WTH_00012364,2026-05-31,4,17.3,0.0,24.8,6498.0,0.26,clear
WTH_00012365,2026-05-31,5,18.0,0.0,4.8,10618.0,0.17,clear
WTH_00012366,2026-05-31,6,16.2,0.0,19.2,11616.0,0.19,clear
WTH_00012367,2026-05-31,7,15.3,0.0,11.6,7666.0,0.13,clear
WTH_00012368,2026-05-31,8,16.0,0.0,25.7,10635.0,0.13,clear
WTH_00012369,2026-05-31,9,13.2,0.0,7.8,9500.0,0.59,clear
WTH_00012370,2026-05-31,10,6.8,0.0,6.1,10554.0,0.18,clear
WTH_00012371,2026-05-31,11,10.3,6.05,8.0,1869.0,0.62,rain
WTH_00012372,2026-05-31,12,9.3,0.0,11.9,9748.0,0.44,clear
WTH_00012373,2026-05-31,13,7.0,0.0,14.1,8655.0,0.39,clear
WTH_00012374,2026-05-31,14,6.4,0.0,7.6,11826.0,0.41,clear
WTH_00012375,2026-05-31,15,10.1,0.0,26.8,6898.0,0.33,clear
WTH_00012376,2026-05-31,16,8.0,0.0,7.8,6765.0,0.65,cloudy
WTH_00012377,2026-05-31,17,6.8,0.0,14.9,8239.0,0.16,clear
WTH_00012378,2026-05-31,18,10.1,0.0,12.9,11965.0,0.25,clear
WTH_00012379,2026-05-31,19,12.1,0.0,19.5,11231.0,0.09,clear
WTH_00012380,2026-05-31,20,11.3,0.0,6.3,10159.0,0.48,clear
WTH_00012381,2026-05-31,21,10.4,0.0,5.2,9881.0,0.08,clear
WTH_00012382,2026-05-31,22,17.2,0.0,6.7,10052.0,0.45,clear
WTH_00012383,2026-05-31,23,15.4,0.0,9.1,8316.0,0.35,clear
WTH_00012384,2026-06-01,0,29.3,0.0,15.1,10043.0,0.23,clear
WTH_00012385,2026-06-01,1,32.5,0.0,13.7,11949.0,0.54,clear
WTH_00012386,2026-06-01,2,28.9,0.0,25.8,10172.0,0.18,clear
WTH_00012387,2026-06-01,3,30.4,0.0,1.8,6411.0,0.2,clear
WTH_00012388,2026-06-01,4,31.5,0.0,2.1,10279.0,0.51,clear
WTH_00012389,2026-06-01,5,31.4,0.0,19.0,6141.0,0.18,clear
WTH_00012390,2026-06-01,6,26.2,0.0,7.4,9405.0,0.34,clear
WTH_00012391,2026-06-01,7,32.7,0.0,17.3,9340.0,0.29,clear
WTH_00012392,2026-06-01,8,27.1,0.0,5.0,7687.0,0.52,clear
WTH_00012393,2026-06-01,9,25.2,1.96,24.6,3658.0,0.72,rain
WTH_00012394,2026-06-01,10,27.4,0.0,21.9,8989.0,0.25,clear
WTH_00012395,2026-06-01,11,21.9,0.0,27.9,7585.0,0.62,cloudy
WTH_00012396,2026-06-01,12,24.7,0.0,8.7,10194.0,0.16,clear
WTH_00012397,2026-06-01,13,28.1,0.0,11.9,10337.0,0.64,cloudy
WTH_00012398,2026-06-01,14,22.2,0.0,2.7,9625.0,0.24,clear
WTH_00012399,2026-06-01,15,20.6,0.0,10.2,7038.0,0.28,clear
WTH_00012400,2026-06-01,16,20.8,0.0,15.5,7552.0,0.16,clear
WTH_00012401,2026-06-01,17,24.2,0.0,12.1,9986.0,0.46,clear
WTH_00012402,2026-06-01,18,22.7,0.0,8.6,10597.0,0.75,cloudy
WTH_00012403,2026-06-01,19,20.9,0.0,13.6,9201.0,0.21,clear
WTH_00012404,2026-06-01,20,26.2,0.0,14.0,9063.0,0.22,clear
WTH_00012405,2026-06-01,21,28.8,0.0,11.4,11900.0,0.12,clear
WTH_00012406,2026-06-01,22,25.3,0.0,4.4,9840.0,0.25,clear
WTH_00012407,2026-06-01,23,26.2,0.0,6.3,9990.0,0.32,clear
WTH_00012408,2026-06-02,0,31.6,0.0,27.3,9192.0,0.24,clear
WTH_00012409,2026-06-02,1,33.0,0.0,13.8,8560.0,0.3,clear
WTH_00012410,2026-06-02,2,27.3,0.0,9.3,10461.0,0.27,clear
WTH_00012411,2026-06-02,3,30.8,0.0,1.6,10454.0,0.36,clear
WTH_00012412,2026-06-02,4,28.4,0.0,16.1,8403.0,0.19,clear
WTH_00012413,2026-06-02,5,29.3,0.0,19.6,6453.0,0.26,clear
WTH_00012414,2026-06-02,6,28.8,0.0,11.4,7184.0,0.39,clear
WTH_00012415,2026-06-02,7,28.0,0.0,2.7,10898.0,0.1,clear
WTH_00012416,2026-06-02,8,24.7,0.0,7.3,6064.0,0.52,clear
WTH_00012417,2026-06-02,9,26.3,0.0,5.1,7256.0,0.28,clear
WTH_00012418,2026-06-02,10,26.8,0.0,13.1,6966.0,0.62,cloudy
WTH_00012419,2026-06-02,11,24.4,0.0,5.2,8489.0,0.1,clear
WTH_00012420,2026-06-02,12,23.0,0.0,11.5,10680.0,0.86,cloudy
WTH_00012421,2026-06-02,13,21.3,0.0,12.9,7391.0,0.35,clear
WTH_00012422,2026-06-02,14,23.4,0.0,6.4,8818.0,0.51,clear
WTH_00012423,2026-06-02,15,23.0,0.0,6.4,8232.0,0.44,clear
WTH_00012424,2026-06-02,16,19.9,0.0,14.9,11352.0,0.44,clear
WTH_00012425,2026-06-02,17,24.3,4.36,8.1,2237.0,1.0,rain
WTH_00012426,2026-06-02,18,23.1,0.0,2.1,9242.0,0.32,clear
WTH_00012427,2026-06-02,19,20.0,0.0,5.5,9675.0,0.4,clear
WTH_00012428,2026-06-02,20,22.4,0.0,12.5,7420.0,0.37,clear
WTH_00012429,2026-06-02,21,26.3,0.0,21.7,7766.0,0.07,clear
WTH_00012430,2026-06-02,22,27.2,4.0,30.5,3545.0,0.63,rain
WTH_00012431,2026-06-02,23,28.3,0.0,19.5,9501.0,0.31,clear
WTH_00012432,2026-06-03,0,27.8,4.5,17.2,3835.0,0.79,rain
WTH_00012433,2026-06-03,1,28.6,4.91,20.0,2453.0,1.0,rain
WTH_00012434,2026-06-03,2,33.0,1.5,35.3,3274.0,0.6,rain
WTH_00012435,2026-06-03,3,27.4,9.52,48.4,809.0,0.87,storm
WTH_00012436,2026-06-03,4,29.2,3.93,18.7,1145.0,1.0,rain
WTH_00012437,2026-06-03,5,28.6,10.31,16.7,2450.0,0.8,storm
WTH_00012438,2026-06-03,6,30.9,3.39,41.6,3299.0,0.53,rain
WTH_00012439,2026-06-03,7,29.6,5.81,17.4,3321.0,0.9,rain
WTH_00012440,2026-06-03,8,27.5,3.36,24.1,1838.0,0.49,rain
WTH_00012441,2026-06-03,9,28.0,16.57,34.6,2442.0,0.92,storm
WTH_00012442,2026-06-03,10,26.5,1.74,21.6,3399.0,0.6,rain
WTH_00012443,2026-06-03,11,25.8,3.65,21.6,3090.0,0.89,rain
WTH_00012444,2026-06-03,12,22.4,9.24,24.9,3322.0,0.54,storm
WTH_00012445,2026-06-03,13,21.7,11.54,40.3,2669.0,0.55,storm
WTH_00012446,2026-06-03,14,23.2,5.06,27.3,3829.0,0.9,rain
WTH_00012447,2026-06-03,15,25.2,13.92,26.0,2549.0,0.87,storm
WTH_00012448,2026-06-03,16,22.3,7.07,20.6,2943.0,0.45,rain
WTH_00012449,2026-06-03,17,21.7,16.06,25.9,2346.0,0.73,storm
WTH_00012450,2026-06-03,18,21.9,10.32,32.6,2725.0,0.46,storm
WTH_00012451,2026-06-03,19,22.5,15.34,15.9,1060.0,0.6,storm
WTH_00012452,2026-06-03,20,26.5,4.57,26.2,1796.0,0.81,rain
WTH_00012453,2026-06-03,21,26.6,0.92,23.3,2168.0,0.99,rain
WTH_00012454,2026-06-03,22,26.0,6.79,26.6,1812.0,0.62,rain
WTH_00012455,2026-06-03,23,29.8,2.89,25.4,2858.0,0.7,rain
WTH_00012456,2026-06-04,0,24.8,0.0,5.3,10581.0,0.26,clear
WTH_00012457,2026-06-04,1,31.7,0.0,16.6,9667.0,0.69,cloudy
WTH_00012458,2026-06-04,2,26.8,7.79,12.1,3225.0,0.45,rain
WTH_00012459,2026-06-04,3,30.2,0.0,16.6,11630.0,0.8,cloudy
WTH_00012460,2026-06-04,4,30.6,0.0,3.7,9098.0,0.16,clear
WTH_00012461,2026-06-04,5,27.5,0.0,22.2,7015.0,0.27,clear
WTH_00012462,2026-06-04,6,31.3,0.0,10.4,10835.0,0.31,clear
WTH_00012463,2026-06-04,7,32.3,0.0,28.8,11885.0,0.12,clear
WTH_00012464,2026-06-04,8,28.9,0.0,7.4,9038.0,0.47,clear
WTH_00012465,2026-06-04,9,26.9,0.0,7.2,6465.0,0.12,clear
WTH_00012466,2026-06-04,10,24.5,0.0,14.7,6417.0,0.18,clear
WTH_00012467,2026-06-04,11,26.7,0.0,6.3,6093.0,0.65,cloudy
WTH_00012468,2026-06-04,12,21.9,0.0,5.5,6696.0,0.19,clear
WTH_00012469,2026-06-04,13,23.8,0.0,23.9,644.0,0.38,fog
WTH_00012470,2026-06-04,14,21.3,0.0,7.8,11263.0,0.3,clear
WTH_00012471,2026-06-04,15,24.3,0.0,12.5,9863.0,0.34,clear
WTH_00012472,2026-06-04,16,25.6,0.0,22.8,9711.0,0.17,clear
WTH_00012473,2026-06-04,17,21.4,0.0,9.5,10963.0,0.09,clear
WTH_00012474,2026-06-04,18,22.4,0.0,19.6,6095.0,0.33,clear
WTH_00012475,2026-06-04,19,24.7,0.0,5.3,8328.0,0.36,clear
WTH_00012476,2026-06-04,20,24.0,0.0,19.5,9668.0,0.08,clear
WTH_00012477,2026-06-04,21,23.1,0.0,11.3,11706.0,0.28,clear
WTH_00012478,2026-06-04,22,25.5,0.0,21.8,8084.0,0.67,cloudy
WTH_00012479,2026-06-04,23,25.2,0.0,11.4,9848.0,0.37,clear
WTH_00012480,2026-06-05,0,27.3,0.0,3.4,8628.0,0.26,clear
WTH_00012481,2026-06-05,1,28.6,0.0,10.6,9016.0,0.29,clear
WTH_00012482,2026-06-05,2,30.8,0.0,3.8,7462.0,0.18,clear
WTH_00012483,2026-06-05,3,29.1,0.0,30.5,11004.0,0.22,clear
WTH_00012484,2026-06-05,4,32.6,0.0,23.6,9879.0,0.47,clear
WTH_00012485,2026-06-05,5,29.5,0.0,18.7,10232.0,0.07,clear
WTH_00012486,2026-06-05,6,28.4,0.0,3.4,9966.0,0.12,clear
WTH_00012487,2026-06-05,7,28.2,0.0,6.9,11776.0,0.66,cloudy
WTH_00012488,2026-06-05,8,27.3,0.0,44.9,8562.0,0.2,clear
WTH_00012489,2026-06-05,9,26.7,0.0,7.4,11062.0,0.3,clear
WTH_00012490,2026-06-05,10,25.5,0.0,3.3,7534.0,0.11,clear
WTH_00012491,2026-06-05,11,25.4,0.0,16.8,11031.0,0.54,clear
WTH_00012492,2026-06-05,12,27.2,0.0,11.4,11244.0,0.41,clear
WTH_00012493,2026-06-05,13,24.1,0.0,9.6,10063.0,0.26,clear
WTH_00012494,2026-06-05,14,21.5,0.0,4.8,6905.0,0.1,clear
WTH_00012495,2026-06-05,15,22.9,0.0,4.8,9592.0,0.33,clear
WTH_00012496,2026-06-05,16,24.4,0.0,8.9,11471.0,0.17,clear
WTH_00012497,2026-06-05,17,18.9,0.0,16.7,8449.0,0.36,clear
WTH_00012498,2026-06-05,18,22.2,0.0,1.7,11620.0,0.38,clear
WTH_00012499,2026-06-05,19,22.7,0.0,0.6,11756.0,0.6,cloudy
WTH_00012500,2026-06-05,20,24.3,0.0,33.0,6048.0,0.46,clear
WTH_00012501,2026-06-05,21,25.4,0.0,19.8,9509.0,0.2,clear
WTH_00012502,2026-06-05,22,27.0,0.0,4.3,7376.0,0.06,clear
WTH_00012503,2026-06-05,23,27.4,0.0,10.8,8348.0,0.19,clear
WTH_00012504,2026-06-06,0,29.0,0.0,13.4,7320.0,0.27,clear
WTH_00012505,2026-06-06,1,31.5,0.0,27.3,10641.0,0.24,clear
WTH_00012506,2026-06-06,2,26.9,0.0,13.3,11372.0,0.4,clear
WTH_00012507,2026-06-06,3,30.7,0.0,10.5,9537.0,0.26,clear
WTH_00012508,2026-06-06,4,27.8,0.0,10.6,6623.0,0.24,clear
WTH_00012509,2026-06-06,5,28.0,0.0,16.3,6661.0,0.08,clear
WTH_00012510,2026-06-06,6,28.3,0.0,6.5,10912.0,0.17,clear
WTH_00012511,2026-06-06,7,25.8,0.0,7.8,6847.0,0.6,cloudy
WTH_00012512,2026-06-06,8,25.1,0.0,30.0,10893.0,0.13,clear
WTH_00012513,2026-06-06,9,26.5,0.0,44.7,7994.0,0.06,clear
WTH_00012514,2026-06-06,10,26.1,0.0,1.7,7093.0,0.1,clear
WTH_00012515,2026-06-06,11,22.8,0.0,9.8,9205.0,0.28,clear
WTH_00012516,2026-06-06,12,20.5,0.0,5.0,6543.0,0.09,clear
WTH_00012517,2026-06-06,13,21.9,0.0,6.8,8807.0,0.34,clear
WTH_00012518,2026-06-06,14,21.9,0.0,9.6,11627.0,0.5,clear
WTH_00012519,2026-06-06,15,18.2,0.0,2.7,9093.0,0.1,clear
WTH_00012520,2026-06-06,16,17.9,0.0,2.5,10082.0,0.29,clear
WTH_00012521,2026-06-06,17,18.6,0.0,14.8,6165.0,0.5,clear
WTH_00012522,2026-06-06,18,26.8,0.0,5.9,6395.0,0.33,clear
WTH_00012523,2026-06-06,19,21.0,0.0,11.6,11570.0,0.37,clear
WTH_00012524,2026-06-06,20,22.4,0.0,12.8,11247.0,0.23,clear
WTH_00012525,2026-06-06,21,24.0,0.0,8.6,8523.0,0.29,clear
WTH_00012526,2026-06-06,22,29.0,0.0,2.9,6831.0,0.62,cloudy
WTH_00012527,2026-06-06,23,26.9,0.0,20.9,7087.0,0.45,clear
WTH_00012528,2026-06-07,0,32.1,0.0,4.5,11423.0,0.28,clear
WTH_00012529,2026-06-07,1,31.4,0.0,28.9,7467.0,0.37,clear
WTH_00012530,2026-06-07,2,27.9,0.0,3.5,7943.0,0.29,clear
WTH_00012531,2026-06-07,3,30.5,0.0,29.0,8072.0,0.24,clear
WTH_00012532,2026-06-07,4,27.5,0.0,9.8,6533.0,0.25,clear
WTH_00012533,2026-06-07,5,28.8,0.0,8.6,7936.0,0.46,clear
WTH_00012534,2026-06-07,6,26.3,0.0,22.0,8792.0,0.79,cloudy
WTH_00012535,2026-06-07,7,30.9,0.0,7.9,9059.0,0.17,clear
WTH_00012536,2026-06-07,8,28.2,0.0,4.0,6898.0,0.59,clear
WTH_00012537,2026-06-07,9,23.1,0.0,14.4,7386.0,0.15,clear
WTH_00012538,2026-06-07,10,27.3,0.0,18.0,8850.0,0.17,clear
WTH_00012539,2026-06-07,11,22.5,0.0,14.0,7217.0,0.72,cloudy
WTH_00012540,2026-06-07,12,23.3,0.0,4.6,6903.0,0.28,clear
WTH_00012541,2026-06-07,13,22.3,0.0,7.5,6440.0,0.74,cloudy
WTH_00012542,2026-06-07,14,24.7,0.0,3.9,8978.0,0.12,clear
WTH_00012543,2026-06-07,15,23.4,0.0,13.4,6600.0,0.04,clear
WTH_00012544,2026-06-07,16,21.4,0.0,14.4,11897.0,0.5,clear
WTH_00012545,2026-06-07,17,21.0,0.0,7.8,7384.0,0.67,cloudy
WTH_00012546,2026-06-07,18,27.5,0.0,7.7,6063.0,0.37,clear
WTH_00012547,2026-06-07,19,21.8,0.0,15.3,10428.0,0.43,clear
WTH_00012548,2026-06-07,20,25.0,0.0,13.4,6741.0,0.42,clear
WTH_00012549,2026-06-07,21,25.5,2.72,3.0,3871.0,0.63,rain
WTH_00012550,2026-06-07,22,26.4,0.0,9.0,8292.0,0.19,clear
WTH_00012551,2026-06-07,23,24.8,0.0,17.4,11903.0,0.11,clear
WTH_00012552,2026-06-08,0,28.6,0.0,8.2,6623.0,0.48,clear
WTH_00012553,2026-06-08,1,27.9,0.0,5.5,6632.0,0.23,clear
WTH_00012554,2026-06-08,2,30.0,0.0,12.9,9993.0,0.33,clear
WTH_00012555,2026-06-08,3,30.7,0.0,5.7,8243.0,0.89,cloudy
WTH_00012556,2026-06-08,4,29.7,0.0,14.9,9180.0,0.35,clear
WTH_00012557,2026-06-08,5,25.3,0.0,5.8,8999.0,0.41,clear
WTH_00012558,2026-06-08,6,25.2,0.0,24.9,10556.0,0.47,clear
WTH_00012559,2026-06-08,7,29.2,0.0,6.6,9651.0,0.05,clear
WTH_00012560,2026-06-08,8,24.3,0.0,4.2,11689.0,0.05,clear
WTH_00012561,2026-06-08,9,22.8,0.0,6.6,6868.0,0.09,clear
WTH_00012562,2026-06-08,10,27.8,0.0,7.9,10289.0,0.19,clear
WTH_00012563,2026-06-08,11,23.5,0.0,10.8,10360.0,0.21,clear
WTH_00012564,2026-06-08,12,23.8,0.0,7.0,9155.0,0.35,clear
WTH_00012565,2026-06-08,13,19.8,0.0,28.5,7541.0,0.52,clear
WTH_00012566,2026-06-08,14,25.6,0.0,2.7,8496.0,0.8,cloudy
WTH_00012567,2026-06-08,15,20.6,0.0,12.6,6518.0,0.26,clear
WTH_00012568,2026-06-08,16,20.7,0.0,7.2,11163.0,0.18,clear
WTH_00012569,2026-06-08,17,24.9,0.0,6.4,11641.0,0.44,clear
WTH_00012570,2026-06-08,18,23.7,0.0,25.5,6204.0,0.05,clear
WTH_00012571,2026-06-08,19,22.6,0.0,9.7,8600.0,0.25,clear
WTH_00012572,2026-06-08,20,25.1,0.0,35.6,9900.0,0.26,clear
WTH_00012573,2026-06-08,21,26.8,0.0,14.7,6366.0,0.41,clear
WTH_00012574,2026-06-08,22,27.0,0.0,15.0,11398.0,0.09,clear
WTH_00012575,2026-06-08,23,28.9,0.0,13.4,9536.0,0.29,clear
WTH_00012576,2026-06-09,0,28.6,0.0,37.8,10324.0,0.14,clear
WTH_00012577,2026-06-09,1,29.7,0.0,10.7,9562.0,0.7,cloudy
WTH_00012578,2026-06-09,2,31.1,0.0,9.7,7112.0,0.25,clear
WTH_00012579,2026-06-09,3,28.5,0.0,17.0,154.0,0.6,fog
WTH_00012580,2026-06-09,4,28.6,0.0,10.6,6133.0,0.22,clear
WTH_00012581,2026-06-09,5,28.7,0.0,32.9,11119.0,0.17,clear
WTH_00012582,2026-06-09,6,28.5,0.0,5.8,7271.0,0.29,clear
WTH_00012583,2026-06-09,7,29.0,0.0,11.3,7992.0,0.1,clear
WTH_00012584,2026-06-09,8,27.1,0.0,8.1,8402.0,0.48,clear
WTH_00012585,2026-06-09,9,25.3,0.0,2.2,10524.0,0.65,cloudy
WTH_00012586,2026-06-09,10,21.4,3.23,0.7,980.0,0.5,rain
WTH_00012587,2026-06-09,11,22.4,0.0,15.5,7559.0,0.38,clear
WTH_00012588,2026-06-09,12,23.4,0.0,24.4,8846.0,0.17,clear
WTH_00012589,2026-06-09,13,26.2,0.0,31.5,7539.0,0.03,clear
WTH_00012590,2026-06-09,14,25.1,0.0,20.5,7835.0,0.29,clear
WTH_00012591,2026-06-09,15,22.6,0.0,20.2,10045.0,0.13,clear
WTH_00012592,2026-06-09,16,24.9,0.0,15.1,9240.0,0.44,clear
WTH_00012593,2026-06-09,17,20.2,0.0,23.5,9843.0,0.32,clear
WTH_00012594,2026-06-09,18,23.3,0.0,15.0,11580.0,0.27,clear
WTH_00012595,2026-06-09,19,23.8,0.0,22.6,8656.0,0.4,clear
WTH_00012596,2026-06-09,20,25.6,0.0,15.9,7564.0,0.2,clear
WTH_00012597,2026-06-09,21,25.0,0.0,1.7,8915.0,0.21,clear
WTH_00012598,2026-06-09,22,24.8,0.0,13.9,9897.0,0.42,clear
WTH_00012599,2026-06-09,23,27.3,0.0,19.1,6283.0,0.69,cloudy
WTH_00012600,2026-06-10,0,29.6,0.0,8.8,972.0,0.33,fog
WTH_00012601,2026-06-10,1,33.1,0.0,3.8,10621.0,0.6,clear
WTH_00012602,2026-06-10,2,30.1,0.0,11.1,6397.0,0.28,clear
WTH_00012603,2026-06-10,3,31.4,6.17,11.9,1186.0,0.93,rain
WTH_00012604,2026-06-10,4,30.9,0.0,15.1,6478.0,0.46,clear
WTH_00012605,2026-06-10,5,29.8,0.0,15.2,7989.0,0.13,clear
WTH_00012606,2026-06-10,6,26.1,0.0,9.2,7939.0,0.37,clear
WTH_00012607,2026-06-10,7,27.7,0.0,5.8,10894.0,0.01,clear
WTH_00012608,2026-06-10,8,26.6,0.0,22.0,8761.0,0.24,clear
WTH_00012609,2026-06-10,9,28.4,0.0,0.9,8034.0,0.09,clear
WTH_00012610,2026-06-10,10,24.6,0.0,17.5,9297.0,0.37,clear
WTH_00012611,2026-06-10,11,24.3,0.0,7.1,6844.0,0.73,cloudy
WTH_00012612,2026-06-10,12,26.2,0.0,9.5,8354.0,0.67,cloudy
WTH_00012613,2026-06-10,13,22.1,0.0,4.7,10138.0,0.45,clear
WTH_00012614,2026-06-10,14,22.1,0.0,15.9,10693.0,0.03,clear
WTH_00012615,2026-06-10,15,23.7,0.0,7.2,6627.0,0.27,clear
WTH_00012616,2026-06-10,16,20.6,0.0,1.8,7803.0,0.72,cloudy
WTH_00012617,2026-06-10,17,21.3,0.0,23.1,8785.0,0.27,clear
WTH_00012618,2026-06-10,18,24.7,0.0,7.0,8605.0,0.03,clear
WTH_00012619,2026-06-10,19,22.7,0.0,9.4,8893.0,0.23,clear
WTH_00012620,2026-06-10,20,21.4,0.0,5.6,11671.0,0.23,clear
WTH_00012621,2026-06-10,21,23.0,0.0,1.2,9042.0,0.23,clear
WTH_00012622,2026-06-10,22,32.4,0.0,2.3,7685.0,0.13,clear
WTH_00012623,2026-06-10,23,29.3,0.0,1.2,8735.0,0.36,clear
WTH_00012624,2026-06-11,0,29.2,0.0,2.9,11552.0,0.21,clear
WTH_00012625,2026-06-11,1,33.5,0.0,4.0,11760.0,0.24,clear
WTH_00012626,2026-06-11,2,32.8,0.0,1.4,7517.0,0.51,clear
WTH_00012627,2026-06-11,3,32.9,0.0,2.0,9687.0,0.2,clear
WTH_00012628,2026-06-11,4,25.2,0.0,10.8,7680.0,0.23,clear
WTH_00012629,2026-06-11,5,27.4,0.0,16.6,10680.0,0.28,clear
WTH_00012630,2026-06-11,6,28.3,0.0,17.7,8229.0,0.09,clear
WTH_00012631,2026-06-11,7,25.9,0.0,22.1,7981.0,0.35,clear
WTH_00012632,2026-06-11,8,30.0,0.0,1.8,9559.0,0.26,clear
WTH_00012633,2026-06-11,9,26.5,0.0,14.5,9243.0,0.28,clear
WTH_00012634,2026-06-11,10,23.0,0.0,2.3,9928.0,0.42,clear
WTH_00012635,2026-06-11,11,25.1,12.44,9.2,3185.0,0.73,rain
WTH_00012636,2026-06-11,12,23.6,0.0,10.5,8083.0,0.63,cloudy
WTH_00012637,2026-06-11,13,21.4,9.68,8.7,3534.0,0.56,rain
WTH_00012638,2026-06-11,14,20.8,0.0,13.2,6049.0,0.33,clear
WTH_00012639,2026-06-11,15,24.2,0.0,14.0,10711.0,0.32,clear
WTH_00012640,2026-06-11,16,24.2,0.0,16.3,6483.0,0.33,clear
WTH_00012641,2026-06-11,17,23.0,0.0,22.7,8321.0,0.36,clear
WTH_00012642,2026-06-11,18,22.7,0.0,14.3,7267.0,0.23,clear
WTH_00012643,2026-06-11,19,22.1,0.0,6.7,9603.0,0.6,cloudy
WTH_00012644,2026-06-11,20,24.5,0.0,12.3,11306.0,0.41,clear
WTH_00012645,2026-06-11,21,23.5,0.0,6.2,8663.0,0.41,clear
WTH_00012646,2026-06-11,22,26.5,0.0,19.4,6738.0,0.7,cloudy
WTH_00012647,2026-06-11,23,33.3,0.0,10.1,8341.0,0.03,clear
WTH_00012648,2026-06-12,0,28.3,0.0,4.1,8991.0,0.64,cloudy
WTH_00012649,2026-06-12,1,29.2,0.0,7.0,6786.0,0.41,clear
WTH_00012650,2026-06-12,2,28.6,0.0,4.4,9789.0,0.7,cloudy
WTH_00012651,2026-06-12,3,28.6,0.0,12.7,8793.0,0.48,clear
WTH_00012652,2026-06-12,4,28.0,0.0,23.2,6085.0,0.15,clear
WTH_00012653,2026-06-12,5,30.5,0.0,21.5,8307.0,0.16,clear
WTH_00012654,2026-06-12,6,27.3,0.0,2.2,9615.0,0.37,clear
WTH_00012655,2026-06-12,7,27.9,0.0,2.6,10696.0,0.21,clear
WTH_00012656,2026-06-12,8,27.8,0.0,16.6,7520.0,0.26,clear
WTH_00012657,2026-06-12,9,24.5,0.0,7.4,8416.0,0.12,clear
WTH_00012658,2026-06-12,10,19.8,4.23,17.1,2455.0,0.78,rain
WTH_00012659,2026-06-12,11,23.5,0.0,2.0,8711.0,0.42,clear
WTH_00012660,2026-06-12,12,24.7,0.0,6.7,6804.0,0.17,clear
WTH_00012661,2026-06-12,13,25.8,0.0,1.8,7994.0,0.67,cloudy
WTH_00012662,2026-06-12,14,19.2,0.0,2.2,6207.0,0.16,clear
WTH_00012663,2026-06-12,15,19.3,0.0,25.1,8535.0,0.4,clear
WTH_00012664,2026-06-12,16,18.1,0.0,3.2,6075.0,0.49,clear
WTH_00012665,2026-06-12,17,24.1,0.0,15.1,10327.0,0.21,clear
WTH_00012666,2026-06-12,18,23.4,0.0,10.2,6609.0,0.1,clear
WTH_00012667,2026-06-12,19,19.1,0.0,17.5,11519.0,0.25,clear
WTH_00012668,2026-06-12,20,25.3,0.0,9.0,10811.0,0.37,clear
WTH_00012669,2026-06-12,21,23.6,0.0,3.1,10560.0,0.26,clear
WTH_00012670,2026-06-12,22,23.5,0.0,8.9,6971.0,0.33,clear
WTH_00012671,2026-06-12,23,29.1,0.0,34.5,10830.0,0.15,clear
WTH_00012672,2026-06-13,0,27.8,7.12,5.2,2075.0,0.92,rain
WTH_00012673,2026-06-13,1,28.5,0.0,4.4,11585.0,0.49,clear
WTH_00012674,2026-06-13,2,29.0,0.0,10.3,9115.0,0.14,clear
WTH_00012675,2026-06-13,3,31.9,0.0,21.1,11135.0,0.32,clear
WTH_00012676,2026-06-13,4,29.3,0.0,5.9,6804.0,0.2,clear
WTH_00012677,2026-06-13,5,28.5,0.0,22.0,9790.0,0.18,clear
WTH_00012678,2026-06-13,6,29.5,0.0,1.1,8845.0,0.63,cloudy
WTH_00012679,2026-06-13,7,29.4,0.0,20.5,9381.0,0.24,clear
WTH_00012680,2026-06-13,8,24.7,0.0,3.6,10162.0,0.11,clear
WTH_00012681,2026-06-13,9,22.7,0.0,12.6,6457.0,0.12,clear
WTH_00012682,2026-06-13,10,24.7,0.0,16.7,7444.0,0.32,clear
WTH_00012683,2026-06-13,11,20.4,0.0,26.2,10598.0,0.14,clear
WTH_00012684,2026-06-13,12,21.2,0.0,27.4,6901.0,0.07,clear
WTH_00012685,2026-06-13,13,26.1,0.0,7.6,11706.0,0.18,clear
WTH_00012686,2026-06-13,14,26.3,0.0,4.5,7419.0,0.65,cloudy
WTH_00012687,2026-06-13,15,21.8,0.0,18.0,11996.0,0.17,clear
WTH_00012688,2026-06-13,16,23.1,0.0,15.2,8148.0,0.38,clear
WTH_00012689,2026-06-13,17,19.5,6.99,9.4,2157.0,0.92,rain
WTH_00012690,2026-06-13,18,25.4,0.0,12.9,7375.0,0.79,cloudy
WTH_00012691,2026-06-13,19,22.1,0.0,23.1,11116.0,0.29,clear
WTH_00012692,2026-06-13,20,22.5,0.0,8.6,10731.0,0.37,clear
WTH_00012693,2026-06-13,21,27.4,0.0,16.9,6382.0,0.41,clear
WTH_00012694,2026-06-13,22,28.7,0.0,10.6,8593.0,0.24,clear
WTH_00012695,2026-06-13,23,27.6,0.0,12.6,7438.0,0.59,clear
WTH_00012696,2026-06-14,0,30.3,0.0,6.0,10617.0,0.55,clear
WTH_00012697,2026-06-14,1,29.0,0.0,8.9,6443.0,0.28,clear
WTH_00012698,2026-06-14,2,27.2,0.0,6.7,6672.0,0.79,cloudy
WTH_00012699,2026-06-14,3,31.7,0.0,13.4,8305.0,0.52,clear
WTH_00012700,2026-06-14,4,31.8,0.0,11.7,11563.0,0.12,clear
WTH_00012701,2026-06-14,5,28.6,0.0,7.9,9801.0,0.41,clear
WTH_00012702,2026-06-14,6,28.2,0.0,6.8,11362.0,0.36,clear
WTH_00012703,2026-06-14,7,29.6,0.0,6.2,6096.0,0.25,clear
WTH_00012704,2026-06-14,8,26.3,0.0,6.2,9434.0,0.28,clear
WTH_00012705,2026-06-14,9,25.2,0.0,26.7,6586.0,0.16,clear
WTH_00012706,2026-06-14,10,28.5,0.0,8.1,6252.0,0.32,clear
WTH_00012707,2026-06-14,11,22.8,0.0,16.8,6618.0,0.47,clear
WTH_00012708,2026-06-14,12,24.7,0.0,2.8,11859.0,0.23,clear
WTH_00012709,2026-06-14,13,21.8,0.0,4.1,11587.0,0.18,clear
WTH_00012710,2026-06-14,14,20.4,0.0,6.6,10179.0,0.32,clear
WTH_00012711,2026-06-14,15,23.9,0.0,18.7,10062.0,0.07,clear
WTH_00012712,2026-06-14,16,20.8,0.0,19.2,11841.0,0.16,clear
WTH_00012713,2026-06-14,17,26.0,0.0,23.1,6030.0,0.32,clear
WTH_00012714,2026-06-14,18,22.7,0.0,10.5,7715.0,0.2,clear
WTH_00012715,2026-06-14,19,22.6,0.0,18.5,7217.0,0.63,cloudy
WTH_00012716,2026-06-14,20,25.0,0.0,12.7,11532.0,0.06,clear
WTH_00012717,2026-06-14,21,25.9,0.0,9.0,6009.0,0.06,clear
WTH_00012718,2026-06-14,22,29.5,0.0,17.3,8072.0,0.31,clear
WTH_00012719,2026-06-14,23,26.3,0.0,12.9,6873.0,0.72,cloudy
WTH_00012720,2026-06-15,0,32.3,0.0,23.3,1129.0,0.18,fog
WTH_00012721,2026-06-15,1,27.8,0.0,4.4,11845.0,0.09,clear
WTH_00012722,2026-06-15,2,29.9,0.0,16.2,9855.0,0.45,clear
WTH_00012723,2026-06-15,3,25.9,0.0,12.5,7726.0,0.23,clear
WTH_00012724,2026-06-15,4,28.2,0.0,18.4,316.0,0.2,fog
WTH_00012725,2026-06-15,5,31.3,0.0,21.4,10772.0,0.08,clear
WTH_00012726,2026-06-15,6,29.0,0.0,3.3,8106.0,0.49,clear
WTH_00012727,2026-06-15,7,28.2,0.0,12.2,11592.0,0.21,clear
WTH_00012728,2026-06-15,8,28.2,0.0,4.8,11211.0,0.28,clear
WTH_00012729,2026-06-15,9,29.3,9.61,10.8,3287.0,0.78,rain
WTH_00012730,2026-06-15,10,23.4,0.0,7.7,8775.0,0.55,clear
WTH_00012731,2026-06-15,11,23.2,0.0,5.4,11000.0,0.16,clear
WTH_00012732,2026-06-15,12,19.4,0.0,4.1,7766.0,0.65,cloudy
WTH_00012733,2026-06-15,13,22.6,0.0,13.3,6102.0,0.19,clear
WTH_00012734,2026-06-15,14,23.5,0.0,10.1,8153.0,0.33,clear
WTH_00012735,2026-06-15,15,24.3,0.0,11.5,11172.0,0.18,clear
WTH_00012736,2026-06-15,16,23.7,0.0,31.4,6539.0,0.28,clear
WTH_00012737,2026-06-15,17,22.6,0.0,3.9,8404.0,0.19,clear
WTH_00012738,2026-06-15,18,21.9,0.0,20.2,8088.0,0.37,clear
WTH_00012739,2026-06-15,19,22.4,0.0,6.7,7136.0,0.11,clear
WTH_00012740,2026-06-15,20,22.7,0.0,28.4,8205.0,0.18,clear
WTH_00012741,2026-06-15,21,27.6,0.0,10.3,7198.0,0.25,clear
WTH_00012742,2026-06-15,22,26.4,0.0,5.1,8598.0,0.17,clear
WTH_00012743,2026-06-15,23,26.8,0.0,9.4,11722.0,0.55,clear
WTH_00012744,2026-06-16,0,28.2,0.0,3.4,9583.0,0.46,clear
WTH_00012745,2026-06-16,1,25.4,10.52,31.7,812.0,0.81,rain
WTH_00012746,2026-06-16,2,30.2,7.07,2.2,1396.0,0.53,rain
WTH_00012747,2026-06-16,3,29.6,0.0,7.4,6298.0,0.34,clear
WTH_00012748,2026-06-16,4,32.0,0.0,10.3,11351.0,0.19,clear
WTH_00012749,2026-06-16,5,29.6,0.0,9.9,11471.0,0.27,clear
WTH_00012750,2026-06-16,6,31.5,0.0,13.4,7046.0,0.13,clear
WTH_00012751,2026-06-16,7,32.0,0.0,19.0,7606.0,0.28,clear
WTH_00012752,2026-06-16,8,28.1,0.0,18.1,8431.0,0.58,clear
WTH_00012753,2026-06-16,9,26.7,0.0,7.2,8981.0,0.11,clear
WTH_00012754,2026-06-16,10,23.4,0.0,15.1,9242.0,0.34,clear
WTH_00012755,2026-06-16,11,26.8,0.0,10.9,7346.0,0.55,clear
WTH_00012756,2026-06-16,12,21.8,0.0,12.6,10325.0,0.7,cloudy
WTH_00012757,2026-06-16,13,23.6,0.0,12.7,8037.0,0.33,clear
WTH_00012758,2026-06-16,14,21.9,0.0,1.4,8349.0,0.35,clear
WTH_00012759,2026-06-16,15,23.3,0.0,7.3,10847.0,0.7,cloudy
WTH_00012760,2026-06-16,16,22.6,6.31,4.3,2069.0,1.0,rain
WTH_00012761,2026-06-16,17,23.6,0.0,10.0,7326.0,0.42,clear
WTH_00012762,2026-06-16,18,25.5,0.0,6.0,8876.0,0.47,clear
WTH_00012763,2026-06-16,19,23.1,12.97,18.6,3383.0,0.65,rain
WTH_00012764,2026-06-16,20,22.3,0.0,4.1,8373.0,0.12,clear
WTH_00012765,2026-06-16,21,27.1,0.0,16.6,10477.0,0.51,clear
WTH_00012766,2026-06-16,22,24.3,0.0,18.8,6818.0,0.35,clear
WTH_00012767,2026-06-16,23,29.6,0.0,4.8,10879.0,0.41,clear
WTH_00012768,2026-06-17,0,31.2,0.0,14.4,11659.0,0.18,clear
WTH_00012769,2026-06-17,1,33.4,0.0,4.7,9378.0,0.63,cloudy
WTH_00012770,2026-06-17,2,30.3,0.0,5.2,10926.0,0.44,clear
WTH_00012771,2026-06-17,3,31.5,0.0,12.1,10708.0,0.34,clear
WTH_00012772,2026-06-17,4,30.1,0.0,3.1,10465.0,0.42,clear
WTH_00012773,2026-06-17,5,34.3,0.0,17.9,11472.0,0.36,clear
WTH_00012774,2026-06-17,6,29.7,0.0,9.0,8600.0,0.17,clear
WTH_00012775,2026-06-17,7,26.2,0.0,18.8,11948.0,0.34,clear
WTH_00012776,2026-06-17,8,26.6,0.0,7.0,11356.0,0.43,clear
WTH_00012777,2026-06-17,9,24.6,0.0,6.4,11076.0,0.16,clear
WTH_00012778,2026-06-17,10,22.0,0.0,13.0,10384.0,0.22,clear
WTH_00012779,2026-06-17,11,27.8,0.0,7.6,9181.0,0.15,clear
WTH_00012780,2026-06-17,12,24.3,0.0,9.3,6298.0,0.31,clear
WTH_00012781,2026-06-17,13,20.6,0.0,2.6,7992.0,0.2,clear
WTH_00012782,2026-06-17,14,20.2,0.0,1.8,9316.0,0.47,clear
WTH_00012783,2026-06-17,15,20.2,0.0,14.1,7246.0,0.5,clear
WTH_00012784,2026-06-17,16,22.9,0.0,16.8,6302.0,0.19,clear
WTH_00012785,2026-06-17,17,21.7,0.0,9.4,10249.0,0.43,clear
WTH_00012786,2026-06-17,18,24.0,0.0,15.4,11310.0,0.07,clear
WTH_00012787,2026-06-17,19,22.6,0.0,8.0,8448.0,0.39,clear
WTH_00012788,2026-06-17,20,22.2,0.0,5.1,10842.0,0.29,clear
WTH_00012789,2026-06-17,21,26.9,0.0,22.1,7778.0,0.25,clear
WTH_00012790,2026-06-17,22,26.0,0.0,9.4,11797.0,0.21,clear
WTH_00012791,2026-06-17,23,27.6,0.0,9.0,10091.0,0.31,clear
WTH_00012792,2026-06-18,0,29.0,0.0,30.1,7823.0,0.25,clear
WTH_00012793,2026-06-18,1,30.8,0.0,3.0,8135.0,0.01,clear
WTH_00012794,2026-06-18,2,28.7,0.0,19.8,7180.0,0.33,clear
WTH_00012795,2026-06-18,3,27.4,0.0,6.8,10820.0,0.07,clear
WTH_00012796,2026-06-18,4,31.5,0.0,0.6,9808.0,0.26,clear
WTH_00012797,2026-06-18,5,31.9,0.0,10.0,10967.0,0.14,clear
WTH_00012798,2026-06-18,6,30.6,0.0,19.2,8248.0,0.5,clear
WTH_00012799,2026-06-18,7,26.2,0.0,3.2,8826.0,0.34,clear
WTH_00012800,2026-06-18,8,26.1,0.0,1.9,8323.0,0.33,clear
WTH_00012801,2026-06-18,9,25.1,0.0,10.1,10841.0,0.53,clear
WTH_00012802,2026-06-18,10,21.1,0.0,7.5,6038.0,0.65,cloudy
WTH_00012803,2026-06-18,11,29.0,0.0,15.3,7609.0,0.45,clear
WTH_00012804,2026-06-18,12,29.5,0.0,19.3,7655.0,0.32,clear
WTH_00012805,2026-06-18,13,21.4,0.0,10.5,7082.0,0.0,clear
WTH_00012806,2026-06-18,14,22.2,0.0,23.5,9813.0,0.47,clear
WTH_00012807,2026-06-18,15,21.4,0.0,7.9,9572.0,0.47,clear
WTH_00012808,2026-06-18,16,23.5,0.0,37.1,10434.0,0.61,cloudy
WTH_00012809,2026-06-18,17,22.7,0.0,12.3,11327.0,0.51,clear
WTH_00012810,2026-06-18,18,22.5,0.0,16.1,10826.0,0.3,clear
WTH_00012811,2026-06-18,19,23.9,0.0,5.0,207.0,0.21,fog
WTH_00012812,2026-06-18,20,23.2,0.0,26.3,9052.0,0.19,clear
WTH_00012813,2026-06-18,21,25.8,0.0,16.2,8684.0,0.46,clear
WTH_00012814,2026-06-18,22,29.1,0.0,4.0,11359.0,0.33,clear
WTH_00012815,2026-06-18,23,28.0,0.0,30.8,9492.0,0.31,clear
WTH_00012816,2026-06-19,0,35.6,0.0,5.9,11939.0,0.41,clear
WTH_00012817,2026-06-19,1,29.3,0.0,5.2,11531.0,0.63,cloudy
WTH_00012818,2026-06-19,2,28.0,0.0,0.6,6530.0,0.22,clear
WTH_00012819,2026-06-19,3,29.0,0.0,5.5,10455.0,0.26,clear
WTH_00012820,2026-06-19,4,27.6,0.0,2.7,11962.0,0.41,clear
WTH_00012821,2026-06-19,5,32.8,0.0,8.1,11569.0,0.07,clear
WTH_00012822,2026-06-19,6,31.6,0.0,11.9,6710.0,0.36,clear
WTH_00012823,2026-06-19,7,25.8,0.0,12.2,6451.0,0.44,clear
WTH_00012824,2026-06-19,8,28.5,0.0,26.0,6133.0,0.48,clear
WTH_00012825,2026-06-19,9,26.6,0.0,5.9,418.0,0.4,fog
WTH_00012826,2026-06-19,10,21.8,0.0,4.6,10363.0,0.42,clear
WTH_00012827,2026-06-19,11,23.4,0.0,5.9,11743.0,0.31,clear
WTH_00012828,2026-06-19,12,22.7,8.11,21.8,2462.0,0.87,rain
WTH_00012829,2026-06-19,13,25.4,0.0,16.4,6642.0,0.5,clear
WTH_00012830,2026-06-19,14,27.7,0.0,37.1,11111.0,0.46,clear
WTH_00012831,2026-06-19,15,21.8,0.0,9.9,8630.0,0.38,clear
WTH_00012832,2026-06-19,16,25.4,0.0,18.6,969.0,0.14,fog
WTH_00012833,2026-06-19,17,26.4,4.23,12.2,1102.0,0.92,rain
WTH_00012834,2026-06-19,18,23.6,0.0,1.5,10955.0,0.17,clear
WTH_00012835,2026-06-19,19,24.8,0.0,3.5,6267.0,0.12,clear
WTH_00012836,2026-06-19,20,24.2,0.0,20.0,10341.0,0.47,clear
WTH_00012837,2026-06-19,21,25.4,0.0,3.4,6726.0,0.33,clear
WTH_00012838,2026-06-19,22,24.5,0.0,21.6,7828.0,0.47,clear
WTH_00012839,2026-06-19,23,30.1,0.0,7.0,1039.0,0.21,fog
WTH_00012840,2026-06-20,0,23.8,0.0,7.8,10109.0,0.2,clear
WTH_00012841,2026-06-20,1,33.0,0.0,8.5,6000.0,0.49,clear
WTH_00012842,2026-06-20,2,30.3,0.0,8.0,6341.0,0.03,clear
WTH_00012843,2026-06-20,3,29.1,0.0,11.4,11562.0,0.37,clear
WTH_00012844,2026-06-20,4,30.9,0.0,15.5,10622.0,0.3,clear
WTH_00012845,2026-06-20,5,28.2,0.0,10.7,7982.0,0.17,clear
WTH_00012846,2026-06-20,6,29.7,0.0,9.8,9427.0,0.11,clear
WTH_00012847,2026-06-20,7,31.7,0.0,3.1,10232.0,0.44,clear
WTH_00012848,2026-06-20,8,28.7,0.0,2.1,9719.0,0.38,clear
WTH_00012849,2026-06-20,9,25.4,0.0,4.7,7481.0,0.22,clear
WTH_00012850,2026-06-20,10,22.8,0.0,11.0,6089.0,0.16,clear
WTH_00012851,2026-06-20,11,20.8,0.0,6.5,8825.0,0.34,clear
WTH_00012852,2026-06-20,12,26.2,0.0,14.6,7701.0,0.3,clear
WTH_00012853,2026-06-20,13,22.5,0.0,6.1,9852.0,0.15,clear
WTH_00012854,2026-06-20,14,21.6,4.21,8.2,2085.0,0.72,rain
WTH_00012855,2026-06-20,15,19.6,0.0,3.0,11639.0,0.29,clear
WTH_00012856,2026-06-20,16,23.7,0.0,17.4,9374.0,0.41,clear
WTH_00012857,2026-06-20,17,22.2,5.91,21.9,2495.0,0.79,rain
WTH_00012858,2026-06-20,18,24.8,0.0,14.6,9358.0,0.17,clear
WTH_00012859,2026-06-20,19,25.4,0.0,30.2,11239.0,0.3,clear
WTH_00012860,2026-06-20,20,28.7,0.0,6.2,6562.0,0.39,clear
WTH_00012861,2026-06-20,21,23.2,0.0,9.2,7195.0,0.2,clear
WTH_00012862,2026-06-20,22,28.5,0.0,14.4,10506.0,0.59,clear
WTH_00012863,2026-06-20,23,27.0,0.0,6.1,6966.0,0.19,clear
WTH_00012864,2026-06-21,0,30.5,0.0,2.3,11585.0,0.53,clear
WTH_00012865,2026-06-21,1,32.3,0.0,20.3,11408.0,0.28,clear
WTH_00012866,2026-06-21,2,26.4,4.18,9.9,3921.0,0.74,rain
WTH_00012867,2026-06-21,3,25.3,0.0,10.1,726.0,0.57,fog
WTH_00012868,2026-06-21,4,29.7,0.0,14.2,10545.0,0.48,clear
WTH_00012869,2026-06-21,5,30.6,0.0,11.3,11476.0,0.36,clear
WTH_00012870,2026-06-21,6,26.4,0.0,16.9,7982.0,0.3,clear
WTH_00012871,2026-06-21,7,26.1,0.0,12.3,11093.0,0.62,cloudy
WTH_00012872,2026-06-21,8,26.4,0.0,3.4,9323.0,0.14,clear
WTH_00012873,2026-06-21,9,22.3,0.0,4.0,7252.0,0.64,cloudy
WTH_00012874,2026-06-21,10,24.1,0.0,12.2,11201.0,0.36,clear
WTH_00012875,2026-06-21,11,22.2,0.0,2.8,9848.0,0.41,clear
WTH_00012876,2026-06-21,12,23.3,0.0,23.6,7178.0,0.37,clear
WTH_00012877,2026-06-21,13,25.2,0.0,12.2,11159.0,0.47,clear
WTH_00012878,2026-06-21,14,24.1,0.0,13.7,6697.0,0.02,clear
WTH_00012879,2026-06-21,15,17.2,0.0,3.9,8168.0,0.21,clear
WTH_00012880,2026-06-21,16,21.5,0.0,7.4,9385.0,0.48,clear
WTH_00012881,2026-06-21,17,21.3,0.0,15.2,11006.0,0.67,cloudy
WTH_00012882,2026-06-21,18,24.9,0.0,14.3,10490.0,0.44,clear
WTH_00012883,2026-06-21,19,29.9,0.0,11.3,7938.0,0.04,clear
WTH_00012884,2026-06-21,20,30.1,21.25,6.1,2825.0,0.53,rain
WTH_00012885,2026-06-21,21,21.8,0.0,6.5,10423.0,0.69,cloudy
WTH_00012886,2026-06-21,22,25.1,0.0,11.0,331.0,0.48,fog
WTH_00012887,2026-06-21,23,28.7,0.0,16.9,7573.0,0.21,clear
WTH_00012888,2026-06-22,0,30.7,0.0,9.0,11948.0,0.52,clear
WTH_00012889,2026-06-22,1,28.8,0.0,43.4,6938.0,0.14,clear
WTH_00012890,2026-06-22,2,31.8,0.0,28.5,10309.0,0.2,clear
WTH_00012891,2026-06-22,3,25.1,0.0,11.9,8261.0,0.14,clear
WTH_00012892,2026-06-22,4,30.7,0.0,27.3,10963.0,0.27,clear
WTH_00012893,2026-06-22,5,26.8,0.0,3.8,6102.0,0.81,cloudy
WTH_00012894,2026-06-22,6,27.6,0.0,17.6,11450.0,0.77,cloudy
WTH_00012895,2026-06-22,7,28.3,0.0,22.2,11582.0,0.2,clear
WTH_00012896,2026-06-22,8,26.5,0.0,10.7,9706.0,0.34,clear
WTH_00012897,2026-06-22,9,25.1,0.0,10.4,7895.0,0.47,clear
WTH_00012898,2026-06-22,10,26.4,0.0,6.0,9118.0,0.34,clear
WTH_00012899,2026-06-22,11,23.3,7.8,6.5,2909.0,0.53,rain
WTH_00012900,2026-06-22,12,23.4,0.0,2.6,7007.0,0.42,clear
WTH_00012901,2026-06-22,13,23.4,0.0,23.2,6352.0,0.17,clear
WTH_00012902,2026-06-22,14,23.2,0.0,3.6,6528.0,0.7,cloudy
WTH_00012903,2026-06-22,15,21.4,0.0,10.4,8379.0,0.35,clear
WTH_00012904,2026-06-22,16,22.7,0.0,6.7,11473.0,0.15,clear
WTH_00012905,2026-06-22,17,25.0,0.0,4.1,11956.0,0.2,clear
WTH_00012906,2026-06-22,18,24.1,0.0,9.0,11407.0,0.16,clear
WTH_00012907,2026-06-22,19,25.3,0.0,12.9,1133.0,0.47,fog
WTH_00012908,2026-06-22,20,24.2,0.0,14.7,9916.0,0.34,clear
WTH_00012909,2026-06-22,21,25.8,0.0,25.2,7941.0,0.37,clear
WTH_00012910,2026-06-22,22,28.5,0.0,11.3,7171.0,0.33,clear
WTH_00012911,2026-06-22,23,27.5,0.0,6.0,7171.0,0.51,clear
WTH_00012912,2026-06-23,0,25.4,0.0,18.0,8396.0,0.18,clear
WTH_00012913,2026-06-23,1,29.4,0.0,0.8,8276.0,0.07,clear
WTH_00012914,2026-06-23,2,27.8,0.0,4.3,11181.0,0.89,cloudy
WTH_00012915,2026-06-23,3,29.4,0.0,14.5,7192.0,0.25,clear
WTH_00012916,2026-06-23,4,29.6,0.0,3.8,8994.0,0.38,clear
WTH_00012917,2026-06-23,5,29.2,0.0,7.5,8644.0,0.19,clear
WTH_00012918,2026-06-23,6,28.1,0.0,21.2,9407.0,0.6,cloudy
WTH_00012919,2026-06-23,7,30.9,0.0,14.7,7478.0,0.29,clear
WTH_00012920,2026-06-23,8,26.9,0.0,5.9,11643.0,0.7,cloudy
WTH_00012921,2026-06-23,9,23.7,0.0,19.4,10865.0,0.42,clear
WTH_00012922,2026-06-23,10,24.6,0.0,4.0,11623.0,0.11,clear
WTH_00012923,2026-06-23,11,26.0,0.0,11.4,6534.0,0.18,clear
WTH_00012924,2026-06-23,12,20.6,0.0,24.9,8860.0,0.19,clear
WTH_00012925,2026-06-23,13,22.8,0.0,7.4,9721.0,0.23,clear
WTH_00012926,2026-06-23,14,25.2,0.0,2.5,8743.0,0.62,cloudy
WTH_00012927,2026-06-23,15,25.5,0.0,4.6,11196.0,0.44,clear
WTH_00012928,2026-06-23,16,21.3,0.0,10.4,6953.0,0.43,clear
WTH_00012929,2026-06-23,17,25.9,0.0,19.6,11246.0,0.19,clear
WTH_00012930,2026-06-23,18,24.2,0.0,6.1,8965.0,0.4,clear
WTH_00012931,2026-06-23,19,24.9,0.0,16.6,7430.0,0.54,clear
WTH_00012932,2026-06-23,20,27.8,0.0,5.8,7933.0,0.3,clear
WTH_00012933,2026-06-23,21,23.5,0.0,2.1,8344.0,0.01,clear
WTH_00012934,2026-06-23,22,23.2,0.0,11.1,8470.0,0.24,clear
WTH_00012935,2026-06-23,23,28.5,0.0,9.9,8313.0,0.3,clear
WTH_00012936,2026-06-24,0,27.5,0.0,6.2,11984.0,0.56,clear
WTH_00012937,2026-06-24,1,28.8,0.0,17.6,11190.0,0.16,clear
WTH_00012938,2026-06-24,2,28.0,0.0,0.7,9845.0,0.51,clear
WTH_00012939,2026-06-24,3,28.8,0.0,25.0,9066.0,0.25,clear
WTH_00012940,2026-06-24,4,29.4,0.0,12.1,7569.0,0.19,clear
WTH_00012941,2026-06-24,5,30.7,0.0,25.1,6927.0,0.18,clear
WTH_00012942,2026-06-24,6,29.3,0.0,23.9,9048.0,0.7,cloudy
WTH_00012943,2026-06-24,7,29.6,0.0,13.2,8423.0,0.37,clear
WTH_00012944,2026-06-24,8,28.0,0.0,9.1,8134.0,0.14,clear
WTH_00012945,2026-06-24,9,28.1,0.0,1.1,11136.0,0.33,clear
WTH_00012946,2026-06-24,10,26.0,0.0,27.4,8679.0,0.67,cloudy
WTH_00012947,2026-06-24,11,23.2,0.0,9.3,8472.0,0.25,clear
WTH_00012948,2026-06-24,12,23.8,0.0,5.8,11357.0,0.54,clear
WTH_00012949,2026-06-24,13,22.5,0.0,8.0,10152.0,0.22,clear
WTH_00012950,2026-06-24,14,24.3,0.0,0.4,8859.0,0.08,clear
WTH_00012951,2026-06-24,15,17.7,0.0,10.8,10946.0,0.32,clear
WTH_00012952,2026-06-24,16,21.8,0.0,13.1,8634.0,0.31,clear
WTH_00012953,2026-06-24,17,17.7,0.0,5.3,6784.0,0.41,clear
WTH_00012954,2026-06-24,18,21.4,0.0,23.8,560.0,0.58,fog
WTH_00012955,2026-06-24,19,26.1,0.0,16.5,7752.0,0.38,clear
WTH_00012956,2026-06-24,20,24.6,0.0,16.9,7923.0,0.41,clear
WTH_00012957,2026-06-24,21,22.7,0.0,10.4,6817.0,0.28,clear
WTH_00012958,2026-06-24,22,28.0,0.0,31.2,11331.0,0.3,clear
WTH_00012959,2026-06-24,23,28.3,0.0,14.4,10063.0,0.36,clear
WTH_00012960,2026-06-25,0,27.3,0.0,29.9,11138.0,0.45,clear
WTH_00012961,2026-06-25,1,28.1,0.0,4.7,9983.0,0.1,clear
WTH_00012962,2026-06-25,2,28.2,0.0,27.2,10395.0,0.34,clear
WTH_00012963,2026-06-25,3,32.1,0.0,4.6,10537.0,0.4,clear
WTH_00012964,2026-06-25,4,31.1,0.0,9.6,9157.0,0.12,clear
WTH_00012965,2026-06-25,5,32.5,0.0,12.9,9572.0,0.58,clear
WTH_00012966,2026-06-25,6,28.4,0.0,4.8,7441.0,0.2,clear
WTH_00012967,2026-06-25,7,28.8,0.0,15.8,7798.0,0.58,clear
WTH_00012968,2026-06-25,8,28.8,0.0,23.6,11836.0,0.1,clear
WTH_00012969,2026-06-25,9,23.6,0.0,8.4,6747.0,0.42,clear
WTH_00012970,2026-06-25,10,27.1,0.0,8.6,11381.0,0.32,clear
WTH_00012971,2026-06-25,11,24.4,0.0,4.8,7667.0,0.1,clear
WTH_00012972,2026-06-25,12,23.9,0.0,11.0,6863.0,0.5,clear
WTH_00012973,2026-06-25,13,22.5,0.0,6.1,9493.0,0.28,clear
WTH_00012974,2026-06-25,14,20.1,0.0,20.0,11052.0,0.38,clear
WTH_00012975,2026-06-25,15,23.2,0.0,10.1,11675.0,0.4,clear
WTH_00012976,2026-06-25,16,22.8,0.0,17.2,303.0,0.33,fog
WTH_00012977,2026-06-25,17,24.1,0.0,27.2,9175.0,0.59,clear
WTH_00012978,2026-06-25,18,23.8,0.0,20.2,8482.0,0.25,clear
WTH_00012979,2026-06-25,19,25.2,0.0,9.3,10486.0,0.29,clear
WTH_00012980,2026-06-25,20,25.9,0.0,12.1,7547.0,0.53,clear
WTH_00012981,2026-06-25,21,23.6,0.0,19.5,8400.0,0.3,clear
WTH_00012982,2026-06-25,22,23.9,0.0,13.9,9711.0,0.19,clear
WTH_00012983,2026-06-25,23,28.6,0.0,6.6,9103.0,0.43,clear
WTH_00012984,2026-06-26,0,28.1,0.0,5.6,11647.0,0.44,clear
WTH_00012985,2026-06-26,1,25.5,0.0,3.0,6512.0,0.43,clear
WTH_00012986,2026-06-26,2,30.8,0.0,12.5,6126.0,0.52,clear
WTH_00012987,2026-06-26,3,32.5,0.0,13.8,8938.0,0.29,clear
WTH_00012988,2026-06-26,4,32.0,0.0,4.0,6607.0,0.35,clear
WTH_00012989,2026-06-26,5,28.1,0.0,4.3,9774.0,0.47,clear
WTH_00012990,2026-06-26,6,33.1,0.0,7.4,7602.0,0.37,clear
WTH_00012991,2026-06-26,7,27.2,0.0,20.0,8636.0,0.25,clear
WTH_00012992,2026-06-26,8,30.5,0.0,6.2,11787.0,0.45,clear
WTH_00012993,2026-06-26,9,28.2,0.0,6.0,9012.0,0.16,clear
WTH_00012994,2026-06-26,10,23.5,0.0,14.3,6402.0,0.35,clear
WTH_00012995,2026-06-26,11,25.0,0.0,1.3,8119.0,0.41,clear
WTH_00012996,2026-06-26,12,24.6,0.0,14.0,9819.0,0.22,clear
WTH_00012997,2026-06-26,13,24.2,0.0,10.4,11532.0,0.14,clear
WTH_00012998,2026-06-26,14,22.6,0.0,0.4,7757.0,0.16,clear
WTH_00012999,2026-06-26,15,19.3,0.0,33.0,9325.0,0.64,cloudy
WTH_00013000,2026-06-26,16,21.0,0.0,0.8,10477.0,0.23,clear
WTH_00013001,2026-06-26,17,22.6,0.0,13.1,10213.0,0.19,clear
WTH_00013002,2026-06-26,18,21.6,0.0,4.4,8735.0,0.53,clear
WTH_00013003,2026-06-26,19,24.5,0.0,11.1,10191.0,0.15,clear
WTH_00013004,2026-06-26,20,25.5,0.0,6.5,10825.0,0.11,clear
WTH_00013005,2026-06-26,21,28.7,0.0,7.1,6823.0,0.25,clear
WTH_00013006,2026-06-26,22,25.3,0.0,6.1,11657.0,0.17,clear
WTH_00013007,2026-06-26,23,30.1,0.0,15.0,9082.0,0.19,clear
WTH_00013008,2026-06-27,0,26.9,0.0,2.9,11818.0,0.5,clear
WTH_00013009,2026-06-27,1,26.0,0.0,2.3,10995.0,0.32,clear
WTH_00013010,2026-06-27,2,28.4,0.0,14.0,9597.0,0.43,clear
WTH_00013011,2026-06-27,3,32.6,0.0,8.0,902.0,0.32,fog
WTH_00013012,2026-06-27,4,32.7,0.0,9.8,10281.0,0.53,clear
WTH_00013013,2026-06-27,5,26.5,0.0,6.9,11272.0,0.64,cloudy
WTH_00013014,2026-06-27,6,26.4,0.0,9.6,8685.0,0.17,clear
WTH_00013015,2026-06-27,7,26.9,0.0,5.1,11995.0,0.1,clear
WTH_00013016,2026-06-27,8,27.1,0.0,24.4,7518.0,0.3,clear
WTH_00013017,2026-06-27,9,27.4,0.0,22.6,11718.0,0.43,clear
WTH_00013018,2026-06-27,10,24.9,0.0,10.2,11742.0,0.38,clear
WTH_00013019,2026-06-27,11,24.9,5.65,5.9,3890.0,1.0,rain
WTH_00013020,2026-06-27,12,21.9,0.0,15.5,10575.0,0.35,clear
WTH_00013021,2026-06-27,13,23.6,0.0,26.1,8953.0,0.08,clear
WTH_00013022,2026-06-27,14,21.4,0.0,30.3,9878.0,0.22,clear
WTH_00013023,2026-06-27,15,22.8,0.0,3.2,10501.0,0.55,clear
WTH_00013024,2026-06-27,16,19.8,0.0,5.4,7832.0,0.56,clear
WTH_00013025,2026-06-27,17,22.6,0.0,39.5,10519.0,0.6,clear
WTH_00013026,2026-06-27,18,26.2,0.0,4.1,9703.0,0.23,clear
WTH_00013027,2026-06-27,19,23.4,0.0,1.3,10102.0,0.51,clear
WTH_00013028,2026-06-27,20,25.6,0.0,25.6,10148.0,0.39,clear
WTH_00013029,2026-06-27,21,26.3,0.0,26.7,9308.0,0.45,clear
WTH_00013030,2026-06-27,22,27.8,0.0,13.0,11031.0,0.52,clear
WTH_00013031,2026-06-27,23,26.4,0.0,16.4,7903.0,0.52,clear
WTH_00013032,2026-06-28,0,27.7,0.0,6.0,7535.0,0.08,clear
WTH_00013033,2026-06-28,1,31.6,0.0,4.1,9729.0,0.49,clear
WTH_00013034,2026-06-28,2,30.3,0.0,21.5,633.0,0.18,fog
WTH_00013035,2026-06-28,3,28.8,0.0,6.4,7352.0,0.49,clear
WTH_00013036,2026-06-28,4,28.8,0.0,40.3,10352.0,0.41,clear
WTH_00013037,2026-06-28,5,28.6,0.0,20.0,8670.0,0.13,clear
WTH_00013038,2026-06-28,6,25.5,0.0,3.5,10530.0,0.16,clear
WTH_00013039,2026-06-28,7,25.4,0.0,12.6,11433.0,0.33,clear
WTH_00013040,2026-06-28,8,27.6,0.0,8.1,7475.0,0.09,clear
WTH_00013041,2026-06-28,9,26.6,0.0,10.8,6619.0,0.23,clear
WTH_00013042,2026-06-28,10,24.9,0.0,6.1,10514.0,0.37,clear
WTH_00013043,2026-06-28,11,28.4,0.0,9.3,7669.0,0.09,clear
WTH_00013044,2026-06-28,12,21.9,0.0,25.0,8161.0,0.6,clear
WTH_00013045,2026-06-28,13,22.1,0.0,7.2,9163.0,0.47,clear
WTH_00013046,2026-06-28,14,24.7,0.0,7.5,7223.0,0.57,clear
WTH_00013047,2026-06-28,15,24.1,0.0,3.9,803.0,0.59,fog
WTH_00013048,2026-06-28,16,20.7,0.0,28.2,10733.0,0.43,clear
WTH_00013049,2026-06-28,17,23.3,0.0,11.2,11512.0,0.61,cloudy
WTH_00013050,2026-06-28,18,23.8,0.0,25.0,10072.0,0.2,clear
WTH_00013051,2026-06-28,19,26.2,0.0,17.1,11409.0,0.2,clear
WTH_00013052,2026-06-28,20,26.6,0.0,13.5,11773.0,0.4,clear
WTH_00013053,2026-06-28,21,23.5,0.0,27.0,10923.0,0.14,clear
WTH_00013054,2026-06-28,22,26.0,0.0,12.4,11074.0,0.54,clear
WTH_00013055,2026-06-28,23,28.7,0.0,5.8,10624.0,0.3,clear
WTH_00013056,2026-06-29,0,29.5,0.0,7.8,9836.0,0.33,clear
WTH_00013057,2026-06-29,1,30.0,0.0,5.7,9511.0,0.38,clear
WTH_00013058,2026-06-29,2,28.3,0.0,6.5,7165.0,0.46,clear
WTH_00013059,2026-06-29,3,28.4,0.0,2.2,6085.0,0.33,clear
WTH_00013060,2026-06-29,4,26.4,0.0,5.5,11548.0,0.22,clear
WTH_00013061,2026-06-29,5,32.6,0.0,2.3,6646.0,0.45,clear
WTH_00013062,2026-06-29,6,30.5,0.0,9.0,9357.0,0.11,clear
WTH_00013063,2026-06-29,7,25.9,0.0,0.6,7874.0,0.38,clear
WTH_00013064,2026-06-29,8,29.0,4.83,25.9,1377.0,0.95,rain
WTH_00013065,2026-06-29,9,24.9,0.0,34.8,10984.0,0.46,clear
WTH_00013066,2026-06-29,10,25.0,0.0,12.4,9011.0,0.29,clear
WTH_00013067,2026-06-29,11,24.1,0.0,6.4,10407.0,0.82,cloudy
WTH_00013068,2026-06-29,12,26.3,0.0,6.1,6578.0,0.32,clear
WTH_00013069,2026-06-29,13,23.2,0.0,7.6,11513.0,0.46,clear
WTH_00013070,2026-06-29,14,21.4,2.37,13.0,1264.0,0.5,rain
WTH_00013071,2026-06-29,15,15.9,0.0,3.4,7878.0,0.12,clear
WTH_00013072,2026-06-29,16,21.1,0.0,5.9,7230.0,0.26,clear
WTH_00013073,2026-06-29,17,23.4,0.0,6.1,11316.0,0.35,clear
WTH_00013074,2026-06-29,18,25.3,0.0,8.6,8565.0,0.43,clear
WTH_00013075,2026-06-29,19,24.5,0.0,9.7,7068.0,0.1,clear
WTH_00013076,2026-06-29,20,24.4,0.0,6.8,8964.0,0.46,clear
WTH_00013077,2026-06-29,21,23.1,0.0,7.5,11312.0,0.23,clear
WTH_00013078,2026-06-29,22,26.3,0.0,15.4,6105.0,0.25,clear
WTH_00013079,2026-06-29,23,26.9,0.0,15.2,6964.0,0.27,clear
WTH_00013080,2026-06-30,0,29.9,0.0,12.7,10988.0,0.33,clear
WTH_00013081,2026-06-30,1,31.1,0.0,4.1,6737.0,0.09,clear
WTH_00013082,2026-06-30,2,28.3,0.0,8.4,8663.0,0.12,clear
WTH_00013083,2026-06-30,3,33.4,0.0,11.8,6921.0,0.6,cloudy
WTH_00013084,2026-06-30,4,29.8,4.38,21.2,2403.0,0.53,rain
WTH_00013085,2026-06-30,5,27.6,0.0,2.1,9785.0,0.37,clear
WTH_00013086,2026-06-30,6,26.9,0.0,23.4,11580.0,0.4,clear
WTH_00013087,2026-06-30,7,30.7,0.0,6.3,6253.0,0.38,clear
WTH_00013088,2026-06-30,8,26.1,0.0,12.6,9977.0,0.47,clear
WTH_00013089,2026-06-30,9,23.2,0.0,8.9,9407.0,0.27,clear
WTH_00013090,2026-06-30,10,23.6,0.0,7.8,9853.0,0.37,clear
WTH_00013091,2026-06-30,11,22.2,0.0,9.3,6965.0,0.03,clear
WTH_00013092,2026-06-30,12,20.8,12.76,3.8,1015.0,0.8,rain
WTH_00013093,2026-06-30,13,21.1,0.0,32.2,8293.0,0.43,clear
WTH_00013094,2026-06-30,14,22.4,0.0,20.7,10100.0,0.21,clear
WTH_00013095,2026-06-30,15,21.2,0.0,21.7,10728.0,0.21,clear
WTH_00013096,2026-06-30,16,24.7,0.0,17.9,10555.0,0.1,clear
WTH_00013097,2026-06-30,17,26.1,0.0,13.5,8047.0,0.5,clear
WTH_00013098,2026-06-30,18,24.5,0.0,0.4,8387.0,0.44,clear
WTH_00013099,2026-06-30,19,24.8,0.0,7.8,10764.0,0.55,clear
WTH_00013100,2026-06-30,20,23.9,0.0,5.1,11399.0,0.07,clear
WTH_00013101,2026-06-30,21,27.1,0.0,13.3,11688.0,0.33,clear
WTH_00013102,2026-06-30,22,28.0,0.0,32.5,8002.0,0.18,clear
WTH_00013103,2026-06-30,23,27.9,0.0,16.0,9351.0,0.51,clear
